-- phpMyAdmin SQL Dump
-- version 5.2.1
-- https://www.phpmyadmin.net/
--
-- Host: 127.0.0.1
-- Generation Time: May 15, 2025 at 07:14 PM
-- Server version: 10.4.28-MariaDB
-- PHP Version: 8.2.4

SET SQL_MODE = "NO_AUTO_VALUE_ON_ZERO";
START TRANSACTION;
SET time_zone = "+00:00";


/*!40101 SET @OLD_CHARACTER_SET_CLIENT=@@CHARACTER_SET_CLIENT */;
/*!40101 SET @OLD_CHARACTER_SET_RESULTS=@@CHARACTER_SET_RESULTS */;
/*!40101 SET @OLD_COLLATION_CONNECTION=@@COLLATION_CONNECTION */;
/*!40101 SET NAMES utf8mb4 */;

--
-- Database: `missbuhi`
--

-- --------------------------------------------------------

--
-- Table structure for table `admins`
--

CREATE TABLE `admins` (
  `id` tinyint(3) UNSIGNED NOT NULL,
  `number` tinyint(3) UNSIGNED NOT NULL,
  `name` varchar(255) NOT NULL,
  `avatar` varchar(255) NOT NULL,
  `username` varchar(255) NOT NULL,
  `password` varchar(255) NOT NULL,
  `active_portion` varchar(255) DEFAULT NULL,
  `called_at` timestamp NULL DEFAULT NULL,
  `pinged_at` timestamp NULL DEFAULT NULL,
  `created_at` timestamp NOT NULL DEFAULT current_timestamp(),
  `updated_at` timestamp NOT NULL DEFAULT current_timestamp() ON UPDATE current_timestamp()
) ENGINE=InnoDB DEFAULT CHARSET=utf8mb4 COLLATE=utf8mb4_general_ci;

--
-- Dumping data for table `admins`
--

INSERT INTO `admins` (`id`, `number`, `name`, `avatar`, `username`, `password`, `active_portion`, `called_at`, `pinged_at`, `created_at`, `updated_at`) VALUES
(1, 1, 'DEVELOPMENT', 'no-avatar.jpg', 'admin', 'admin', NULL, NULL, '2025-05-15 17:14:28', '2023-02-19 07:36:32', '2025-05-15 17:14:28');

-- --------------------------------------------------------

--
-- Table structure for table `arrangements`
--

CREATE TABLE `arrangements` (
  `id` smallint(5) UNSIGNED NOT NULL,
  `event_id` smallint(5) UNSIGNED NOT NULL,
  `team_id` tinyint(3) UNSIGNED NOT NULL,
  `order` tinyint(3) UNSIGNED NOT NULL,
  `created_at` timestamp NOT NULL DEFAULT current_timestamp(),
  `updated_at` timestamp NOT NULL DEFAULT current_timestamp() ON UPDATE current_timestamp()
) ENGINE=InnoDB DEFAULT CHARSET=utf8mb4 COLLATE=utf8mb4_general_ci;

-- --------------------------------------------------------

--
-- Table structure for table `categories`
--

CREATE TABLE `categories` (
  `id` tinyint(3) UNSIGNED NOT NULL,
  `competition_id` tinyint(3) UNSIGNED NOT NULL,
  `slug` varchar(32) NOT NULL,
  `title` varchar(255) NOT NULL,
  `created_at` timestamp NOT NULL DEFAULT current_timestamp(),
  `updated_at` timestamp NOT NULL DEFAULT current_timestamp() ON UPDATE current_timestamp()
) ENGINE=InnoDB DEFAULT CHARSET=utf8mb4 COLLATE=utf8mb4_general_ci;

--
-- Dumping data for table `categories`
--

INSERT INTO `categories` (`id`, `competition_id`, `slug`, `title`, `created_at`, `updated_at`) VALUES
(1, 1, 'pre-pageant', 'Pre-Pageant', '2024-05-12 14:04:45', '2024-05-12 15:01:00'),
(2, 1, 'pageant-night', 'Pageant Night', '2023-04-06 13:25:10', '2024-05-12 15:01:02');

-- --------------------------------------------------------

--
-- Table structure for table `competitions`
--

CREATE TABLE `competitions` (
  `id` tinyint(3) UNSIGNED NOT NULL,
  `slug` varchar(32) NOT NULL,
  `title` varchar(255) NOT NULL,
  `created_at` timestamp NOT NULL DEFAULT current_timestamp(),
  `updated_at` timestamp NOT NULL DEFAULT current_timestamp() ON UPDATE current_timestamp()
) ENGINE=InnoDB DEFAULT CHARSET=utf8mb4 COLLATE=utf8mb4_general_ci;

--
-- Dumping data for table `competitions`
--

INSERT INTO `competitions` (`id`, `slug`, `title`, `created_at`, `updated_at`) VALUES
(1, 'missbuhi-2025', 'Miss Buhi 2025', '2024-04-06 13:24:04', '2025-05-15 14:39:57');

-- --------------------------------------------------------

--
-- Table structure for table `criteria`
--

CREATE TABLE `criteria` (
  `id` smallint(5) UNSIGNED NOT NULL,
  `event_id` smallint(5) UNSIGNED NOT NULL,
  `title` varchar(255) NOT NULL,
  `percentage` float UNSIGNED NOT NULL,
  `created_at` timestamp NOT NULL DEFAULT current_timestamp(),
  `updated_at` timestamp NOT NULL DEFAULT current_timestamp() ON UPDATE current_timestamp()
) ENGINE=InnoDB DEFAULT CHARSET=utf8mb4 COLLATE=utf8mb4_general_ci;

--
-- Dumping data for table `criteria`
--

INSERT INTO `criteria` (`id`, `event_id`, `title`, `percentage`, `created_at`, `updated_at`) VALUES
(1, 1, 'Intelligence (Relevance, Substance, Value to the Question Given, and Speaking Ability)', 40, '2024-05-12 15:34:44', '2024-05-12 15:34:44'),
(2, 1, 'Beauty of Face, Attractiveness, and Charm', 30, '2024-05-12 15:35:11', '2024-05-12 15:35:11'),
(3, 1, 'Form, Figure, and Physical Fitness', 30, '2024-05-12 15:35:34', '2024-05-12 15:35:34'),
(4, 2, 'Beauty of Face, Attractiveness, and Charm', 40, '2024-05-12 15:36:02', '2024-05-12 15:36:02'),
(5, 2, 'Stage Presence, Projection, Execution, and Mastery of Performance', 40, '2024-05-12 15:36:24', '2024-05-12 15:36:24'),
(6, 2, 'Self-Introduction and Overall Impression', 20, '2024-05-12 15:36:42', '2024-05-12 15:36:42'),
(7, 3, 'Beauty of Face, Attractiveness, and Charm', 30, '2024-05-12 15:37:10', '2025-05-15 14:46:49'),
(8, 3, 'Form, Figure, and Physical Fitness', 40, '2024-05-12 15:37:30', '2024-05-12 15:37:30'),
(9, 3, 'Stage Presence, Confidence, Drive, Energy, Charisma, Expression, and Overall Impression', 30, '2024-05-12 15:38:10', '2024-05-12 15:38:10'),
(10, 4, 'Beauty of Face, Attractiveness, and Charm', 40, '2024-05-12 15:38:57', '2024-05-12 15:38:57'),
(11, 4, 'Appropriateness of Attire, and Sense of Style', 30, '2024-05-12 15:39:20', '2025-05-15 14:47:15'),
(12, 4, 'Walk, Poise, Projection, Posture, Carriage, Dignity, Grace, Elegance, and Overall Impression', 30, '2024-05-12 15:40:03', '2025-05-15 14:47:30'),
(13, 5, 'Relevance, Substance, Value to the Question Given and Speaking Ability', 40, '2024-05-12 15:42:41', '2024-05-12 15:42:41'),
(14, 5, 'Confidence and Poise under Pressure', 30, '2024-05-12 15:43:00', '2024-05-12 15:43:00'),
(15, 5, 'Beauty of Face, Form, Figure and Physical Fitness', 30, '2024-05-12 15:43:23', '2024-05-12 15:43:23'),
(16, 6, 'Intelligence (Relevance, Substance, Value to the Question Given and Speaking Ability)', 40, '2024-05-12 15:44:10', '2025-05-15 14:48:14'),
(17, 6, 'Beauty (Face, Form, Figure and Physical Fitness)', 60, '2024-05-12 15:44:34', '2025-05-15 14:48:22');

-- --------------------------------------------------------

--
-- Table structure for table `deductions`
--

CREATE TABLE `deductions` (
  `id` mediumint(8) UNSIGNED NOT NULL,
  `technical_id` tinyint(3) UNSIGNED NOT NULL,
  `event_id` smallint(5) UNSIGNED NOT NULL,
  `team_id` tinyint(3) UNSIGNED NOT NULL,
  `value` float UNSIGNED NOT NULL DEFAULT 0,
  `is_locked` tinyint(1) NOT NULL DEFAULT 0,
  `created_at` timestamp NOT NULL DEFAULT current_timestamp(),
  `updated_at` timestamp NOT NULL DEFAULT current_timestamp() ON UPDATE current_timestamp()
) ENGINE=InnoDB DEFAULT CHARSET=utf8mb4 COLLATE=utf8mb4_general_ci;

-- --------------------------------------------------------

--
-- Table structure for table `eliminations`
--

CREATE TABLE `eliminations` (
  `id` mediumint(9) NOT NULL,
  `event_id` smallint(5) UNSIGNED NOT NULL,
  `team_id` tinyint(3) UNSIGNED NOT NULL,
  `created_at` timestamp NOT NULL DEFAULT current_timestamp(),
  `updated_at` timestamp NOT NULL DEFAULT current_timestamp() ON UPDATE current_timestamp()
) ENGINE=InnoDB DEFAULT CHARSET=utf8mb4 COLLATE=utf8mb4_general_ci;

--
-- Dumping data for table `eliminations`
--

INSERT INTO `eliminations` (`id`, `event_id`, `team_id`, `created_at`, `updated_at`) VALUES
(1, 5, 1, '2024-05-13 13:54:45', '2024-05-13 15:44:56'),
(2, 5, 2, '2024-05-13 13:54:46', '2024-05-13 15:44:58'),
(3, 5, 3, '2024-05-13 13:54:46', '2024-05-13 15:45:00'),
(4, 5, 4, '2024-05-13 13:54:47', '2024-05-13 15:45:01'),
(5, 5, 5, '2024-05-13 13:54:47', '2024-05-13 15:45:03'),
(6, 5, 6, '2024-05-13 13:54:48', '2024-05-13 15:45:06'),
(7, 5, 7, '2024-05-13 13:54:48', '2024-05-13 15:45:08'),
(8, 5, 8, '2024-05-13 13:54:49', '2024-05-13 15:45:10'),
(9, 5, 9, '2024-05-13 13:54:50', '2024-05-13 15:45:12'),
(10, 5, 10, '2024-05-13 13:54:50', '2024-05-13 15:45:14'),
(11, 5, 11, '2024-05-13 13:54:51', '2024-05-13 15:45:17'),
(12, 5, 12, '2024-05-13 13:54:51', '2024-05-13 15:45:19'),
(13, 5, 13, '2024-05-13 13:54:52', '2024-05-13 15:45:22'),
(14, 5, 14, '2024-05-13 13:54:53', '2024-05-13 15:45:24'),
(15, 5, 15, '2024-05-13 13:54:53', '2024-05-13 15:45:26'),
(16, 5, 16, '2024-05-13 13:54:54', '2024-05-13 15:45:27'),
(17, 5, 17, '2024-05-13 13:54:55', '2024-05-13 15:45:29'),
(18, 5, 18, '2024-05-13 13:54:55', '2024-05-13 15:45:32'),
(19, 5, 19, '2024-05-13 13:54:56', '2024-05-13 15:45:34'),
(20, 5, 20, '2024-05-13 13:54:56', '2024-05-13 15:45:36'),
(21, 6, 1, '2024-05-13 13:54:58', '2024-05-13 15:45:38'),
(22, 6, 2, '2024-05-13 13:54:58', '2024-05-13 15:45:40'),
(23, 6, 3, '2024-05-13 13:54:59', '2024-05-13 15:45:42'),
(24, 6, 4, '2024-05-13 13:54:59', '2024-05-13 15:45:43'),
(25, 6, 5, '2024-05-13 13:54:59', '2024-05-13 15:45:47'),
(26, 6, 6, '2024-05-13 13:55:00', '2024-05-13 15:45:49'),
(27, 6, 7, '2024-05-13 13:55:00', '2024-05-13 15:45:52'),
(28, 6, 8, '2024-05-13 13:55:01', '2024-05-13 15:45:54'),
(29, 6, 9, '2024-05-13 13:55:02', '2024-05-13 15:45:56'),
(30, 6, 10, '2024-05-13 13:55:02', '2024-05-13 15:45:58'),
(31, 6, 11, '2024-05-13 13:55:03', '2024-05-13 15:46:01'),
(32, 6, 12, '2024-05-13 13:55:03', '2024-05-13 15:46:02'),
(33, 6, 13, '2024-05-13 13:55:04', '2024-05-13 15:46:04'),
(34, 6, 14, '2024-05-13 13:55:04', '2024-05-13 15:46:05'),
(35, 6, 15, '2024-05-13 13:55:04', '2024-05-13 15:46:07'),
(36, 6, 16, '2024-05-13 13:55:06', '2024-05-13 15:46:10'),
(37, 6, 17, '2024-05-13 13:55:06', '2024-05-13 15:46:12'),
(38, 6, 18, '2024-05-13 13:55:06', '2024-05-13 15:46:14'),
(39, 6, 19, '2024-05-13 13:55:07', '2024-05-13 15:46:16'),
(40, 6, 20, '2024-05-13 13:55:07', '2024-05-13 15:46:19');

-- --------------------------------------------------------

--
-- Table structure for table `events`
--

CREATE TABLE `events` (
  `id` smallint(5) UNSIGNED NOT NULL,
  `category_id` tinyint(3) UNSIGNED NOT NULL,
  `slug` varchar(32) NOT NULL,
  `title` varchar(255) NOT NULL,
  `created_at` timestamp NOT NULL DEFAULT current_timestamp(),
  `updated_at` timestamp NOT NULL DEFAULT current_timestamp() ON UPDATE current_timestamp()
) ENGINE=InnoDB DEFAULT CHARSET=utf8mb4 COLLATE=utf8mb4_general_ci;

--
-- Dumping data for table `events`
--

INSERT INTO `events` (`id`, `category_id`, `slug`, `title`, `created_at`, `updated_at`) VALUES
(1, 1, 'close-door-interview', 'Closed Door Interview', '2024-05-12 15:26:37', '2024-05-12 15:26:37'),
(2, 2, 'production-number', 'Production Number', '2024-05-12 15:27:06', '2024-05-12 15:27:06'),
(3, 2, 'swimsuit-competition', 'Swimsuit', '2024-05-12 15:27:33', '2024-05-12 15:27:33'),
(4, 2, 'evening-gown-competition', 'Evening Gown', '2024-05-12 15:27:49', '2024-05-12 15:27:49'),
(5, 2, 'top10-finalists-qa', 'Top 10 Finalists Q&A', '2024-05-12 15:31:15', '2025-05-15 17:11:19'),
(6, 2, 'magic5-finalists-qa', 'Magic 5 Finalists Q&A', '2024-05-12 15:31:29', '2025-05-15 17:11:27');

-- --------------------------------------------------------

--
-- Table structure for table `judges`
--

CREATE TABLE `judges` (
  `id` tinyint(3) UNSIGNED NOT NULL,
  `number` tinyint(3) UNSIGNED NOT NULL,
  `name` varchar(255) NOT NULL,
  `avatar` varchar(255) DEFAULT NULL,
  `username` varchar(255) NOT NULL,
  `password` varchar(255) NOT NULL,
  `active_portion` varchar(255) DEFAULT NULL,
  `called_at` timestamp NULL DEFAULT NULL,
  `pinged_at` timestamp NULL DEFAULT NULL,
  `created_at` timestamp NOT NULL DEFAULT current_timestamp(),
  `updated_at` timestamp NOT NULL DEFAULT current_timestamp() ON UPDATE current_timestamp()
) ENGINE=InnoDB DEFAULT CHARSET=utf8mb4 COLLATE=utf8mb4_general_ci;

--
-- Dumping data for table `judges`
--

INSERT INTO `judges` (`id`, `number`, `name`, `avatar`, `username`, `password`, `active_portion`, `called_at`, `pinged_at`, `created_at`, `updated_at`) VALUES
(1, 1, 'Judge 01', 'no-avatar.jpg', 'judge01', 'judge01', NULL, NULL, NULL, '2023-04-06 13:58:11', '2025-05-15 17:14:21'),
(2, 2, 'Judge 02', 'no-avatar.jpg', 'judge02', 'judge02', NULL, NULL, NULL, '2023-04-06 13:58:28', '2023-04-06 13:58:28'),
(3, 3, 'Judge 03', 'no-avatar.jpg', 'judge03', 'judge03', NULL, NULL, NULL, '2023-04-06 13:58:42', '2023-04-06 13:58:42'),
(4, 4, 'Judge 04', 'no-avatar.jpg', 'judge04', 'judge04', NULL, NULL, NULL, '2023-04-06 13:59:26', '2023-04-06 13:59:26'),
(5, 5, 'Judge 05', 'no-avatar.jpg', 'judge05', 'judge05', NULL, NULL, NULL, '2023-04-06 14:00:00', '2023-04-06 14:00:00'),
(6, 6, 'Judge 06', 'no-avatar.jpg', 'judge06', 'judge06', NULL, NULL, NULL, '2024-05-13 13:49:13', '2024-05-13 13:49:13'),
(7, 7, 'Judge 07', 'no-avatar.jpg', 'judge07', 'judge07', NULL, NULL, NULL, '2024-05-13 13:49:30', '2024-05-13 13:49:30'),
(8, 8, 'Judge 08', 'no-avatar.jpg', 'judge08', 'judge08', NULL, NULL, NULL, '2024-05-21 05:57:36', '2024-05-21 05:57:36');

-- --------------------------------------------------------

--
-- Table structure for table `judge_event`
--

CREATE TABLE `judge_event` (
  `id` tinyint(3) UNSIGNED NOT NULL,
  `judge_id` tinyint(3) UNSIGNED NOT NULL,
  `event_id` smallint(5) UNSIGNED NOT NULL,
  `is_chairman` tinyint(1) NOT NULL DEFAULT 0,
  `active_team_id` tinyint(3) UNSIGNED NOT NULL,
  `has_active_team` tinyint(1) NOT NULL DEFAULT 0,
  `created_at` timestamp NOT NULL DEFAULT current_timestamp(),
  `updated_at` timestamp NOT NULL DEFAULT current_timestamp() ON UPDATE current_timestamp()
) ENGINE=InnoDB DEFAULT CHARSET=utf8mb4 COLLATE=utf8mb4_general_ci;

--
-- Dumping data for table `judge_event`
--

INSERT INTO `judge_event` (`id`, `judge_id`, `event_id`, `is_chairman`, `active_team_id`, `has_active_team`, `created_at`, `updated_at`) VALUES
(1, 1, 1, 0, 1, 0, '2024-05-13 13:49:50', '2024-05-13 15:47:00'),
(2, 1, 2, 0, 1, 0, '2024-05-13 13:51:36', '2024-05-13 15:47:02'),
(3, 1, 3, 0, 1, 0, '2024-05-13 13:51:39', '2024-05-13 15:47:04'),
(4, 1, 4, 0, 1, 0, '2024-05-13 13:51:42', '2024-05-13 15:47:06'),
(5, 1, 5, 0, 1, 0, '2024-05-13 13:51:46', '2024-05-13 15:47:07'),
(6, 1, 6, 0, 1, 0, '2024-05-13 13:51:49', '2024-05-13 15:47:09'),
(7, 2, 1, 0, 1, 0, '2024-05-13 13:51:55', '2024-05-13 15:47:10'),
(8, 2, 2, 0, 1, 0, '2024-05-13 13:51:59', '2024-05-13 15:47:12'),
(9, 2, 3, 0, 1, 0, '2024-05-13 13:52:02', '2024-05-13 15:47:14'),
(10, 2, 4, 0, 1, 0, '2024-05-13 13:52:05', '2024-05-13 15:47:16'),
(11, 2, 5, 0, 1, 0, '2024-05-13 13:52:08', '2024-05-13 15:47:17'),
(12, 2, 6, 0, 1, 0, '2024-05-13 13:52:11', '2024-05-13 15:47:19'),
(13, 3, 1, 0, 1, 0, '2024-05-13 13:52:17', '2024-05-13 15:47:22'),
(14, 3, 2, 0, 1, 0, '2024-05-13 13:52:20', '2024-05-13 15:47:23'),
(15, 3, 3, 0, 1, 0, '2024-05-13 13:52:24', '2024-05-13 15:47:25'),
(16, 3, 4, 0, 1, 0, '2024-05-13 13:52:27', '2024-05-13 15:47:27'),
(17, 3, 5, 0, 1, 0, '2024-05-13 13:52:30', '2024-05-13 15:47:28'),
(18, 3, 6, 0, 1, 0, '2024-05-13 13:52:33', '2024-05-13 15:47:30'),
(19, 4, 1, 0, 1, 0, '2024-05-13 13:52:47', '2024-05-13 15:47:32'),
(20, 4, 2, 0, 1, 0, '2024-05-13 13:52:52', '2024-05-13 15:47:34'),
(21, 4, 3, 0, 1, 0, '2024-05-13 13:52:55', '2024-05-13 15:47:36'),
(22, 4, 4, 0, 1, 0, '2024-05-13 13:52:58', '2024-05-13 15:47:38'),
(23, 4, 5, 0, 1, 0, '2024-05-13 13:53:01', '2024-05-13 15:47:40'),
(24, 4, 6, 0, 1, 0, '2024-05-13 13:53:04', '2024-05-13 15:47:42'),
(25, 5, 1, 0, 1, 0, '2024-05-13 13:53:16', '2024-05-13 15:47:44'),
(26, 5, 2, 0, 1, 0, '2024-05-13 13:53:20', '2024-05-13 15:47:46'),
(27, 5, 3, 0, 1, 0, '2024-05-13 13:53:23', '2024-05-13 15:47:48'),
(28, 5, 4, 0, 1, 0, '2024-05-13 13:53:26', '2024-05-13 15:47:50'),
(29, 5, 5, 0, 1, 0, '2024-05-13 13:53:29', '2024-05-13 15:47:52'),
(30, 5, 6, 0, 1, 0, '2024-05-13 13:53:32', '2024-05-13 15:47:54'),
(31, 6, 1, 0, 1, 0, '2024-05-13 13:53:38', '2024-05-13 15:47:56'),
(32, 6, 2, 0, 1, 0, '2024-05-13 13:53:42', '2024-05-13 15:47:58'),
(33, 6, 3, 0, 1, 0, '2024-05-13 13:53:45', '2024-05-13 15:48:00'),
(34, 6, 4, 0, 1, 0, '2024-05-13 13:53:48', '2024-05-13 15:48:01'),
(35, 6, 5, 0, 1, 0, '2024-05-13 13:53:51', '2024-05-13 15:48:04'),
(36, 6, 6, 0, 1, 0, '2024-05-13 13:53:54', '2024-05-13 15:48:06'),
(37, 7, 1, 0, 1, 0, '2024-05-13 13:54:03', '2024-05-13 15:48:09'),
(38, 7, 2, 0, 1, 0, '2024-05-13 13:54:07', '2024-05-13 15:48:12'),
(39, 7, 3, 0, 1, 0, '2024-05-13 13:54:10', '2024-05-13 15:48:14'),
(40, 7, 4, 0, 1, 0, '2024-05-13 13:54:13', '2024-05-13 15:48:20'),
(41, 7, 5, 0, 1, 0, '2024-05-13 13:54:16', '2024-05-13 15:48:23'),
(42, 7, 6, 0, 1, 0, '2024-05-13 13:54:19', '2024-05-13 15:48:26'),
(43, 8, 1, 0, 1, 0, '2024-05-21 05:57:45', '2024-05-21 05:57:45'),
(44, 8, 2, 0, 1, 0, '2024-05-21 05:57:49', '2024-05-21 05:57:49'),
(45, 8, 3, 0, 1, 0, '2024-05-21 05:57:53', '2024-05-21 05:57:53'),
(46, 8, 4, 0, 1, 0, '2024-05-21 05:57:57', '2024-05-21 05:57:57'),
(47, 8, 5, 0, 1, 0, '2024-05-21 05:58:01', '2024-05-21 05:58:01'),
(48, 8, 6, 0, 1, 0, '2024-05-21 05:58:04', '2024-05-21 05:58:04');

-- --------------------------------------------------------

--
-- Table structure for table `noshows`
--

CREATE TABLE `noshows` (
  `id` smallint(5) UNSIGNED NOT NULL,
  `event_id` smallint(5) UNSIGNED NOT NULL,
  `team_id` tinyint(3) UNSIGNED NOT NULL,
  `created_at` timestamp NOT NULL DEFAULT current_timestamp(),
  `updated_at` timestamp NOT NULL DEFAULT current_timestamp() ON UPDATE current_timestamp()
) ENGINE=InnoDB DEFAULT CHARSET=utf8mb4 COLLATE=utf8mb4_general_ci;

-- --------------------------------------------------------

--
-- Table structure for table `participants`
--

CREATE TABLE `participants` (
  `id` smallint(5) UNSIGNED NOT NULL,
  `team_id` tinyint(3) UNSIGNED NOT NULL,
  `event_id` smallint(5) UNSIGNED NOT NULL,
  `number` smallint(5) UNSIGNED NOT NULL,
  `first_name` varchar(255) NOT NULL,
  `middle_name` varchar(255) DEFAULT NULL,
  `last_name` varchar(255) NOT NULL,
  `gender` enum('male','female') NOT NULL,
  `avatar` varchar(255) DEFAULT NULL,
  `created_at` timestamp NOT NULL DEFAULT current_timestamp(),
  `updated_at` timestamp NOT NULL DEFAULT current_timestamp() ON UPDATE current_timestamp()
) ENGINE=InnoDB DEFAULT CHARSET=utf8mb4 COLLATE=utf8mb4_general_ci;

-- --------------------------------------------------------

--
-- Table structure for table `points`
--

CREATE TABLE `points` (
  `id` smallint(5) UNSIGNED NOT NULL,
  `event_id` smallint(5) UNSIGNED NOT NULL,
  `rank` tinyint(3) UNSIGNED NOT NULL,
  `value` float UNSIGNED NOT NULL,
  `created_at` timestamp NOT NULL DEFAULT current_timestamp(),
  `updated_at` timestamp NOT NULL DEFAULT current_timestamp() ON UPDATE current_timestamp()
) ENGINE=InnoDB DEFAULT CHARSET=utf8mb4 COLLATE=utf8mb4_general_ci;

-- --------------------------------------------------------

--
-- Table structure for table `ratings`
--

CREATE TABLE `ratings` (
  `id` mediumint(8) UNSIGNED NOT NULL,
  `judge_id` tinyint(3) UNSIGNED NOT NULL,
  `criteria_id` smallint(5) UNSIGNED NOT NULL,
  `team_id` tinyint(3) UNSIGNED NOT NULL,
  `value` float UNSIGNED NOT NULL DEFAULT 0,
  `is_locked` tinyint(1) NOT NULL DEFAULT 0,
  `created_at` timestamp NOT NULL DEFAULT current_timestamp(),
  `updated_at` timestamp NOT NULL DEFAULT current_timestamp() ON UPDATE current_timestamp()
) ENGINE=InnoDB DEFAULT CHARSET=utf8mb4 COLLATE=utf8mb4_general_ci;

--
-- Dumping data for table `ratings`
--

INSERT INTO `ratings` (`id`, `judge_id`, `criteria_id`, `team_id`, `value`, `is_locked`, `created_at`, `updated_at`) VALUES
(1, 1, 1, 1, 0, 0, '2025-05-15 14:37:33', '2025-05-15 14:37:33'),
(2, 1, 2, 1, 0, 0, '2025-05-15 14:37:33', '2025-05-15 14:37:33'),
(3, 1, 3, 1, 0, 0, '2025-05-15 14:37:33', '2025-05-15 14:37:33'),
(4, 1, 1, 2, 0, 0, '2025-05-15 14:37:33', '2025-05-15 14:37:33'),
(5, 1, 2, 2, 0, 0, '2025-05-15 14:37:33', '2025-05-15 14:37:33'),
(6, 1, 3, 2, 0, 0, '2025-05-15 14:37:33', '2025-05-15 14:37:33'),
(7, 1, 1, 3, 0, 0, '2025-05-15 14:37:33', '2025-05-15 14:37:33'),
(8, 1, 2, 3, 0, 0, '2025-05-15 14:37:33', '2025-05-15 14:37:33'),
(9, 1, 3, 3, 0, 0, '2025-05-15 14:37:33', '2025-05-15 14:37:33'),
(10, 1, 1, 4, 0, 0, '2025-05-15 14:37:33', '2025-05-15 14:37:33'),
(11, 1, 2, 4, 0, 0, '2025-05-15 14:37:33', '2025-05-15 14:37:33'),
(12, 1, 3, 4, 0, 0, '2025-05-15 14:37:33', '2025-05-15 14:37:33'),
(13, 1, 1, 5, 0, 0, '2025-05-15 14:37:33', '2025-05-15 14:37:33'),
(14, 1, 2, 5, 0, 0, '2025-05-15 14:37:33', '2025-05-15 14:37:33'),
(15, 1, 3, 5, 0, 0, '2025-05-15 14:37:33', '2025-05-15 14:37:33'),
(16, 1, 1, 6, 0, 0, '2025-05-15 14:37:33', '2025-05-15 14:37:33'),
(17, 1, 2, 6, 0, 0, '2025-05-15 14:37:33', '2025-05-15 14:37:33'),
(18, 1, 3, 6, 0, 0, '2025-05-15 14:37:33', '2025-05-15 14:37:33'),
(19, 1, 1, 7, 0, 0, '2025-05-15 14:37:33', '2025-05-15 14:37:33'),
(20, 1, 2, 7, 0, 0, '2025-05-15 14:37:33', '2025-05-15 14:37:33'),
(21, 1, 3, 7, 0, 0, '2025-05-15 14:37:33', '2025-05-15 14:37:33'),
(22, 1, 1, 8, 0, 0, '2025-05-15 14:37:33', '2025-05-15 14:37:33'),
(23, 1, 2, 8, 0, 0, '2025-05-15 14:37:33', '2025-05-15 14:37:33'),
(24, 1, 3, 8, 0, 0, '2025-05-15 14:37:33', '2025-05-15 14:37:33'),
(25, 1, 1, 9, 0, 0, '2025-05-15 14:37:33', '2025-05-15 14:37:33'),
(26, 1, 2, 9, 0, 0, '2025-05-15 14:37:33', '2025-05-15 14:37:33'),
(27, 1, 3, 9, 0, 0, '2025-05-15 14:37:33', '2025-05-15 14:37:33'),
(28, 1, 1, 10, 0, 0, '2025-05-15 14:37:33', '2025-05-15 14:37:33'),
(29, 1, 2, 10, 0, 0, '2025-05-15 14:37:33', '2025-05-15 14:37:33'),
(30, 1, 3, 10, 0, 0, '2025-05-15 14:37:33', '2025-05-15 14:37:33'),
(31, 1, 1, 11, 0, 0, '2025-05-15 14:37:33', '2025-05-15 14:37:33'),
(32, 1, 2, 11, 0, 0, '2025-05-15 14:37:33', '2025-05-15 14:37:33'),
(33, 1, 3, 11, 0, 0, '2025-05-15 14:37:33', '2025-05-15 14:37:33'),
(34, 1, 1, 12, 0, 0, '2025-05-15 14:37:33', '2025-05-15 14:37:33'),
(35, 1, 2, 12, 0, 0, '2025-05-15 14:37:33', '2025-05-15 14:37:33'),
(36, 1, 3, 12, 0, 0, '2025-05-15 14:37:33', '2025-05-15 14:37:33'),
(37, 1, 1, 13, 0, 0, '2025-05-15 14:37:33', '2025-05-15 14:37:33'),
(38, 1, 2, 13, 0, 0, '2025-05-15 14:37:33', '2025-05-15 14:37:33'),
(39, 1, 3, 13, 0, 0, '2025-05-15 14:37:33', '2025-05-15 14:37:33'),
(40, 1, 1, 14, 0, 0, '2025-05-15 14:37:33', '2025-05-15 14:37:33'),
(41, 1, 2, 14, 0, 0, '2025-05-15 14:37:33', '2025-05-15 14:37:33'),
(42, 1, 3, 14, 0, 0, '2025-05-15 14:37:33', '2025-05-15 14:37:33'),
(43, 1, 1, 15, 0, 0, '2025-05-15 14:37:33', '2025-05-15 14:37:33'),
(44, 1, 2, 15, 0, 0, '2025-05-15 14:37:33', '2025-05-15 14:37:33'),
(45, 1, 3, 15, 0, 0, '2025-05-15 14:37:33', '2025-05-15 14:37:33'),
(46, 1, 1, 16, 0, 0, '2025-05-15 14:37:33', '2025-05-15 14:37:33'),
(47, 1, 2, 16, 0, 0, '2025-05-15 14:37:33', '2025-05-15 14:37:33'),
(48, 1, 3, 16, 0, 0, '2025-05-15 14:37:33', '2025-05-15 14:37:33'),
(49, 1, 1, 17, 0, 0, '2025-05-15 14:37:33', '2025-05-15 14:37:33'),
(50, 1, 2, 17, 0, 0, '2025-05-15 14:37:33', '2025-05-15 14:37:33'),
(51, 1, 3, 17, 0, 0, '2025-05-15 14:37:33', '2025-05-15 14:37:33'),
(52, 1, 1, 18, 0, 0, '2025-05-15 14:37:33', '2025-05-15 14:37:33'),
(53, 1, 2, 18, 0, 0, '2025-05-15 14:37:33', '2025-05-15 14:37:33'),
(54, 1, 3, 18, 0, 0, '2025-05-15 14:37:33', '2025-05-15 14:37:33'),
(55, 1, 1, 19, 0, 0, '2025-05-15 14:37:33', '2025-05-15 14:37:33'),
(56, 1, 2, 19, 0, 0, '2025-05-15 14:37:33', '2025-05-15 14:37:33'),
(57, 1, 3, 19, 0, 0, '2025-05-15 14:37:33', '2025-05-15 14:37:33'),
(58, 1, 1, 20, 0, 0, '2025-05-15 14:37:34', '2025-05-15 14:37:34'),
(59, 1, 2, 20, 0, 0, '2025-05-15 14:37:34', '2025-05-15 14:37:34'),
(60, 1, 3, 20, 0, 0, '2025-05-15 14:37:34', '2025-05-15 14:37:34'),
(61, 2, 1, 1, 0, 0, '2025-05-15 14:37:34', '2025-05-15 14:37:34'),
(62, 2, 2, 1, 0, 0, '2025-05-15 14:37:34', '2025-05-15 14:37:34'),
(63, 2, 3, 1, 0, 0, '2025-05-15 14:37:34', '2025-05-15 14:37:34'),
(64, 2, 1, 2, 0, 0, '2025-05-15 14:37:34', '2025-05-15 14:37:34'),
(65, 2, 2, 2, 0, 0, '2025-05-15 14:37:34', '2025-05-15 14:37:34'),
(66, 2, 3, 2, 0, 0, '2025-05-15 14:37:34', '2025-05-15 14:37:34'),
(67, 2, 1, 3, 0, 0, '2025-05-15 14:37:34', '2025-05-15 14:37:34'),
(68, 2, 2, 3, 0, 0, '2025-05-15 14:37:34', '2025-05-15 14:37:34'),
(69, 2, 3, 3, 0, 0, '2025-05-15 14:37:34', '2025-05-15 14:37:34'),
(70, 2, 1, 4, 0, 0, '2025-05-15 14:37:34', '2025-05-15 14:37:34'),
(71, 2, 2, 4, 0, 0, '2025-05-15 14:37:34', '2025-05-15 14:37:34'),
(72, 2, 3, 4, 0, 0, '2025-05-15 14:37:34', '2025-05-15 14:37:34'),
(73, 2, 1, 5, 0, 0, '2025-05-15 14:37:34', '2025-05-15 14:37:34'),
(74, 2, 2, 5, 0, 0, '2025-05-15 14:37:34', '2025-05-15 14:37:34'),
(75, 2, 3, 5, 0, 0, '2025-05-15 14:37:34', '2025-05-15 14:37:34'),
(76, 2, 1, 6, 0, 0, '2025-05-15 14:37:34', '2025-05-15 14:37:34'),
(77, 2, 2, 6, 0, 0, '2025-05-15 14:37:34', '2025-05-15 14:37:34'),
(78, 2, 3, 6, 0, 0, '2025-05-15 14:37:34', '2025-05-15 14:37:34'),
(79, 2, 1, 7, 0, 0, '2025-05-15 14:37:34', '2025-05-15 14:37:34'),
(80, 2, 2, 7, 0, 0, '2025-05-15 14:37:34', '2025-05-15 14:37:34'),
(81, 2, 3, 7, 0, 0, '2025-05-15 14:37:34', '2025-05-15 14:37:34'),
(82, 2, 1, 8, 0, 0, '2025-05-15 14:37:34', '2025-05-15 14:37:34'),
(83, 2, 2, 8, 0, 0, '2025-05-15 14:37:34', '2025-05-15 14:37:34'),
(84, 2, 3, 8, 0, 0, '2025-05-15 14:37:34', '2025-05-15 14:37:34'),
(85, 2, 1, 9, 0, 0, '2025-05-15 14:37:34', '2025-05-15 14:37:34'),
(86, 2, 2, 9, 0, 0, '2025-05-15 14:37:34', '2025-05-15 14:37:34'),
(87, 2, 3, 9, 0, 0, '2025-05-15 14:37:34', '2025-05-15 14:37:34'),
(88, 2, 1, 10, 0, 0, '2025-05-15 14:37:34', '2025-05-15 14:37:34'),
(89, 2, 2, 10, 0, 0, '2025-05-15 14:37:34', '2025-05-15 14:37:34'),
(90, 2, 3, 10, 0, 0, '2025-05-15 14:37:34', '2025-05-15 14:37:34'),
(91, 2, 1, 11, 0, 0, '2025-05-15 14:37:34', '2025-05-15 14:37:34'),
(92, 2, 2, 11, 0, 0, '2025-05-15 14:37:34', '2025-05-15 14:37:34'),
(93, 2, 3, 11, 0, 0, '2025-05-15 14:37:34', '2025-05-15 14:37:34'),
(94, 2, 1, 12, 0, 0, '2025-05-15 14:37:34', '2025-05-15 14:37:34'),
(95, 2, 2, 12, 0, 0, '2025-05-15 14:37:34', '2025-05-15 14:37:34'),
(96, 2, 3, 12, 0, 0, '2025-05-15 14:37:34', '2025-05-15 14:37:34'),
(97, 2, 1, 13, 0, 0, '2025-05-15 14:37:34', '2025-05-15 14:37:34'),
(98, 2, 2, 13, 0, 0, '2025-05-15 14:37:34', '2025-05-15 14:37:34'),
(99, 2, 3, 13, 0, 0, '2025-05-15 14:37:34', '2025-05-15 14:37:34'),
(100, 2, 1, 14, 0, 0, '2025-05-15 14:37:34', '2025-05-15 14:37:34'),
(101, 2, 2, 14, 0, 0, '2025-05-15 14:37:34', '2025-05-15 14:37:34'),
(102, 2, 3, 14, 0, 0, '2025-05-15 14:37:34', '2025-05-15 14:37:34'),
(103, 2, 1, 15, 0, 0, '2025-05-15 14:37:34', '2025-05-15 14:37:34'),
(104, 2, 2, 15, 0, 0, '2025-05-15 14:37:34', '2025-05-15 14:37:34'),
(105, 2, 3, 15, 0, 0, '2025-05-15 14:37:34', '2025-05-15 14:37:34'),
(106, 2, 1, 16, 0, 0, '2025-05-15 14:37:34', '2025-05-15 14:37:34'),
(107, 2, 2, 16, 0, 0, '2025-05-15 14:37:34', '2025-05-15 14:37:34'),
(108, 2, 3, 16, 0, 0, '2025-05-15 14:37:34', '2025-05-15 14:37:34'),
(109, 2, 1, 17, 0, 0, '2025-05-15 14:37:34', '2025-05-15 14:37:34'),
(110, 2, 2, 17, 0, 0, '2025-05-15 14:37:34', '2025-05-15 14:37:34'),
(111, 2, 3, 17, 0, 0, '2025-05-15 14:37:34', '2025-05-15 14:37:34'),
(112, 2, 1, 18, 0, 0, '2025-05-15 14:37:34', '2025-05-15 14:37:34'),
(113, 2, 2, 18, 0, 0, '2025-05-15 14:37:34', '2025-05-15 14:37:34'),
(114, 2, 3, 18, 0, 0, '2025-05-15 14:37:34', '2025-05-15 14:37:34'),
(115, 2, 1, 19, 0, 0, '2025-05-15 14:37:34', '2025-05-15 14:37:34'),
(116, 2, 2, 19, 0, 0, '2025-05-15 14:37:34', '2025-05-15 14:37:34'),
(117, 2, 3, 19, 0, 0, '2025-05-15 14:37:34', '2025-05-15 14:37:34'),
(118, 2, 1, 20, 0, 0, '2025-05-15 14:37:34', '2025-05-15 14:37:34'),
(119, 2, 2, 20, 0, 0, '2025-05-15 14:37:34', '2025-05-15 14:37:34'),
(120, 2, 3, 20, 0, 0, '2025-05-15 14:37:34', '2025-05-15 14:37:34'),
(121, 3, 1, 1, 0, 0, '2025-05-15 14:37:34', '2025-05-15 14:37:34'),
(122, 3, 2, 1, 0, 0, '2025-05-15 14:37:34', '2025-05-15 14:37:34'),
(123, 3, 3, 1, 0, 0, '2025-05-15 14:37:34', '2025-05-15 14:37:34'),
(124, 3, 1, 2, 0, 0, '2025-05-15 14:37:34', '2025-05-15 14:37:34'),
(125, 3, 2, 2, 0, 0, '2025-05-15 14:37:34', '2025-05-15 14:37:34'),
(126, 3, 3, 2, 0, 0, '2025-05-15 14:37:34', '2025-05-15 14:37:34'),
(127, 3, 1, 3, 0, 0, '2025-05-15 14:37:34', '2025-05-15 14:37:34'),
(128, 3, 2, 3, 0, 0, '2025-05-15 14:37:34', '2025-05-15 14:37:34'),
(129, 3, 3, 3, 0, 0, '2025-05-15 14:37:34', '2025-05-15 14:37:34'),
(130, 3, 1, 4, 0, 0, '2025-05-15 14:37:34', '2025-05-15 14:37:34'),
(131, 3, 2, 4, 0, 0, '2025-05-15 14:37:34', '2025-05-15 14:37:34'),
(132, 3, 3, 4, 0, 0, '2025-05-15 14:37:34', '2025-05-15 14:37:34'),
(133, 3, 1, 5, 0, 0, '2025-05-15 14:37:34', '2025-05-15 14:37:34'),
(134, 3, 2, 5, 0, 0, '2025-05-15 14:37:34', '2025-05-15 14:37:34'),
(135, 3, 3, 5, 0, 0, '2025-05-15 14:37:34', '2025-05-15 14:37:34'),
(136, 3, 1, 6, 0, 0, '2025-05-15 14:37:34', '2025-05-15 14:37:34'),
(137, 3, 2, 6, 0, 0, '2025-05-15 14:37:34', '2025-05-15 14:37:34'),
(138, 3, 3, 6, 0, 0, '2025-05-15 14:37:34', '2025-05-15 14:37:34'),
(139, 3, 1, 7, 0, 0, '2025-05-15 14:37:35', '2025-05-15 14:37:35'),
(140, 3, 2, 7, 0, 0, '2025-05-15 14:37:35', '2025-05-15 14:37:35'),
(141, 3, 3, 7, 0, 0, '2025-05-15 14:37:35', '2025-05-15 14:37:35'),
(142, 3, 1, 8, 0, 0, '2025-05-15 14:37:35', '2025-05-15 14:37:35'),
(143, 3, 2, 8, 0, 0, '2025-05-15 14:37:35', '2025-05-15 14:37:35'),
(144, 3, 3, 8, 0, 0, '2025-05-15 14:37:35', '2025-05-15 14:37:35'),
(145, 3, 1, 9, 0, 0, '2025-05-15 14:37:35', '2025-05-15 14:37:35'),
(146, 3, 2, 9, 0, 0, '2025-05-15 14:37:35', '2025-05-15 14:37:35'),
(147, 3, 3, 9, 0, 0, '2025-05-15 14:37:35', '2025-05-15 14:37:35'),
(148, 3, 1, 10, 0, 0, '2025-05-15 14:37:35', '2025-05-15 14:37:35'),
(149, 3, 2, 10, 0, 0, '2025-05-15 14:37:35', '2025-05-15 14:37:35'),
(150, 3, 3, 10, 0, 0, '2025-05-15 14:37:35', '2025-05-15 14:37:35'),
(151, 3, 1, 11, 0, 0, '2025-05-15 14:37:35', '2025-05-15 14:37:35'),
(152, 3, 2, 11, 0, 0, '2025-05-15 14:37:35', '2025-05-15 14:37:35'),
(153, 3, 3, 11, 0, 0, '2025-05-15 14:37:35', '2025-05-15 14:37:35'),
(154, 3, 1, 12, 0, 0, '2025-05-15 14:37:35', '2025-05-15 14:37:35'),
(155, 3, 2, 12, 0, 0, '2025-05-15 14:37:35', '2025-05-15 14:37:35'),
(156, 3, 3, 12, 0, 0, '2025-05-15 14:37:35', '2025-05-15 14:37:35'),
(157, 3, 1, 13, 0, 0, '2025-05-15 14:37:35', '2025-05-15 14:37:35'),
(158, 3, 2, 13, 0, 0, '2025-05-15 14:37:35', '2025-05-15 14:37:35'),
(159, 3, 3, 13, 0, 0, '2025-05-15 14:37:35', '2025-05-15 14:37:35'),
(160, 3, 1, 14, 0, 0, '2025-05-15 14:37:35', '2025-05-15 14:37:35'),
(161, 3, 2, 14, 0, 0, '2025-05-15 14:37:35', '2025-05-15 14:37:35'),
(162, 3, 3, 14, 0, 0, '2025-05-15 14:37:35', '2025-05-15 14:37:35'),
(163, 3, 1, 15, 0, 0, '2025-05-15 14:37:35', '2025-05-15 14:37:35'),
(164, 3, 2, 15, 0, 0, '2025-05-15 14:37:35', '2025-05-15 14:37:35'),
(165, 3, 3, 15, 0, 0, '2025-05-15 14:37:35', '2025-05-15 14:37:35'),
(166, 3, 1, 16, 0, 0, '2025-05-15 14:37:35', '2025-05-15 14:37:35'),
(167, 3, 2, 16, 0, 0, '2025-05-15 14:37:35', '2025-05-15 14:37:35'),
(168, 3, 3, 16, 0, 0, '2025-05-15 14:37:35', '2025-05-15 14:37:35'),
(169, 3, 1, 17, 0, 0, '2025-05-15 14:37:35', '2025-05-15 14:37:35'),
(170, 3, 2, 17, 0, 0, '2025-05-15 14:37:35', '2025-05-15 14:37:35'),
(171, 3, 3, 17, 0, 0, '2025-05-15 14:37:35', '2025-05-15 14:37:35'),
(172, 3, 1, 18, 0, 0, '2025-05-15 14:37:35', '2025-05-15 14:37:35'),
(173, 3, 2, 18, 0, 0, '2025-05-15 14:37:35', '2025-05-15 14:37:35'),
(174, 3, 3, 18, 0, 0, '2025-05-15 14:37:35', '2025-05-15 14:37:35'),
(175, 3, 1, 19, 0, 0, '2025-05-15 14:37:35', '2025-05-15 14:37:35'),
(176, 3, 2, 19, 0, 0, '2025-05-15 14:37:35', '2025-05-15 14:37:35'),
(177, 3, 3, 19, 0, 0, '2025-05-15 14:37:35', '2025-05-15 14:37:35'),
(178, 3, 1, 20, 0, 0, '2025-05-15 14:37:35', '2025-05-15 14:37:35'),
(179, 3, 2, 20, 0, 0, '2025-05-15 14:37:35', '2025-05-15 14:37:35'),
(180, 3, 3, 20, 0, 0, '2025-05-15 14:37:35', '2025-05-15 14:37:35'),
(181, 4, 1, 1, 0, 0, '2025-05-15 14:37:35', '2025-05-15 14:37:35'),
(182, 4, 2, 1, 0, 0, '2025-05-15 14:37:35', '2025-05-15 14:37:35'),
(183, 4, 3, 1, 0, 0, '2025-05-15 14:37:35', '2025-05-15 14:37:35'),
(184, 4, 1, 2, 0, 0, '2025-05-15 14:37:35', '2025-05-15 14:37:35'),
(185, 4, 2, 2, 0, 0, '2025-05-15 14:37:35', '2025-05-15 14:37:35'),
(186, 4, 3, 2, 0, 0, '2025-05-15 14:37:35', '2025-05-15 14:37:35'),
(187, 4, 1, 3, 0, 0, '2025-05-15 14:37:35', '2025-05-15 14:37:35'),
(188, 4, 2, 3, 0, 0, '2025-05-15 14:37:35', '2025-05-15 14:37:35'),
(189, 4, 3, 3, 0, 0, '2025-05-15 14:37:35', '2025-05-15 14:37:35'),
(190, 4, 1, 4, 0, 0, '2025-05-15 14:37:35', '2025-05-15 14:37:35'),
(191, 4, 2, 4, 0, 0, '2025-05-15 14:37:35', '2025-05-15 14:37:35'),
(192, 4, 3, 4, 0, 0, '2025-05-15 14:37:35', '2025-05-15 14:37:35'),
(193, 4, 1, 5, 0, 0, '2025-05-15 14:37:35', '2025-05-15 14:37:35'),
(194, 4, 2, 5, 0, 0, '2025-05-15 14:37:35', '2025-05-15 14:37:35'),
(195, 4, 3, 5, 0, 0, '2025-05-15 14:37:35', '2025-05-15 14:37:35'),
(196, 4, 1, 6, 0, 0, '2025-05-15 14:37:35', '2025-05-15 14:37:35'),
(197, 4, 2, 6, 0, 0, '2025-05-15 14:37:35', '2025-05-15 14:37:35'),
(198, 4, 3, 6, 0, 0, '2025-05-15 14:37:35', '2025-05-15 14:37:35'),
(199, 4, 1, 7, 0, 0, '2025-05-15 14:37:35', '2025-05-15 14:37:35'),
(200, 4, 2, 7, 0, 0, '2025-05-15 14:37:35', '2025-05-15 14:37:35'),
(201, 4, 3, 7, 0, 0, '2025-05-15 14:37:35', '2025-05-15 14:37:35'),
(202, 4, 1, 8, 0, 0, '2025-05-15 14:37:35', '2025-05-15 14:37:35'),
(203, 4, 2, 8, 0, 0, '2025-05-15 14:37:35', '2025-05-15 14:37:35'),
(204, 4, 3, 8, 0, 0, '2025-05-15 14:37:35', '2025-05-15 14:37:35'),
(205, 4, 1, 9, 0, 0, '2025-05-15 14:37:35', '2025-05-15 14:37:35'),
(206, 4, 2, 9, 0, 0, '2025-05-15 14:37:35', '2025-05-15 14:37:35'),
(207, 4, 3, 9, 0, 0, '2025-05-15 14:37:35', '2025-05-15 14:37:35'),
(208, 4, 1, 10, 0, 0, '2025-05-15 14:37:35', '2025-05-15 14:37:35'),
(209, 4, 2, 10, 0, 0, '2025-05-15 14:37:35', '2025-05-15 14:37:35'),
(210, 4, 3, 10, 0, 0, '2025-05-15 14:37:35', '2025-05-15 14:37:35'),
(211, 4, 1, 11, 0, 0, '2025-05-15 14:37:35', '2025-05-15 14:37:35'),
(212, 4, 2, 11, 0, 0, '2025-05-15 14:37:35', '2025-05-15 14:37:35'),
(213, 4, 3, 11, 0, 0, '2025-05-15 14:37:35', '2025-05-15 14:37:35'),
(214, 4, 1, 12, 0, 0, '2025-05-15 14:37:35', '2025-05-15 14:37:35'),
(215, 4, 2, 12, 0, 0, '2025-05-15 14:37:35', '2025-05-15 14:37:35'),
(216, 4, 3, 12, 0, 0, '2025-05-15 14:37:35', '2025-05-15 14:37:35'),
(217, 4, 1, 13, 0, 0, '2025-05-15 14:37:35', '2025-05-15 14:37:35'),
(218, 4, 2, 13, 0, 0, '2025-05-15 14:37:35', '2025-05-15 14:37:35'),
(219, 4, 3, 13, 0, 0, '2025-05-15 14:37:35', '2025-05-15 14:37:35'),
(220, 4, 1, 14, 0, 0, '2025-05-15 14:37:35', '2025-05-15 14:37:35'),
(221, 4, 2, 14, 0, 0, '2025-05-15 14:37:35', '2025-05-15 14:37:35'),
(222, 4, 3, 14, 0, 0, '2025-05-15 14:37:36', '2025-05-15 14:37:36'),
(223, 4, 1, 15, 0, 0, '2025-05-15 14:37:36', '2025-05-15 14:37:36'),
(224, 4, 2, 15, 0, 0, '2025-05-15 14:37:36', '2025-05-15 14:37:36'),
(225, 4, 3, 15, 0, 0, '2025-05-15 14:37:36', '2025-05-15 14:37:36'),
(226, 4, 1, 16, 0, 0, '2025-05-15 14:37:36', '2025-05-15 14:37:36'),
(227, 4, 2, 16, 0, 0, '2025-05-15 14:37:36', '2025-05-15 14:37:36'),
(228, 4, 3, 16, 0, 0, '2025-05-15 14:37:36', '2025-05-15 14:37:36'),
(229, 4, 1, 17, 0, 0, '2025-05-15 14:37:36', '2025-05-15 14:37:36'),
(230, 4, 2, 17, 0, 0, '2025-05-15 14:37:36', '2025-05-15 14:37:36'),
(231, 4, 3, 17, 0, 0, '2025-05-15 14:37:36', '2025-05-15 14:37:36'),
(232, 4, 1, 18, 0, 0, '2025-05-15 14:37:36', '2025-05-15 14:37:36'),
(233, 4, 2, 18, 0, 0, '2025-05-15 14:37:36', '2025-05-15 14:37:36'),
(234, 4, 3, 18, 0, 0, '2025-05-15 14:37:36', '2025-05-15 14:37:36'),
(235, 4, 1, 19, 0, 0, '2025-05-15 14:37:36', '2025-05-15 14:37:36'),
(236, 4, 2, 19, 0, 0, '2025-05-15 14:37:36', '2025-05-15 14:37:36'),
(237, 4, 3, 19, 0, 0, '2025-05-15 14:37:36', '2025-05-15 14:37:36'),
(238, 4, 1, 20, 0, 0, '2025-05-15 14:37:36', '2025-05-15 14:37:36'),
(239, 4, 2, 20, 0, 0, '2025-05-15 14:37:36', '2025-05-15 14:37:36'),
(240, 4, 3, 20, 0, 0, '2025-05-15 14:37:36', '2025-05-15 14:37:36'),
(241, 5, 1, 1, 0, 0, '2025-05-15 14:37:36', '2025-05-15 14:37:36'),
(242, 5, 2, 1, 0, 0, '2025-05-15 14:37:36', '2025-05-15 14:37:36'),
(243, 5, 3, 1, 0, 0, '2025-05-15 14:37:36', '2025-05-15 14:37:36'),
(244, 5, 1, 2, 0, 0, '2025-05-15 14:37:36', '2025-05-15 14:37:36'),
(245, 5, 2, 2, 0, 0, '2025-05-15 14:37:36', '2025-05-15 14:37:36'),
(246, 5, 3, 2, 0, 0, '2025-05-15 14:37:36', '2025-05-15 14:37:36'),
(247, 5, 1, 3, 0, 0, '2025-05-15 14:37:36', '2025-05-15 14:37:36'),
(248, 5, 2, 3, 0, 0, '2025-05-15 14:37:36', '2025-05-15 14:37:36'),
(249, 5, 3, 3, 0, 0, '2025-05-15 14:37:36', '2025-05-15 14:37:36'),
(250, 5, 1, 4, 0, 0, '2025-05-15 14:37:36', '2025-05-15 14:37:36'),
(251, 5, 2, 4, 0, 0, '2025-05-15 14:37:36', '2025-05-15 14:37:36'),
(252, 5, 3, 4, 0, 0, '2025-05-15 14:37:36', '2025-05-15 14:37:36'),
(253, 5, 1, 5, 0, 0, '2025-05-15 14:37:36', '2025-05-15 14:37:36'),
(254, 5, 2, 5, 0, 0, '2025-05-15 14:37:36', '2025-05-15 14:37:36'),
(255, 5, 3, 5, 0, 0, '2025-05-15 14:37:36', '2025-05-15 14:37:36'),
(256, 5, 1, 6, 0, 0, '2025-05-15 14:37:36', '2025-05-15 14:37:36'),
(257, 5, 2, 6, 0, 0, '2025-05-15 14:37:36', '2025-05-15 14:37:36'),
(258, 5, 3, 6, 0, 0, '2025-05-15 14:37:36', '2025-05-15 14:37:36'),
(259, 5, 1, 7, 0, 0, '2025-05-15 14:37:36', '2025-05-15 14:37:36'),
(260, 5, 2, 7, 0, 0, '2025-05-15 14:37:36', '2025-05-15 14:37:36'),
(261, 5, 3, 7, 0, 0, '2025-05-15 14:37:36', '2025-05-15 14:37:36'),
(262, 5, 1, 8, 0, 0, '2025-05-15 14:37:36', '2025-05-15 14:37:36'),
(263, 5, 2, 8, 0, 0, '2025-05-15 14:37:36', '2025-05-15 14:37:36'),
(264, 5, 3, 8, 0, 0, '2025-05-15 14:37:36', '2025-05-15 14:37:36'),
(265, 5, 1, 9, 0, 0, '2025-05-15 14:37:36', '2025-05-15 14:37:36'),
(266, 5, 2, 9, 0, 0, '2025-05-15 14:37:36', '2025-05-15 14:37:36'),
(267, 5, 3, 9, 0, 0, '2025-05-15 14:37:36', '2025-05-15 14:37:36'),
(268, 5, 1, 10, 0, 0, '2025-05-15 14:37:36', '2025-05-15 14:37:36'),
(269, 5, 2, 10, 0, 0, '2025-05-15 14:37:36', '2025-05-15 14:37:36'),
(270, 5, 3, 10, 0, 0, '2025-05-15 14:37:36', '2025-05-15 14:37:36'),
(271, 5, 1, 11, 0, 0, '2025-05-15 14:37:36', '2025-05-15 14:37:36'),
(272, 5, 2, 11, 0, 0, '2025-05-15 14:37:36', '2025-05-15 14:37:36'),
(273, 5, 3, 11, 0, 0, '2025-05-15 14:37:36', '2025-05-15 14:37:36'),
(274, 5, 1, 12, 0, 0, '2025-05-15 14:37:36', '2025-05-15 14:37:36'),
(275, 5, 2, 12, 0, 0, '2025-05-15 14:37:36', '2025-05-15 14:37:36'),
(276, 5, 3, 12, 0, 0, '2025-05-15 14:37:36', '2025-05-15 14:37:36'),
(277, 5, 1, 13, 0, 0, '2025-05-15 14:37:36', '2025-05-15 14:37:36'),
(278, 5, 2, 13, 0, 0, '2025-05-15 14:37:36', '2025-05-15 14:37:36'),
(279, 5, 3, 13, 0, 0, '2025-05-15 14:37:36', '2025-05-15 14:37:36'),
(280, 5, 1, 14, 0, 0, '2025-05-15 14:37:36', '2025-05-15 14:37:36'),
(281, 5, 2, 14, 0, 0, '2025-05-15 14:37:36', '2025-05-15 14:37:36'),
(282, 5, 3, 14, 0, 0, '2025-05-15 14:37:36', '2025-05-15 14:37:36'),
(283, 5, 1, 15, 0, 0, '2025-05-15 14:37:36', '2025-05-15 14:37:36'),
(284, 5, 2, 15, 0, 0, '2025-05-15 14:37:36', '2025-05-15 14:37:36'),
(285, 5, 3, 15, 0, 0, '2025-05-15 14:37:36', '2025-05-15 14:37:36'),
(286, 5, 1, 16, 0, 0, '2025-05-15 14:37:36', '2025-05-15 14:37:36'),
(287, 5, 2, 16, 0, 0, '2025-05-15 14:37:36', '2025-05-15 14:37:36'),
(288, 5, 3, 16, 0, 0, '2025-05-15 14:37:36', '2025-05-15 14:37:36'),
(289, 5, 1, 17, 0, 0, '2025-05-15 14:37:36', '2025-05-15 14:37:36'),
(290, 5, 2, 17, 0, 0, '2025-05-15 14:37:36', '2025-05-15 14:37:36'),
(291, 5, 3, 17, 0, 0, '2025-05-15 14:37:36', '2025-05-15 14:37:36'),
(292, 5, 1, 18, 0, 0, '2025-05-15 14:37:36', '2025-05-15 14:37:36'),
(293, 5, 2, 18, 0, 0, '2025-05-15 14:37:36', '2025-05-15 14:37:36'),
(294, 5, 3, 18, 0, 0, '2025-05-15 14:37:36', '2025-05-15 14:37:36'),
(295, 5, 1, 19, 0, 0, '2025-05-15 14:37:36', '2025-05-15 14:37:36'),
(296, 5, 2, 19, 0, 0, '2025-05-15 14:37:36', '2025-05-15 14:37:36'),
(297, 5, 3, 19, 0, 0, '2025-05-15 14:37:36', '2025-05-15 14:37:36'),
(298, 5, 1, 20, 0, 0, '2025-05-15 14:37:36', '2025-05-15 14:37:36'),
(299, 5, 2, 20, 0, 0, '2025-05-15 14:37:36', '2025-05-15 14:37:36'),
(300, 5, 3, 20, 0, 0, '2025-05-15 14:37:36', '2025-05-15 14:37:36'),
(301, 6, 1, 1, 0, 0, '2025-05-15 14:37:36', '2025-05-15 14:37:36'),
(302, 6, 2, 1, 0, 0, '2025-05-15 14:37:36', '2025-05-15 14:37:36'),
(303, 6, 3, 1, 0, 0, '2025-05-15 14:37:37', '2025-05-15 14:37:37'),
(304, 6, 1, 2, 0, 0, '2025-05-15 14:37:37', '2025-05-15 14:37:37'),
(305, 6, 2, 2, 0, 0, '2025-05-15 14:37:37', '2025-05-15 14:37:37'),
(306, 6, 3, 2, 0, 0, '2025-05-15 14:37:37', '2025-05-15 14:37:37'),
(307, 6, 1, 3, 0, 0, '2025-05-15 14:37:37', '2025-05-15 14:37:37'),
(308, 6, 2, 3, 0, 0, '2025-05-15 14:37:37', '2025-05-15 14:37:37'),
(309, 6, 3, 3, 0, 0, '2025-05-15 14:37:37', '2025-05-15 14:37:37'),
(310, 6, 1, 4, 0, 0, '2025-05-15 14:37:37', '2025-05-15 14:37:37'),
(311, 6, 2, 4, 0, 0, '2025-05-15 14:37:37', '2025-05-15 14:37:37'),
(312, 6, 3, 4, 0, 0, '2025-05-15 14:37:37', '2025-05-15 14:37:37'),
(313, 6, 1, 5, 0, 0, '2025-05-15 14:37:37', '2025-05-15 14:37:37'),
(314, 6, 2, 5, 0, 0, '2025-05-15 14:37:37', '2025-05-15 14:37:37'),
(315, 6, 3, 5, 0, 0, '2025-05-15 14:37:37', '2025-05-15 14:37:37'),
(316, 6, 1, 6, 0, 0, '2025-05-15 14:37:37', '2025-05-15 14:37:37'),
(317, 6, 2, 6, 0, 0, '2025-05-15 14:37:37', '2025-05-15 14:37:37'),
(318, 6, 3, 6, 0, 0, '2025-05-15 14:37:37', '2025-05-15 14:37:37'),
(319, 6, 1, 7, 0, 0, '2025-05-15 14:37:37', '2025-05-15 14:37:37'),
(320, 6, 2, 7, 0, 0, '2025-05-15 14:37:37', '2025-05-15 14:37:37'),
(321, 6, 3, 7, 0, 0, '2025-05-15 14:37:37', '2025-05-15 14:37:37'),
(322, 6, 1, 8, 0, 0, '2025-05-15 14:37:37', '2025-05-15 14:37:37'),
(323, 6, 2, 8, 0, 0, '2025-05-15 14:37:37', '2025-05-15 14:37:37'),
(324, 6, 3, 8, 0, 0, '2025-05-15 14:37:37', '2025-05-15 14:37:37'),
(325, 6, 1, 9, 0, 0, '2025-05-15 14:37:37', '2025-05-15 14:37:37'),
(326, 6, 2, 9, 0, 0, '2025-05-15 14:37:37', '2025-05-15 14:37:37'),
(327, 6, 3, 9, 0, 0, '2025-05-15 14:37:37', '2025-05-15 14:37:37'),
(328, 6, 1, 10, 0, 0, '2025-05-15 14:37:37', '2025-05-15 14:37:37'),
(329, 6, 2, 10, 0, 0, '2025-05-15 14:37:37', '2025-05-15 14:37:37'),
(330, 6, 3, 10, 0, 0, '2025-05-15 14:37:37', '2025-05-15 14:37:37'),
(331, 6, 1, 11, 0, 0, '2025-05-15 14:37:37', '2025-05-15 14:37:37'),
(332, 6, 2, 11, 0, 0, '2025-05-15 14:37:37', '2025-05-15 14:37:37'),
(333, 6, 3, 11, 0, 0, '2025-05-15 14:37:37', '2025-05-15 14:37:37'),
(334, 6, 1, 12, 0, 0, '2025-05-15 14:37:37', '2025-05-15 14:37:37'),
(335, 6, 2, 12, 0, 0, '2025-05-15 14:37:37', '2025-05-15 14:37:37'),
(336, 6, 3, 12, 0, 0, '2025-05-15 14:37:37', '2025-05-15 14:37:37'),
(337, 6, 1, 13, 0, 0, '2025-05-15 14:37:37', '2025-05-15 14:37:37'),
(338, 6, 2, 13, 0, 0, '2025-05-15 14:37:37', '2025-05-15 14:37:37'),
(339, 6, 3, 13, 0, 0, '2025-05-15 14:37:37', '2025-05-15 14:37:37'),
(340, 6, 1, 14, 0, 0, '2025-05-15 14:37:37', '2025-05-15 14:37:37'),
(341, 6, 2, 14, 0, 0, '2025-05-15 14:37:37', '2025-05-15 14:37:37'),
(342, 6, 3, 14, 0, 0, '2025-05-15 14:37:37', '2025-05-15 14:37:37'),
(343, 6, 1, 15, 0, 0, '2025-05-15 14:37:37', '2025-05-15 14:37:37'),
(344, 6, 2, 15, 0, 0, '2025-05-15 14:37:37', '2025-05-15 14:37:37'),
(345, 6, 3, 15, 0, 0, '2025-05-15 14:37:37', '2025-05-15 14:37:37'),
(346, 6, 1, 16, 0, 0, '2025-05-15 14:37:37', '2025-05-15 14:37:37'),
(347, 6, 2, 16, 0, 0, '2025-05-15 14:37:37', '2025-05-15 14:37:37'),
(348, 6, 3, 16, 0, 0, '2025-05-15 14:37:37', '2025-05-15 14:37:37'),
(349, 6, 1, 17, 0, 0, '2025-05-15 14:37:37', '2025-05-15 14:37:37'),
(350, 6, 2, 17, 0, 0, '2025-05-15 14:37:37', '2025-05-15 14:37:37'),
(351, 6, 3, 17, 0, 0, '2025-05-15 14:37:37', '2025-05-15 14:37:37'),
(352, 6, 1, 18, 0, 0, '2025-05-15 14:37:37', '2025-05-15 14:37:37'),
(353, 6, 2, 18, 0, 0, '2025-05-15 14:37:37', '2025-05-15 14:37:37'),
(354, 6, 3, 18, 0, 0, '2025-05-15 14:37:37', '2025-05-15 14:37:37'),
(355, 6, 1, 19, 0, 0, '2025-05-15 14:37:37', '2025-05-15 14:37:37'),
(356, 6, 2, 19, 0, 0, '2025-05-15 14:37:37', '2025-05-15 14:37:37'),
(357, 6, 3, 19, 0, 0, '2025-05-15 14:37:37', '2025-05-15 14:37:37'),
(358, 6, 1, 20, 0, 0, '2025-05-15 14:37:37', '2025-05-15 14:37:37'),
(359, 6, 2, 20, 0, 0, '2025-05-15 14:37:37', '2025-05-15 14:37:37'),
(360, 6, 3, 20, 0, 0, '2025-05-15 14:37:37', '2025-05-15 14:37:37'),
(361, 7, 1, 1, 0, 0, '2025-05-15 14:37:37', '2025-05-15 14:37:37'),
(362, 7, 2, 1, 0, 0, '2025-05-15 14:37:37', '2025-05-15 14:37:37'),
(363, 7, 3, 1, 0, 0, '2025-05-15 14:37:37', '2025-05-15 14:37:37'),
(364, 7, 1, 2, 0, 0, '2025-05-15 14:37:37', '2025-05-15 14:37:37'),
(365, 7, 2, 2, 0, 0, '2025-05-15 14:37:37', '2025-05-15 14:37:37'),
(366, 7, 3, 2, 0, 0, '2025-05-15 14:37:37', '2025-05-15 14:37:37'),
(367, 7, 1, 3, 0, 0, '2025-05-15 14:37:37', '2025-05-15 14:37:37'),
(368, 7, 2, 3, 0, 0, '2025-05-15 14:37:37', '2025-05-15 14:37:37'),
(369, 7, 3, 3, 0, 0, '2025-05-15 14:37:37', '2025-05-15 14:37:37'),
(370, 7, 1, 4, 0, 0, '2025-05-15 14:37:37', '2025-05-15 14:37:37'),
(371, 7, 2, 4, 0, 0, '2025-05-15 14:37:37', '2025-05-15 14:37:37'),
(372, 7, 3, 4, 0, 0, '2025-05-15 14:37:37', '2025-05-15 14:37:37'),
(373, 7, 1, 5, 0, 0, '2025-05-15 14:37:37', '2025-05-15 14:37:37'),
(374, 7, 2, 5, 0, 0, '2025-05-15 14:37:37', '2025-05-15 14:37:37'),
(375, 7, 3, 5, 0, 0, '2025-05-15 14:37:37', '2025-05-15 14:37:37'),
(376, 7, 1, 6, 0, 0, '2025-05-15 14:37:37', '2025-05-15 14:37:37'),
(377, 7, 2, 6, 0, 0, '2025-05-15 14:37:37', '2025-05-15 14:37:37'),
(378, 7, 3, 6, 0, 0, '2025-05-15 14:37:37', '2025-05-15 14:37:37'),
(379, 7, 1, 7, 0, 0, '2025-05-15 14:37:37', '2025-05-15 14:37:37'),
(380, 7, 2, 7, 0, 0, '2025-05-15 14:37:37', '2025-05-15 14:37:37'),
(381, 7, 3, 7, 0, 0, '2025-05-15 14:37:37', '2025-05-15 14:37:37'),
(382, 7, 1, 8, 0, 0, '2025-05-15 14:37:37', '2025-05-15 14:37:37'),
(383, 7, 2, 8, 0, 0, '2025-05-15 14:37:38', '2025-05-15 14:37:38'),
(384, 7, 3, 8, 0, 0, '2025-05-15 14:37:38', '2025-05-15 14:37:38'),
(385, 7, 1, 9, 0, 0, '2025-05-15 14:37:38', '2025-05-15 14:37:38'),
(386, 7, 2, 9, 0, 0, '2025-05-15 14:37:38', '2025-05-15 14:37:38'),
(387, 7, 3, 9, 0, 0, '2025-05-15 14:37:38', '2025-05-15 14:37:38'),
(388, 7, 1, 10, 0, 0, '2025-05-15 14:37:38', '2025-05-15 14:37:38'),
(389, 7, 2, 10, 0, 0, '2025-05-15 14:37:38', '2025-05-15 14:37:38'),
(390, 7, 3, 10, 0, 0, '2025-05-15 14:37:38', '2025-05-15 14:37:38'),
(391, 7, 1, 11, 0, 0, '2025-05-15 14:37:38', '2025-05-15 14:37:38'),
(392, 7, 2, 11, 0, 0, '2025-05-15 14:37:38', '2025-05-15 14:37:38'),
(393, 7, 3, 11, 0, 0, '2025-05-15 14:37:38', '2025-05-15 14:37:38'),
(394, 7, 1, 12, 0, 0, '2025-05-15 14:37:38', '2025-05-15 14:37:38'),
(395, 7, 2, 12, 0, 0, '2025-05-15 14:37:38', '2025-05-15 14:37:38'),
(396, 7, 3, 12, 0, 0, '2025-05-15 14:37:38', '2025-05-15 14:37:38'),
(397, 7, 1, 13, 0, 0, '2025-05-15 14:37:38', '2025-05-15 14:37:38'),
(398, 7, 2, 13, 0, 0, '2025-05-15 14:37:38', '2025-05-15 14:37:38'),
(399, 7, 3, 13, 0, 0, '2025-05-15 14:37:38', '2025-05-15 14:37:38'),
(400, 7, 1, 14, 0, 0, '2025-05-15 14:37:38', '2025-05-15 14:37:38'),
(401, 7, 2, 14, 0, 0, '2025-05-15 14:37:38', '2025-05-15 14:37:38'),
(402, 7, 3, 14, 0, 0, '2025-05-15 14:37:38', '2025-05-15 14:37:38'),
(403, 7, 1, 15, 0, 0, '2025-05-15 14:37:38', '2025-05-15 14:37:38'),
(404, 7, 2, 15, 0, 0, '2025-05-15 14:37:38', '2025-05-15 14:37:38'),
(405, 7, 3, 15, 0, 0, '2025-05-15 14:37:38', '2025-05-15 14:37:38'),
(406, 7, 1, 16, 0, 0, '2025-05-15 14:37:38', '2025-05-15 14:37:38'),
(407, 7, 2, 16, 0, 0, '2025-05-15 14:37:38', '2025-05-15 14:37:38'),
(408, 7, 3, 16, 0, 0, '2025-05-15 14:37:38', '2025-05-15 14:37:38'),
(409, 7, 1, 17, 0, 0, '2025-05-15 14:37:38', '2025-05-15 14:37:38'),
(410, 7, 2, 17, 0, 0, '2025-05-15 14:37:38', '2025-05-15 14:37:38'),
(411, 7, 3, 17, 0, 0, '2025-05-15 14:37:38', '2025-05-15 14:37:38'),
(412, 7, 1, 18, 0, 0, '2025-05-15 14:37:38', '2025-05-15 14:37:38'),
(413, 7, 2, 18, 0, 0, '2025-05-15 14:37:38', '2025-05-15 14:37:38'),
(414, 7, 3, 18, 0, 0, '2025-05-15 14:37:38', '2025-05-15 14:37:38'),
(415, 7, 1, 19, 0, 0, '2025-05-15 14:37:38', '2025-05-15 14:37:38'),
(416, 7, 2, 19, 0, 0, '2025-05-15 14:37:38', '2025-05-15 14:37:38'),
(417, 7, 3, 19, 0, 0, '2025-05-15 14:37:38', '2025-05-15 14:37:38'),
(418, 7, 1, 20, 0, 0, '2025-05-15 14:37:38', '2025-05-15 14:37:38'),
(419, 7, 2, 20, 0, 0, '2025-05-15 14:37:38', '2025-05-15 14:37:38'),
(420, 7, 3, 20, 0, 0, '2025-05-15 14:37:38', '2025-05-15 14:37:38'),
(421, 8, 1, 1, 0, 0, '2025-05-15 14:37:38', '2025-05-15 14:37:38'),
(422, 8, 2, 1, 0, 0, '2025-05-15 14:37:38', '2025-05-15 14:37:38'),
(423, 8, 3, 1, 0, 0, '2025-05-15 14:37:38', '2025-05-15 14:37:38'),
(424, 8, 1, 2, 0, 0, '2025-05-15 14:37:38', '2025-05-15 14:37:38'),
(425, 8, 2, 2, 0, 0, '2025-05-15 14:37:38', '2025-05-15 14:37:38'),
(426, 8, 3, 2, 0, 0, '2025-05-15 14:37:38', '2025-05-15 14:37:38'),
(427, 8, 1, 3, 0, 0, '2025-05-15 14:37:38', '2025-05-15 14:37:38'),
(428, 8, 2, 3, 0, 0, '2025-05-15 14:37:38', '2025-05-15 14:37:38'),
(429, 8, 3, 3, 0, 0, '2025-05-15 14:37:38', '2025-05-15 14:37:38'),
(430, 8, 1, 4, 0, 0, '2025-05-15 14:37:38', '2025-05-15 14:37:38'),
(431, 8, 2, 4, 0, 0, '2025-05-15 14:37:38', '2025-05-15 14:37:38'),
(432, 8, 3, 4, 0, 0, '2025-05-15 14:37:38', '2025-05-15 14:37:38'),
(433, 8, 1, 5, 0, 0, '2025-05-15 14:37:38', '2025-05-15 14:37:38'),
(434, 8, 2, 5, 0, 0, '2025-05-15 14:37:38', '2025-05-15 14:37:38'),
(435, 8, 3, 5, 0, 0, '2025-05-15 14:37:38', '2025-05-15 14:37:38'),
(436, 8, 1, 6, 0, 0, '2025-05-15 14:37:38', '2025-05-15 14:37:38'),
(437, 8, 2, 6, 0, 0, '2025-05-15 14:37:38', '2025-05-15 14:37:38'),
(438, 8, 3, 6, 0, 0, '2025-05-15 14:37:38', '2025-05-15 14:37:38'),
(439, 8, 1, 7, 0, 0, '2025-05-15 14:37:38', '2025-05-15 14:37:38'),
(440, 8, 2, 7, 0, 0, '2025-05-15 14:37:38', '2025-05-15 14:37:38'),
(441, 8, 3, 7, 0, 0, '2025-05-15 14:37:38', '2025-05-15 14:37:38'),
(442, 8, 1, 8, 0, 0, '2025-05-15 14:37:38', '2025-05-15 14:37:38'),
(443, 8, 2, 8, 0, 0, '2025-05-15 14:37:38', '2025-05-15 14:37:38'),
(444, 8, 3, 8, 0, 0, '2025-05-15 14:37:38', '2025-05-15 14:37:38'),
(445, 8, 1, 9, 0, 0, '2025-05-15 14:37:38', '2025-05-15 14:37:38'),
(446, 8, 2, 9, 0, 0, '2025-05-15 14:37:38', '2025-05-15 14:37:38'),
(447, 8, 3, 9, 0, 0, '2025-05-15 14:37:38', '2025-05-15 14:37:38'),
(448, 8, 1, 10, 0, 0, '2025-05-15 14:37:38', '2025-05-15 14:37:38'),
(449, 8, 2, 10, 0, 0, '2025-05-15 14:37:38', '2025-05-15 14:37:38'),
(450, 8, 3, 10, 0, 0, '2025-05-15 14:37:38', '2025-05-15 14:37:38'),
(451, 8, 1, 11, 0, 0, '2025-05-15 14:37:38', '2025-05-15 14:37:38'),
(452, 8, 2, 11, 0, 0, '2025-05-15 14:37:38', '2025-05-15 14:37:38'),
(453, 8, 3, 11, 0, 0, '2025-05-15 14:37:38', '2025-05-15 14:37:38'),
(454, 8, 1, 12, 0, 0, '2025-05-15 14:37:38', '2025-05-15 14:37:38'),
(455, 8, 2, 12, 0, 0, '2025-05-15 14:37:38', '2025-05-15 14:37:38'),
(456, 8, 3, 12, 0, 0, '2025-05-15 14:37:38', '2025-05-15 14:37:38'),
(457, 8, 1, 13, 0, 0, '2025-05-15 14:37:38', '2025-05-15 14:37:38'),
(458, 8, 2, 13, 0, 0, '2025-05-15 14:37:38', '2025-05-15 14:37:38'),
(459, 8, 3, 13, 0, 0, '2025-05-15 14:37:39', '2025-05-15 14:37:39'),
(460, 8, 1, 14, 0, 0, '2025-05-15 14:37:39', '2025-05-15 14:37:39'),
(461, 8, 2, 14, 0, 0, '2025-05-15 14:37:39', '2025-05-15 14:37:39'),
(462, 8, 3, 14, 0, 0, '2025-05-15 14:37:39', '2025-05-15 14:37:39'),
(463, 8, 1, 15, 0, 0, '2025-05-15 14:37:39', '2025-05-15 14:37:39'),
(464, 8, 2, 15, 0, 0, '2025-05-15 14:37:39', '2025-05-15 14:37:39'),
(465, 8, 3, 15, 0, 0, '2025-05-15 14:37:39', '2025-05-15 14:37:39'),
(466, 8, 1, 16, 0, 0, '2025-05-15 14:37:39', '2025-05-15 14:37:39'),
(467, 8, 2, 16, 0, 0, '2025-05-15 14:37:39', '2025-05-15 14:37:39'),
(468, 8, 3, 16, 0, 0, '2025-05-15 14:37:39', '2025-05-15 14:37:39'),
(469, 8, 1, 17, 0, 0, '2025-05-15 14:37:39', '2025-05-15 14:37:39'),
(470, 8, 2, 17, 0, 0, '2025-05-15 14:37:39', '2025-05-15 14:37:39'),
(471, 8, 3, 17, 0, 0, '2025-05-15 14:37:39', '2025-05-15 14:37:39'),
(472, 8, 1, 18, 0, 0, '2025-05-15 14:37:39', '2025-05-15 14:37:39'),
(473, 8, 2, 18, 0, 0, '2025-05-15 14:37:39', '2025-05-15 14:37:39'),
(474, 8, 3, 18, 0, 0, '2025-05-15 14:37:39', '2025-05-15 14:37:39'),
(475, 8, 1, 19, 0, 0, '2025-05-15 14:37:39', '2025-05-15 14:37:39'),
(476, 8, 2, 19, 0, 0, '2025-05-15 14:37:39', '2025-05-15 14:37:39'),
(477, 8, 3, 19, 0, 0, '2025-05-15 14:37:39', '2025-05-15 14:37:39'),
(478, 8, 1, 20, 0, 0, '2025-05-15 14:37:39', '2025-05-15 14:37:39'),
(479, 8, 2, 20, 0, 0, '2025-05-15 14:37:39', '2025-05-15 14:37:39'),
(480, 8, 3, 20, 0, 0, '2025-05-15 14:37:39', '2025-05-15 14:37:39'),
(481, 1, 4, 1, 0, 0, '2025-05-15 14:38:28', '2025-05-15 14:38:28'),
(482, 1, 5, 1, 0, 0, '2025-05-15 14:38:28', '2025-05-15 14:38:28'),
(483, 1, 6, 1, 0, 0, '2025-05-15 14:38:28', '2025-05-15 14:38:28'),
(484, 1, 4, 2, 0, 0, '2025-05-15 14:38:28', '2025-05-15 14:38:28'),
(485, 1, 5, 2, 0, 0, '2025-05-15 14:38:28', '2025-05-15 14:38:28'),
(486, 1, 6, 2, 0, 0, '2025-05-15 14:38:28', '2025-05-15 14:38:28'),
(487, 1, 4, 3, 0, 0, '2025-05-15 14:38:28', '2025-05-15 14:38:28'),
(488, 1, 5, 3, 0, 0, '2025-05-15 14:38:28', '2025-05-15 14:38:28'),
(489, 1, 6, 3, 0, 0, '2025-05-15 14:38:28', '2025-05-15 14:38:28'),
(490, 1, 4, 4, 0, 0, '2025-05-15 14:38:28', '2025-05-15 14:38:28'),
(491, 1, 5, 4, 0, 0, '2025-05-15 14:38:28', '2025-05-15 14:38:28'),
(492, 1, 6, 4, 0, 0, '2025-05-15 14:38:28', '2025-05-15 14:38:28'),
(493, 1, 4, 5, 0, 0, '2025-05-15 14:38:28', '2025-05-15 14:38:28'),
(494, 1, 5, 5, 0, 0, '2025-05-15 14:38:28', '2025-05-15 14:38:28'),
(495, 1, 6, 5, 0, 0, '2025-05-15 14:38:28', '2025-05-15 14:38:28'),
(496, 1, 4, 6, 0, 0, '2025-05-15 14:38:28', '2025-05-15 14:38:28'),
(497, 1, 5, 6, 0, 0, '2025-05-15 14:38:28', '2025-05-15 14:38:28'),
(498, 1, 6, 6, 0, 0, '2025-05-15 14:38:28', '2025-05-15 14:38:28'),
(499, 1, 4, 7, 0, 0, '2025-05-15 14:38:28', '2025-05-15 14:38:28'),
(500, 1, 5, 7, 0, 0, '2025-05-15 14:38:28', '2025-05-15 14:38:28'),
(501, 1, 6, 7, 0, 0, '2025-05-15 14:38:28', '2025-05-15 14:38:28'),
(502, 1, 4, 8, 0, 0, '2025-05-15 14:38:29', '2025-05-15 14:38:29'),
(503, 1, 5, 8, 0, 0, '2025-05-15 14:38:29', '2025-05-15 14:38:29'),
(504, 1, 6, 8, 0, 0, '2025-05-15 14:38:29', '2025-05-15 14:38:29'),
(505, 1, 4, 9, 0, 0, '2025-05-15 14:38:29', '2025-05-15 14:38:29'),
(506, 1, 5, 9, 0, 0, '2025-05-15 14:38:29', '2025-05-15 14:38:29'),
(507, 1, 6, 9, 0, 0, '2025-05-15 14:38:29', '2025-05-15 14:38:29'),
(508, 1, 4, 10, 0, 0, '2025-05-15 14:38:29', '2025-05-15 14:38:29'),
(509, 1, 5, 10, 0, 0, '2025-05-15 14:38:29', '2025-05-15 14:38:29'),
(510, 1, 6, 10, 0, 0, '2025-05-15 14:38:29', '2025-05-15 14:38:29'),
(511, 1, 4, 11, 0, 0, '2025-05-15 14:38:29', '2025-05-15 14:38:29'),
(512, 1, 5, 11, 0, 0, '2025-05-15 14:38:29', '2025-05-15 14:38:29'),
(513, 1, 6, 11, 0, 0, '2025-05-15 14:38:29', '2025-05-15 14:38:29'),
(514, 1, 4, 12, 0, 0, '2025-05-15 14:38:29', '2025-05-15 14:38:29'),
(515, 1, 5, 12, 0, 0, '2025-05-15 14:38:29', '2025-05-15 14:38:29'),
(516, 1, 6, 12, 0, 0, '2025-05-15 14:38:29', '2025-05-15 14:38:29'),
(517, 1, 4, 13, 0, 0, '2025-05-15 14:38:29', '2025-05-15 14:38:29'),
(518, 1, 5, 13, 0, 0, '2025-05-15 14:38:29', '2025-05-15 14:38:29'),
(519, 1, 6, 13, 0, 0, '2025-05-15 14:38:29', '2025-05-15 14:38:29'),
(520, 1, 4, 14, 0, 0, '2025-05-15 14:38:29', '2025-05-15 14:38:29'),
(521, 1, 5, 14, 0, 0, '2025-05-15 14:38:29', '2025-05-15 14:38:29'),
(522, 1, 6, 14, 0, 0, '2025-05-15 14:38:29', '2025-05-15 14:38:29'),
(523, 1, 4, 15, 0, 0, '2025-05-15 14:38:29', '2025-05-15 14:38:29'),
(524, 1, 5, 15, 0, 0, '2025-05-15 14:38:29', '2025-05-15 14:38:29'),
(525, 1, 6, 15, 0, 0, '2025-05-15 14:38:29', '2025-05-15 14:38:29'),
(526, 1, 4, 16, 0, 0, '2025-05-15 14:38:29', '2025-05-15 14:38:29'),
(527, 1, 5, 16, 0, 0, '2025-05-15 14:38:29', '2025-05-15 14:38:29'),
(528, 1, 6, 16, 0, 0, '2025-05-15 14:38:29', '2025-05-15 14:38:29'),
(529, 1, 4, 17, 0, 0, '2025-05-15 14:38:29', '2025-05-15 14:38:29'),
(530, 1, 5, 17, 0, 0, '2025-05-15 14:38:29', '2025-05-15 14:38:29'),
(531, 1, 6, 17, 0, 0, '2025-05-15 14:38:29', '2025-05-15 14:38:29'),
(532, 1, 4, 18, 0, 0, '2025-05-15 14:38:29', '2025-05-15 14:38:29'),
(533, 1, 5, 18, 0, 0, '2025-05-15 14:38:29', '2025-05-15 14:38:29'),
(534, 1, 6, 18, 0, 0, '2025-05-15 14:38:29', '2025-05-15 14:38:29'),
(535, 1, 4, 19, 0, 0, '2025-05-15 14:38:29', '2025-05-15 14:38:29'),
(536, 1, 5, 19, 0, 0, '2025-05-15 14:38:29', '2025-05-15 14:38:29'),
(537, 1, 6, 19, 0, 0, '2025-05-15 14:38:29', '2025-05-15 14:38:29'),
(538, 1, 4, 20, 0, 0, '2025-05-15 14:38:29', '2025-05-15 14:38:29'),
(539, 1, 5, 20, 0, 0, '2025-05-15 14:38:29', '2025-05-15 14:38:29'),
(540, 1, 6, 20, 0, 0, '2025-05-15 14:38:29', '2025-05-15 14:38:29'),
(541, 2, 4, 1, 0, 0, '2025-05-15 14:38:29', '2025-05-15 14:38:29'),
(542, 2, 5, 1, 0, 0, '2025-05-15 14:38:29', '2025-05-15 14:38:29'),
(543, 2, 6, 1, 0, 0, '2025-05-15 14:38:29', '2025-05-15 14:38:29'),
(544, 2, 4, 2, 0, 0, '2025-05-15 14:38:29', '2025-05-15 14:38:29'),
(545, 2, 5, 2, 0, 0, '2025-05-15 14:38:29', '2025-05-15 14:38:29'),
(546, 2, 6, 2, 0, 0, '2025-05-15 14:38:29', '2025-05-15 14:38:29'),
(547, 2, 4, 3, 0, 0, '2025-05-15 14:38:29', '2025-05-15 14:38:29'),
(548, 2, 5, 3, 0, 0, '2025-05-15 14:38:29', '2025-05-15 14:38:29'),
(549, 2, 6, 3, 0, 0, '2025-05-15 14:38:29', '2025-05-15 14:38:29'),
(550, 2, 4, 4, 0, 0, '2025-05-15 14:38:29', '2025-05-15 14:38:29'),
(551, 2, 5, 4, 0, 0, '2025-05-15 14:38:29', '2025-05-15 14:38:29'),
(552, 2, 6, 4, 0, 0, '2025-05-15 14:38:29', '2025-05-15 14:38:29'),
(553, 2, 4, 5, 0, 0, '2025-05-15 14:38:29', '2025-05-15 14:38:29'),
(554, 2, 5, 5, 0, 0, '2025-05-15 14:38:29', '2025-05-15 14:38:29'),
(555, 2, 6, 5, 0, 0, '2025-05-15 14:38:29', '2025-05-15 14:38:29'),
(556, 2, 4, 6, 0, 0, '2025-05-15 14:38:29', '2025-05-15 14:38:29'),
(557, 2, 5, 6, 0, 0, '2025-05-15 14:38:29', '2025-05-15 14:38:29'),
(558, 2, 6, 6, 0, 0, '2025-05-15 14:38:29', '2025-05-15 14:38:29'),
(559, 2, 4, 7, 0, 0, '2025-05-15 14:38:29', '2025-05-15 14:38:29'),
(560, 2, 5, 7, 0, 0, '2025-05-15 14:38:29', '2025-05-15 14:38:29'),
(561, 2, 6, 7, 0, 0, '2025-05-15 14:38:29', '2025-05-15 14:38:29'),
(562, 2, 4, 8, 0, 0, '2025-05-15 14:38:29', '2025-05-15 14:38:29'),
(563, 2, 5, 8, 0, 0, '2025-05-15 14:38:29', '2025-05-15 14:38:29'),
(564, 2, 6, 8, 0, 0, '2025-05-15 14:38:29', '2025-05-15 14:38:29'),
(565, 2, 4, 9, 0, 0, '2025-05-15 14:38:29', '2025-05-15 14:38:29'),
(566, 2, 5, 9, 0, 0, '2025-05-15 14:38:29', '2025-05-15 14:38:29'),
(567, 2, 6, 9, 0, 0, '2025-05-15 14:38:29', '2025-05-15 14:38:29'),
(568, 2, 4, 10, 0, 0, '2025-05-15 14:38:29', '2025-05-15 14:38:29'),
(569, 2, 5, 10, 0, 0, '2025-05-15 14:38:29', '2025-05-15 14:38:29'),
(570, 2, 6, 10, 0, 0, '2025-05-15 14:38:29', '2025-05-15 14:38:29'),
(571, 2, 4, 11, 0, 0, '2025-05-15 14:38:29', '2025-05-15 14:38:29'),
(572, 2, 5, 11, 0, 0, '2025-05-15 14:38:29', '2025-05-15 14:38:29'),
(573, 2, 6, 11, 0, 0, '2025-05-15 14:38:29', '2025-05-15 14:38:29'),
(574, 2, 4, 12, 0, 0, '2025-05-15 14:38:29', '2025-05-15 14:38:29'),
(575, 2, 5, 12, 0, 0, '2025-05-15 14:38:29', '2025-05-15 14:38:29'),
(576, 2, 6, 12, 0, 0, '2025-05-15 14:38:29', '2025-05-15 14:38:29'),
(577, 2, 4, 13, 0, 0, '2025-05-15 14:38:29', '2025-05-15 14:38:29'),
(578, 2, 5, 13, 0, 0, '2025-05-15 14:38:29', '2025-05-15 14:38:29'),
(579, 2, 6, 13, 0, 0, '2025-05-15 14:38:30', '2025-05-15 14:38:30'),
(580, 2, 4, 14, 0, 0, '2025-05-15 14:38:30', '2025-05-15 14:38:30'),
(581, 2, 5, 14, 0, 0, '2025-05-15 14:38:30', '2025-05-15 14:38:30'),
(582, 2, 6, 14, 0, 0, '2025-05-15 14:38:30', '2025-05-15 14:38:30'),
(583, 2, 4, 15, 0, 0, '2025-05-15 14:38:30', '2025-05-15 14:38:30'),
(584, 2, 5, 15, 0, 0, '2025-05-15 14:38:30', '2025-05-15 14:38:30'),
(585, 2, 6, 15, 0, 0, '2025-05-15 14:38:30', '2025-05-15 14:38:30'),
(586, 2, 4, 16, 0, 0, '2025-05-15 14:38:30', '2025-05-15 14:38:30'),
(587, 2, 5, 16, 0, 0, '2025-05-15 14:38:30', '2025-05-15 14:38:30'),
(588, 2, 6, 16, 0, 0, '2025-05-15 14:38:30', '2025-05-15 14:38:30'),
(589, 2, 4, 17, 0, 0, '2025-05-15 14:38:30', '2025-05-15 14:38:30'),
(590, 2, 5, 17, 0, 0, '2025-05-15 14:38:30', '2025-05-15 14:38:30'),
(591, 2, 6, 17, 0, 0, '2025-05-15 14:38:30', '2025-05-15 14:38:30'),
(592, 2, 4, 18, 0, 0, '2025-05-15 14:38:30', '2025-05-15 14:38:30'),
(593, 2, 5, 18, 0, 0, '2025-05-15 14:38:30', '2025-05-15 14:38:30'),
(594, 2, 6, 18, 0, 0, '2025-05-15 14:38:30', '2025-05-15 14:38:30'),
(595, 2, 4, 19, 0, 0, '2025-05-15 14:38:30', '2025-05-15 14:38:30'),
(596, 2, 5, 19, 0, 0, '2025-05-15 14:38:30', '2025-05-15 14:38:30'),
(597, 2, 6, 19, 0, 0, '2025-05-15 14:38:30', '2025-05-15 14:38:30'),
(598, 2, 4, 20, 0, 0, '2025-05-15 14:38:30', '2025-05-15 14:38:30'),
(599, 2, 5, 20, 0, 0, '2025-05-15 14:38:30', '2025-05-15 14:38:30'),
(600, 2, 6, 20, 0, 0, '2025-05-15 14:38:30', '2025-05-15 14:38:30'),
(601, 3, 4, 1, 0, 0, '2025-05-15 14:38:30', '2025-05-15 14:38:30'),
(602, 3, 5, 1, 0, 0, '2025-05-15 14:38:30', '2025-05-15 14:38:30'),
(603, 3, 6, 1, 0, 0, '2025-05-15 14:38:30', '2025-05-15 14:38:30'),
(604, 3, 4, 2, 0, 0, '2025-05-15 14:38:30', '2025-05-15 14:38:30'),
(605, 3, 5, 2, 0, 0, '2025-05-15 14:38:30', '2025-05-15 14:38:30'),
(606, 3, 6, 2, 0, 0, '2025-05-15 14:38:30', '2025-05-15 14:38:30'),
(607, 3, 4, 3, 0, 0, '2025-05-15 14:38:30', '2025-05-15 14:38:30'),
(608, 3, 5, 3, 0, 0, '2025-05-15 14:38:30', '2025-05-15 14:38:30'),
(609, 3, 6, 3, 0, 0, '2025-05-15 14:38:30', '2025-05-15 14:38:30'),
(610, 3, 4, 4, 0, 0, '2025-05-15 14:38:30', '2025-05-15 14:38:30'),
(611, 3, 5, 4, 0, 0, '2025-05-15 14:38:30', '2025-05-15 14:38:30'),
(612, 3, 6, 4, 0, 0, '2025-05-15 14:38:30', '2025-05-15 14:38:30'),
(613, 3, 4, 5, 0, 0, '2025-05-15 14:38:30', '2025-05-15 14:38:30'),
(614, 3, 5, 5, 0, 0, '2025-05-15 14:38:30', '2025-05-15 14:38:30'),
(615, 3, 6, 5, 0, 0, '2025-05-15 14:38:30', '2025-05-15 14:38:30'),
(616, 3, 4, 6, 0, 0, '2025-05-15 14:38:30', '2025-05-15 14:38:30'),
(617, 3, 5, 6, 0, 0, '2025-05-15 14:38:30', '2025-05-15 14:38:30'),
(618, 3, 6, 6, 0, 0, '2025-05-15 14:38:30', '2025-05-15 14:38:30'),
(619, 3, 4, 7, 0, 0, '2025-05-15 14:38:30', '2025-05-15 14:38:30'),
(620, 3, 5, 7, 0, 0, '2025-05-15 14:38:30', '2025-05-15 14:38:30'),
(621, 3, 6, 7, 0, 0, '2025-05-15 14:38:30', '2025-05-15 14:38:30'),
(622, 3, 4, 8, 0, 0, '2025-05-15 14:38:30', '2025-05-15 14:38:30'),
(623, 3, 5, 8, 0, 0, '2025-05-15 14:38:30', '2025-05-15 14:38:30'),
(624, 3, 6, 8, 0, 0, '2025-05-15 14:38:30', '2025-05-15 14:38:30'),
(625, 3, 4, 9, 0, 0, '2025-05-15 14:38:30', '2025-05-15 14:38:30'),
(626, 3, 5, 9, 0, 0, '2025-05-15 14:38:30', '2025-05-15 14:38:30'),
(627, 3, 6, 9, 0, 0, '2025-05-15 14:38:30', '2025-05-15 14:38:30'),
(628, 3, 4, 10, 0, 0, '2025-05-15 14:38:30', '2025-05-15 14:38:30'),
(629, 3, 5, 10, 0, 0, '2025-05-15 14:38:30', '2025-05-15 14:38:30'),
(630, 3, 6, 10, 0, 0, '2025-05-15 14:38:30', '2025-05-15 14:38:30'),
(631, 3, 4, 11, 0, 0, '2025-05-15 14:38:30', '2025-05-15 14:38:30'),
(632, 3, 5, 11, 0, 0, '2025-05-15 14:38:30', '2025-05-15 14:38:30'),
(633, 3, 6, 11, 0, 0, '2025-05-15 14:38:30', '2025-05-15 14:38:30'),
(634, 3, 4, 12, 0, 0, '2025-05-15 14:38:30', '2025-05-15 14:38:30'),
(635, 3, 5, 12, 0, 0, '2025-05-15 14:38:30', '2025-05-15 14:38:30'),
(636, 3, 6, 12, 0, 0, '2025-05-15 14:38:30', '2025-05-15 14:38:30'),
(637, 3, 4, 13, 0, 0, '2025-05-15 14:38:30', '2025-05-15 14:38:30'),
(638, 3, 5, 13, 0, 0, '2025-05-15 14:38:30', '2025-05-15 14:38:30'),
(639, 3, 6, 13, 0, 0, '2025-05-15 14:38:30', '2025-05-15 14:38:30'),
(640, 3, 4, 14, 0, 0, '2025-05-15 14:38:30', '2025-05-15 14:38:30'),
(641, 3, 5, 14, 0, 0, '2025-05-15 14:38:30', '2025-05-15 14:38:30'),
(642, 3, 6, 14, 0, 0, '2025-05-15 14:38:30', '2025-05-15 14:38:30'),
(643, 3, 4, 15, 0, 0, '2025-05-15 14:38:30', '2025-05-15 14:38:30'),
(644, 3, 5, 15, 0, 0, '2025-05-15 14:38:30', '2025-05-15 14:38:30'),
(645, 3, 6, 15, 0, 0, '2025-05-15 14:38:30', '2025-05-15 14:38:30'),
(646, 3, 4, 16, 0, 0, '2025-05-15 14:38:30', '2025-05-15 14:38:30'),
(647, 3, 5, 16, 0, 0, '2025-05-15 14:38:30', '2025-05-15 14:38:30'),
(648, 3, 6, 16, 0, 0, '2025-05-15 14:38:30', '2025-05-15 14:38:30'),
(649, 3, 4, 17, 0, 0, '2025-05-15 14:38:30', '2025-05-15 14:38:30'),
(650, 3, 5, 17, 0, 0, '2025-05-15 14:38:30', '2025-05-15 14:38:30'),
(651, 3, 6, 17, 0, 0, '2025-05-15 14:38:30', '2025-05-15 14:38:30'),
(652, 3, 4, 18, 0, 0, '2025-05-15 14:38:30', '2025-05-15 14:38:30'),
(653, 3, 5, 18, 0, 0, '2025-05-15 14:38:30', '2025-05-15 14:38:30'),
(654, 3, 6, 18, 0, 0, '2025-05-15 14:38:30', '2025-05-15 14:38:30'),
(655, 3, 4, 19, 0, 0, '2025-05-15 14:38:30', '2025-05-15 14:38:30'),
(656, 3, 5, 19, 0, 0, '2025-05-15 14:38:30', '2025-05-15 14:38:30'),
(657, 3, 6, 19, 0, 0, '2025-05-15 14:38:30', '2025-05-15 14:38:30'),
(658, 3, 4, 20, 0, 0, '2025-05-15 14:38:30', '2025-05-15 14:38:30'),
(659, 3, 5, 20, 0, 0, '2025-05-15 14:38:30', '2025-05-15 14:38:30'),
(660, 3, 6, 20, 0, 0, '2025-05-15 14:38:30', '2025-05-15 14:38:30'),
(661, 4, 4, 1, 0, 0, '2025-05-15 14:38:30', '2025-05-15 14:38:30'),
(662, 4, 5, 1, 0, 0, '2025-05-15 14:38:31', '2025-05-15 14:38:31'),
(663, 4, 6, 1, 0, 0, '2025-05-15 14:38:31', '2025-05-15 14:38:31'),
(664, 4, 4, 2, 0, 0, '2025-05-15 14:38:31', '2025-05-15 14:38:31'),
(665, 4, 5, 2, 0, 0, '2025-05-15 14:38:31', '2025-05-15 14:38:31'),
(666, 4, 6, 2, 0, 0, '2025-05-15 14:38:31', '2025-05-15 14:38:31'),
(667, 4, 4, 3, 0, 0, '2025-05-15 14:38:31', '2025-05-15 14:38:31'),
(668, 4, 5, 3, 0, 0, '2025-05-15 14:38:31', '2025-05-15 14:38:31'),
(669, 4, 6, 3, 0, 0, '2025-05-15 14:38:31', '2025-05-15 14:38:31'),
(670, 4, 4, 4, 0, 0, '2025-05-15 14:38:31', '2025-05-15 14:38:31'),
(671, 4, 5, 4, 0, 0, '2025-05-15 14:38:31', '2025-05-15 14:38:31'),
(672, 4, 6, 4, 0, 0, '2025-05-15 14:38:31', '2025-05-15 14:38:31'),
(673, 4, 4, 5, 0, 0, '2025-05-15 14:38:31', '2025-05-15 14:38:31'),
(674, 4, 5, 5, 0, 0, '2025-05-15 14:38:31', '2025-05-15 14:38:31'),
(675, 4, 6, 5, 0, 0, '2025-05-15 14:38:31', '2025-05-15 14:38:31'),
(676, 4, 4, 6, 0, 0, '2025-05-15 14:38:31', '2025-05-15 14:38:31'),
(677, 4, 5, 6, 0, 0, '2025-05-15 14:38:31', '2025-05-15 14:38:31'),
(678, 4, 6, 6, 0, 0, '2025-05-15 14:38:31', '2025-05-15 14:38:31'),
(679, 4, 4, 7, 0, 0, '2025-05-15 14:38:31', '2025-05-15 14:38:31'),
(680, 4, 5, 7, 0, 0, '2025-05-15 14:38:31', '2025-05-15 14:38:31'),
(681, 4, 6, 7, 0, 0, '2025-05-15 14:38:31', '2025-05-15 14:38:31'),
(682, 4, 4, 8, 0, 0, '2025-05-15 14:38:31', '2025-05-15 14:38:31'),
(683, 4, 5, 8, 0, 0, '2025-05-15 14:38:31', '2025-05-15 14:38:31'),
(684, 4, 6, 8, 0, 0, '2025-05-15 14:38:31', '2025-05-15 14:38:31'),
(685, 4, 4, 9, 0, 0, '2025-05-15 14:38:31', '2025-05-15 14:38:31'),
(686, 4, 5, 9, 0, 0, '2025-05-15 14:38:31', '2025-05-15 14:38:31'),
(687, 4, 6, 9, 0, 0, '2025-05-15 14:38:31', '2025-05-15 14:38:31'),
(688, 4, 4, 10, 0, 0, '2025-05-15 14:38:31', '2025-05-15 14:38:31'),
(689, 4, 5, 10, 0, 0, '2025-05-15 14:38:31', '2025-05-15 14:38:31'),
(690, 4, 6, 10, 0, 0, '2025-05-15 14:38:31', '2025-05-15 14:38:31'),
(691, 4, 4, 11, 0, 0, '2025-05-15 14:38:31', '2025-05-15 14:38:31'),
(692, 4, 5, 11, 0, 0, '2025-05-15 14:38:31', '2025-05-15 14:38:31'),
(693, 4, 6, 11, 0, 0, '2025-05-15 14:38:31', '2025-05-15 14:38:31'),
(694, 4, 4, 12, 0, 0, '2025-05-15 14:38:31', '2025-05-15 14:38:31'),
(695, 4, 5, 12, 0, 0, '2025-05-15 14:38:31', '2025-05-15 14:38:31'),
(696, 4, 6, 12, 0, 0, '2025-05-15 14:38:31', '2025-05-15 14:38:31'),
(697, 4, 4, 13, 0, 0, '2025-05-15 14:38:31', '2025-05-15 14:38:31'),
(698, 4, 5, 13, 0, 0, '2025-05-15 14:38:31', '2025-05-15 14:38:31'),
(699, 4, 6, 13, 0, 0, '2025-05-15 14:38:31', '2025-05-15 14:38:31'),
(700, 4, 4, 14, 0, 0, '2025-05-15 14:38:31', '2025-05-15 14:38:31'),
(701, 4, 5, 14, 0, 0, '2025-05-15 14:38:31', '2025-05-15 14:38:31'),
(702, 4, 6, 14, 0, 0, '2025-05-15 14:38:31', '2025-05-15 14:38:31'),
(703, 4, 4, 15, 0, 0, '2025-05-15 14:38:31', '2025-05-15 14:38:31'),
(704, 4, 5, 15, 0, 0, '2025-05-15 14:38:31', '2025-05-15 14:38:31'),
(705, 4, 6, 15, 0, 0, '2025-05-15 14:38:31', '2025-05-15 14:38:31'),
(706, 4, 4, 16, 0, 0, '2025-05-15 14:38:31', '2025-05-15 14:38:31'),
(707, 4, 5, 16, 0, 0, '2025-05-15 14:38:31', '2025-05-15 14:38:31'),
(708, 4, 6, 16, 0, 0, '2025-05-15 14:38:31', '2025-05-15 14:38:31'),
(709, 4, 4, 17, 0, 0, '2025-05-15 14:38:31', '2025-05-15 14:38:31'),
(710, 4, 5, 17, 0, 0, '2025-05-15 14:38:31', '2025-05-15 14:38:31'),
(711, 4, 6, 17, 0, 0, '2025-05-15 14:38:31', '2025-05-15 14:38:31'),
(712, 4, 4, 18, 0, 0, '2025-05-15 14:38:31', '2025-05-15 14:38:31'),
(713, 4, 5, 18, 0, 0, '2025-05-15 14:38:31', '2025-05-15 14:38:31'),
(714, 4, 6, 18, 0, 0, '2025-05-15 14:38:31', '2025-05-15 14:38:31'),
(715, 4, 4, 19, 0, 0, '2025-05-15 14:38:31', '2025-05-15 14:38:31'),
(716, 4, 5, 19, 0, 0, '2025-05-15 14:38:31', '2025-05-15 14:38:31'),
(717, 4, 6, 19, 0, 0, '2025-05-15 14:38:31', '2025-05-15 14:38:31'),
(718, 4, 4, 20, 0, 0, '2025-05-15 14:38:31', '2025-05-15 14:38:31'),
(719, 4, 5, 20, 0, 0, '2025-05-15 14:38:31', '2025-05-15 14:38:31'),
(720, 4, 6, 20, 0, 0, '2025-05-15 14:38:31', '2025-05-15 14:38:31'),
(721, 5, 4, 1, 0, 0, '2025-05-15 14:38:31', '2025-05-15 14:38:31'),
(722, 5, 5, 1, 0, 0, '2025-05-15 14:38:31', '2025-05-15 14:38:31'),
(723, 5, 6, 1, 0, 0, '2025-05-15 14:38:31', '2025-05-15 14:38:31'),
(724, 5, 4, 2, 0, 0, '2025-05-15 14:38:31', '2025-05-15 14:38:31'),
(725, 5, 5, 2, 0, 0, '2025-05-15 14:38:31', '2025-05-15 14:38:31'),
(726, 5, 6, 2, 0, 0, '2025-05-15 14:38:31', '2025-05-15 14:38:31'),
(727, 5, 4, 3, 0, 0, '2025-05-15 14:38:31', '2025-05-15 14:38:31'),
(728, 5, 5, 3, 0, 0, '2025-05-15 14:38:31', '2025-05-15 14:38:31'),
(729, 5, 6, 3, 0, 0, '2025-05-15 14:38:31', '2025-05-15 14:38:31'),
(730, 5, 4, 4, 0, 0, '2025-05-15 14:38:31', '2025-05-15 14:38:31'),
(731, 5, 5, 4, 0, 0, '2025-05-15 14:38:31', '2025-05-15 14:38:31'),
(732, 5, 6, 4, 0, 0, '2025-05-15 14:38:31', '2025-05-15 14:38:31'),
(733, 5, 4, 5, 0, 0, '2025-05-15 14:38:31', '2025-05-15 14:38:31'),
(734, 5, 5, 5, 0, 0, '2025-05-15 14:38:31', '2025-05-15 14:38:31'),
(735, 5, 6, 5, 0, 0, '2025-05-15 14:38:31', '2025-05-15 14:38:31'),
(736, 5, 4, 6, 0, 0, '2025-05-15 14:38:31', '2025-05-15 14:38:31'),
(737, 5, 5, 6, 0, 0, '2025-05-15 14:38:31', '2025-05-15 14:38:31'),
(738, 5, 6, 6, 0, 0, '2025-05-15 14:38:31', '2025-05-15 14:38:31'),
(739, 5, 4, 7, 0, 0, '2025-05-15 14:38:31', '2025-05-15 14:38:31'),
(740, 5, 5, 7, 0, 0, '2025-05-15 14:38:31', '2025-05-15 14:38:31'),
(741, 5, 6, 7, 0, 0, '2025-05-15 14:38:31', '2025-05-15 14:38:31'),
(742, 5, 4, 8, 0, 0, '2025-05-15 14:38:31', '2025-05-15 14:38:31'),
(743, 5, 5, 8, 0, 0, '2025-05-15 14:38:31', '2025-05-15 14:38:31'),
(744, 5, 6, 8, 0, 0, '2025-05-15 14:38:31', '2025-05-15 14:38:31'),
(745, 5, 4, 9, 0, 0, '2025-05-15 14:38:31', '2025-05-15 14:38:31'),
(746, 5, 5, 9, 0, 0, '2025-05-15 14:38:32', '2025-05-15 14:38:32'),
(747, 5, 6, 9, 0, 0, '2025-05-15 14:38:32', '2025-05-15 14:38:32'),
(748, 5, 4, 10, 0, 0, '2025-05-15 14:38:32', '2025-05-15 14:38:32'),
(749, 5, 5, 10, 0, 0, '2025-05-15 14:38:32', '2025-05-15 14:38:32'),
(750, 5, 6, 10, 0, 0, '2025-05-15 14:38:32', '2025-05-15 14:38:32'),
(751, 5, 4, 11, 0, 0, '2025-05-15 14:38:32', '2025-05-15 14:38:32');
INSERT INTO `ratings` (`id`, `judge_id`, `criteria_id`, `team_id`, `value`, `is_locked`, `created_at`, `updated_at`) VALUES
(752, 5, 5, 11, 0, 0, '2025-05-15 14:38:32', '2025-05-15 14:38:32'),
(753, 5, 6, 11, 0, 0, '2025-05-15 14:38:32', '2025-05-15 14:38:32'),
(754, 5, 4, 12, 0, 0, '2025-05-15 14:38:32', '2025-05-15 14:38:32'),
(755, 5, 5, 12, 0, 0, '2025-05-15 14:38:32', '2025-05-15 14:38:32'),
(756, 5, 6, 12, 0, 0, '2025-05-15 14:38:32', '2025-05-15 14:38:32'),
(757, 5, 4, 13, 0, 0, '2025-05-15 14:38:32', '2025-05-15 14:38:32'),
(758, 5, 5, 13, 0, 0, '2025-05-15 14:38:32', '2025-05-15 14:38:32'),
(759, 5, 6, 13, 0, 0, '2025-05-15 14:38:32', '2025-05-15 14:38:32'),
(760, 5, 4, 14, 0, 0, '2025-05-15 14:38:32', '2025-05-15 14:38:32'),
(761, 5, 5, 14, 0, 0, '2025-05-15 14:38:32', '2025-05-15 14:38:32'),
(762, 5, 6, 14, 0, 0, '2025-05-15 14:38:32', '2025-05-15 14:38:32'),
(763, 5, 4, 15, 0, 0, '2025-05-15 14:38:32', '2025-05-15 14:38:32'),
(764, 5, 5, 15, 0, 0, '2025-05-15 14:38:32', '2025-05-15 14:38:32'),
(765, 5, 6, 15, 0, 0, '2025-05-15 14:38:32', '2025-05-15 14:38:32'),
(766, 5, 4, 16, 0, 0, '2025-05-15 14:38:32', '2025-05-15 14:38:32'),
(767, 5, 5, 16, 0, 0, '2025-05-15 14:38:32', '2025-05-15 14:38:32'),
(768, 5, 6, 16, 0, 0, '2025-05-15 14:38:32', '2025-05-15 14:38:32'),
(769, 5, 4, 17, 0, 0, '2025-05-15 14:38:32', '2025-05-15 14:38:32'),
(770, 5, 5, 17, 0, 0, '2025-05-15 14:38:32', '2025-05-15 14:38:32'),
(771, 5, 6, 17, 0, 0, '2025-05-15 14:38:32', '2025-05-15 14:38:32'),
(772, 5, 4, 18, 0, 0, '2025-05-15 14:38:32', '2025-05-15 14:38:32'),
(773, 5, 5, 18, 0, 0, '2025-05-15 14:38:32', '2025-05-15 14:38:32'),
(774, 5, 6, 18, 0, 0, '2025-05-15 14:38:32', '2025-05-15 14:38:32'),
(775, 5, 4, 19, 0, 0, '2025-05-15 14:38:32', '2025-05-15 14:38:32'),
(776, 5, 5, 19, 0, 0, '2025-05-15 14:38:32', '2025-05-15 14:38:32'),
(777, 5, 6, 19, 0, 0, '2025-05-15 14:38:32', '2025-05-15 14:38:32'),
(778, 5, 4, 20, 0, 0, '2025-05-15 14:38:32', '2025-05-15 14:38:32'),
(779, 5, 5, 20, 0, 0, '2025-05-15 14:38:32', '2025-05-15 14:38:32'),
(780, 5, 6, 20, 0, 0, '2025-05-15 14:38:32', '2025-05-15 14:38:32'),
(781, 6, 4, 1, 0, 0, '2025-05-15 14:38:32', '2025-05-15 14:38:32'),
(782, 6, 5, 1, 0, 0, '2025-05-15 14:38:32', '2025-05-15 14:38:32'),
(783, 6, 6, 1, 0, 0, '2025-05-15 14:38:32', '2025-05-15 14:38:32'),
(784, 6, 4, 2, 0, 0, '2025-05-15 14:38:32', '2025-05-15 14:38:32'),
(785, 6, 5, 2, 0, 0, '2025-05-15 14:38:32', '2025-05-15 14:38:32'),
(786, 6, 6, 2, 0, 0, '2025-05-15 14:38:32', '2025-05-15 14:38:32'),
(787, 6, 4, 3, 0, 0, '2025-05-15 14:38:32', '2025-05-15 14:38:32'),
(788, 6, 5, 3, 0, 0, '2025-05-15 14:38:32', '2025-05-15 14:38:32'),
(789, 6, 6, 3, 0, 0, '2025-05-15 14:38:32', '2025-05-15 14:38:32'),
(790, 6, 4, 4, 0, 0, '2025-05-15 14:38:32', '2025-05-15 14:38:32'),
(791, 6, 5, 4, 0, 0, '2025-05-15 14:38:32', '2025-05-15 14:38:32'),
(792, 6, 6, 4, 0, 0, '2025-05-15 14:38:32', '2025-05-15 14:38:32'),
(793, 6, 4, 5, 0, 0, '2025-05-15 14:38:32', '2025-05-15 14:38:32'),
(794, 6, 5, 5, 0, 0, '2025-05-15 14:38:32', '2025-05-15 14:38:32'),
(795, 6, 6, 5, 0, 0, '2025-05-15 14:38:32', '2025-05-15 14:38:32'),
(796, 6, 4, 6, 0, 0, '2025-05-15 14:38:32', '2025-05-15 14:38:32'),
(797, 6, 5, 6, 0, 0, '2025-05-15 14:38:32', '2025-05-15 14:38:32'),
(798, 6, 6, 6, 0, 0, '2025-05-15 14:38:32', '2025-05-15 14:38:32'),
(799, 6, 4, 7, 0, 0, '2025-05-15 14:38:32', '2025-05-15 14:38:32'),
(800, 6, 5, 7, 0, 0, '2025-05-15 14:38:32', '2025-05-15 14:38:32'),
(801, 6, 6, 7, 0, 0, '2025-05-15 14:38:32', '2025-05-15 14:38:32'),
(802, 6, 4, 8, 0, 0, '2025-05-15 14:38:32', '2025-05-15 14:38:32'),
(803, 6, 5, 8, 0, 0, '2025-05-15 14:38:32', '2025-05-15 14:38:32'),
(804, 6, 6, 8, 0, 0, '2025-05-15 14:38:32', '2025-05-15 14:38:32'),
(805, 6, 4, 9, 0, 0, '2025-05-15 14:38:32', '2025-05-15 14:38:32'),
(806, 6, 5, 9, 0, 0, '2025-05-15 14:38:32', '2025-05-15 14:38:32'),
(807, 6, 6, 9, 0, 0, '2025-05-15 14:38:32', '2025-05-15 14:38:32'),
(808, 6, 4, 10, 0, 0, '2025-05-15 14:38:32', '2025-05-15 14:38:32'),
(809, 6, 5, 10, 0, 0, '2025-05-15 14:38:32', '2025-05-15 14:38:32'),
(810, 6, 6, 10, 0, 0, '2025-05-15 14:38:32', '2025-05-15 14:38:32'),
(811, 6, 4, 11, 0, 0, '2025-05-15 14:38:32', '2025-05-15 14:38:32'),
(812, 6, 5, 11, 0, 0, '2025-05-15 14:38:32', '2025-05-15 14:38:32'),
(813, 6, 6, 11, 0, 0, '2025-05-15 14:38:32', '2025-05-15 14:38:32'),
(814, 6, 4, 12, 0, 0, '2025-05-15 14:38:32', '2025-05-15 14:38:32'),
(815, 6, 5, 12, 0, 0, '2025-05-15 14:38:32', '2025-05-15 14:38:32'),
(816, 6, 6, 12, 0, 0, '2025-05-15 14:38:32', '2025-05-15 14:38:32'),
(817, 6, 4, 13, 0, 0, '2025-05-15 14:38:32', '2025-05-15 14:38:32'),
(818, 6, 5, 13, 0, 0, '2025-05-15 14:38:32', '2025-05-15 14:38:32'),
(819, 6, 6, 13, 0, 0, '2025-05-15 14:38:32', '2025-05-15 14:38:32'),
(820, 6, 4, 14, 0, 0, '2025-05-15 14:38:32', '2025-05-15 14:38:32'),
(821, 6, 5, 14, 0, 0, '2025-05-15 14:38:32', '2025-05-15 14:38:32'),
(822, 6, 6, 14, 0, 0, '2025-05-15 14:38:32', '2025-05-15 14:38:32'),
(823, 6, 4, 15, 0, 0, '2025-05-15 14:38:32', '2025-05-15 14:38:32'),
(824, 6, 5, 15, 0, 0, '2025-05-15 14:38:32', '2025-05-15 14:38:32'),
(825, 6, 6, 15, 0, 0, '2025-05-15 14:38:32', '2025-05-15 14:38:32'),
(826, 6, 4, 16, 0, 0, '2025-05-15 14:38:32', '2025-05-15 14:38:32'),
(827, 6, 5, 16, 0, 0, '2025-05-15 14:38:32', '2025-05-15 14:38:32'),
(828, 6, 6, 16, 0, 0, '2025-05-15 14:38:32', '2025-05-15 14:38:32'),
(829, 6, 4, 17, 0, 0, '2025-05-15 14:38:32', '2025-05-15 14:38:32'),
(830, 6, 5, 17, 0, 0, '2025-05-15 14:38:32', '2025-05-15 14:38:32'),
(831, 6, 6, 17, 0, 0, '2025-05-15 14:38:32', '2025-05-15 14:38:32'),
(832, 6, 4, 18, 0, 0, '2025-05-15 14:38:32', '2025-05-15 14:38:32'),
(833, 6, 5, 18, 0, 0, '2025-05-15 14:38:32', '2025-05-15 14:38:32'),
(834, 6, 6, 18, 0, 0, '2025-05-15 14:38:33', '2025-05-15 14:38:33'),
(835, 6, 4, 19, 0, 0, '2025-05-15 14:38:33', '2025-05-15 14:38:33'),
(836, 6, 5, 19, 0, 0, '2025-05-15 14:38:33', '2025-05-15 14:38:33'),
(837, 6, 6, 19, 0, 0, '2025-05-15 14:38:33', '2025-05-15 14:38:33'),
(838, 6, 4, 20, 0, 0, '2025-05-15 14:38:33', '2025-05-15 14:38:33'),
(839, 6, 5, 20, 0, 0, '2025-05-15 14:38:33', '2025-05-15 14:38:33'),
(840, 6, 6, 20, 0, 0, '2025-05-15 14:38:33', '2025-05-15 14:38:33'),
(841, 7, 4, 1, 0, 0, '2025-05-15 14:38:33', '2025-05-15 14:38:33'),
(842, 7, 5, 1, 0, 0, '2025-05-15 14:38:33', '2025-05-15 14:38:33'),
(843, 7, 6, 1, 0, 0, '2025-05-15 14:38:33', '2025-05-15 14:38:33'),
(844, 7, 4, 2, 0, 0, '2025-05-15 14:38:33', '2025-05-15 14:38:33'),
(845, 7, 5, 2, 0, 0, '2025-05-15 14:38:33', '2025-05-15 14:38:33'),
(846, 7, 6, 2, 0, 0, '2025-05-15 14:38:33', '2025-05-15 14:38:33'),
(847, 7, 4, 3, 0, 0, '2025-05-15 14:38:33', '2025-05-15 14:38:33'),
(848, 7, 5, 3, 0, 0, '2025-05-15 14:38:33', '2025-05-15 14:38:33'),
(849, 7, 6, 3, 0, 0, '2025-05-15 14:38:33', '2025-05-15 14:38:33'),
(850, 7, 4, 4, 0, 0, '2025-05-15 14:38:33', '2025-05-15 14:38:33'),
(851, 7, 5, 4, 0, 0, '2025-05-15 14:38:33', '2025-05-15 14:38:33'),
(852, 7, 6, 4, 0, 0, '2025-05-15 14:38:33', '2025-05-15 14:38:33'),
(853, 7, 4, 5, 0, 0, '2025-05-15 14:38:33', '2025-05-15 14:38:33'),
(854, 7, 5, 5, 0, 0, '2025-05-15 14:38:33', '2025-05-15 14:38:33'),
(855, 7, 6, 5, 0, 0, '2025-05-15 14:38:33', '2025-05-15 14:38:33'),
(856, 7, 4, 6, 0, 0, '2025-05-15 14:38:33', '2025-05-15 14:38:33'),
(857, 7, 5, 6, 0, 0, '2025-05-15 14:38:33', '2025-05-15 14:38:33'),
(858, 7, 6, 6, 0, 0, '2025-05-15 14:38:33', '2025-05-15 14:38:33'),
(859, 7, 4, 7, 0, 0, '2025-05-15 14:38:33', '2025-05-15 14:38:33'),
(860, 7, 5, 7, 0, 0, '2025-05-15 14:38:33', '2025-05-15 14:38:33'),
(861, 7, 6, 7, 0, 0, '2025-05-15 14:38:33', '2025-05-15 14:38:33'),
(862, 7, 4, 8, 0, 0, '2025-05-15 14:38:33', '2025-05-15 14:38:33'),
(863, 7, 5, 8, 0, 0, '2025-05-15 14:38:33', '2025-05-15 14:38:33'),
(864, 7, 6, 8, 0, 0, '2025-05-15 14:38:33', '2025-05-15 14:38:33'),
(865, 7, 4, 9, 0, 0, '2025-05-15 14:38:33', '2025-05-15 14:38:33'),
(866, 7, 5, 9, 0, 0, '2025-05-15 14:38:33', '2025-05-15 14:38:33'),
(867, 7, 6, 9, 0, 0, '2025-05-15 14:38:33', '2025-05-15 14:38:33'),
(868, 7, 4, 10, 0, 0, '2025-05-15 14:38:33', '2025-05-15 14:38:33'),
(869, 7, 5, 10, 0, 0, '2025-05-15 14:38:33', '2025-05-15 14:38:33'),
(870, 7, 6, 10, 0, 0, '2025-05-15 14:38:33', '2025-05-15 14:38:33'),
(871, 7, 4, 11, 0, 0, '2025-05-15 14:38:33', '2025-05-15 14:38:33'),
(872, 7, 5, 11, 0, 0, '2025-05-15 14:38:33', '2025-05-15 14:38:33'),
(873, 7, 6, 11, 0, 0, '2025-05-15 14:38:33', '2025-05-15 14:38:33'),
(874, 7, 4, 12, 0, 0, '2025-05-15 14:38:33', '2025-05-15 14:38:33'),
(875, 7, 5, 12, 0, 0, '2025-05-15 14:38:33', '2025-05-15 14:38:33'),
(876, 7, 6, 12, 0, 0, '2025-05-15 14:38:33', '2025-05-15 14:38:33'),
(877, 7, 4, 13, 0, 0, '2025-05-15 14:38:33', '2025-05-15 14:38:33'),
(878, 7, 5, 13, 0, 0, '2025-05-15 14:38:33', '2025-05-15 14:38:33'),
(879, 7, 6, 13, 0, 0, '2025-05-15 14:38:33', '2025-05-15 14:38:33'),
(880, 7, 4, 14, 0, 0, '2025-05-15 14:38:33', '2025-05-15 14:38:33'),
(881, 7, 5, 14, 0, 0, '2025-05-15 14:38:33', '2025-05-15 14:38:33'),
(882, 7, 6, 14, 0, 0, '2025-05-15 14:38:33', '2025-05-15 14:38:33'),
(883, 7, 4, 15, 0, 0, '2025-05-15 14:38:33', '2025-05-15 14:38:33'),
(884, 7, 5, 15, 0, 0, '2025-05-15 14:38:33', '2025-05-15 14:38:33'),
(885, 7, 6, 15, 0, 0, '2025-05-15 14:38:33', '2025-05-15 14:38:33'),
(886, 7, 4, 16, 0, 0, '2025-05-15 14:38:33', '2025-05-15 14:38:33'),
(887, 7, 5, 16, 0, 0, '2025-05-15 14:38:33', '2025-05-15 14:38:33'),
(888, 7, 6, 16, 0, 0, '2025-05-15 14:38:33', '2025-05-15 14:38:33'),
(889, 7, 4, 17, 0, 0, '2025-05-15 14:38:33', '2025-05-15 14:38:33'),
(890, 7, 5, 17, 0, 0, '2025-05-15 14:38:33', '2025-05-15 14:38:33'),
(891, 7, 6, 17, 0, 0, '2025-05-15 14:38:33', '2025-05-15 14:38:33'),
(892, 7, 4, 18, 0, 0, '2025-05-15 14:38:33', '2025-05-15 14:38:33'),
(893, 7, 5, 18, 0, 0, '2025-05-15 14:38:33', '2025-05-15 14:38:33'),
(894, 7, 6, 18, 0, 0, '2025-05-15 14:38:33', '2025-05-15 14:38:33'),
(895, 7, 4, 19, 0, 0, '2025-05-15 14:38:33', '2025-05-15 14:38:33'),
(896, 7, 5, 19, 0, 0, '2025-05-15 14:38:33', '2025-05-15 14:38:33'),
(897, 7, 6, 19, 0, 0, '2025-05-15 14:38:33', '2025-05-15 14:38:33'),
(898, 7, 4, 20, 0, 0, '2025-05-15 14:38:33', '2025-05-15 14:38:33'),
(899, 7, 5, 20, 0, 0, '2025-05-15 14:38:33', '2025-05-15 14:38:33'),
(900, 7, 6, 20, 0, 0, '2025-05-15 14:38:33', '2025-05-15 14:38:33'),
(901, 8, 4, 1, 0, 0, '2025-05-15 14:38:33', '2025-05-15 14:38:33'),
(902, 8, 5, 1, 0, 0, '2025-05-15 14:38:33', '2025-05-15 14:38:33'),
(903, 8, 6, 1, 0, 0, '2025-05-15 14:38:33', '2025-05-15 14:38:33'),
(904, 8, 4, 2, 0, 0, '2025-05-15 14:38:33', '2025-05-15 14:38:33'),
(905, 8, 5, 2, 0, 0, '2025-05-15 14:38:33', '2025-05-15 14:38:33'),
(906, 8, 6, 2, 0, 0, '2025-05-15 14:38:33', '2025-05-15 14:38:33'),
(907, 8, 4, 3, 0, 0, '2025-05-15 14:38:33', '2025-05-15 14:38:33'),
(908, 8, 5, 3, 0, 0, '2025-05-15 14:38:33', '2025-05-15 14:38:33'),
(909, 8, 6, 3, 0, 0, '2025-05-15 14:38:33', '2025-05-15 14:38:33'),
(910, 8, 4, 4, 0, 0, '2025-05-15 14:38:33', '2025-05-15 14:38:33'),
(911, 8, 5, 4, 0, 0, '2025-05-15 14:38:33', '2025-05-15 14:38:33'),
(912, 8, 6, 4, 0, 0, '2025-05-15 14:38:33', '2025-05-15 14:38:33'),
(913, 8, 4, 5, 0, 0, '2025-05-15 14:38:33', '2025-05-15 14:38:33'),
(914, 8, 5, 5, 0, 0, '2025-05-15 14:38:33', '2025-05-15 14:38:33'),
(915, 8, 6, 5, 0, 0, '2025-05-15 14:38:33', '2025-05-15 14:38:33'),
(916, 8, 4, 6, 0, 0, '2025-05-15 14:38:33', '2025-05-15 14:38:33'),
(917, 8, 5, 6, 0, 0, '2025-05-15 14:38:33', '2025-05-15 14:38:33'),
(918, 8, 6, 6, 0, 0, '2025-05-15 14:38:33', '2025-05-15 14:38:33'),
(919, 8, 4, 7, 0, 0, '2025-05-15 14:38:33', '2025-05-15 14:38:33'),
(920, 8, 5, 7, 0, 0, '2025-05-15 14:38:34', '2025-05-15 14:38:34'),
(921, 8, 6, 7, 0, 0, '2025-05-15 14:38:34', '2025-05-15 14:38:34'),
(922, 8, 4, 8, 0, 0, '2025-05-15 14:38:34', '2025-05-15 14:38:34'),
(923, 8, 5, 8, 0, 0, '2025-05-15 14:38:34', '2025-05-15 14:38:34'),
(924, 8, 6, 8, 0, 0, '2025-05-15 14:38:34', '2025-05-15 14:38:34'),
(925, 8, 4, 9, 0, 0, '2025-05-15 14:38:34', '2025-05-15 14:38:34'),
(926, 8, 5, 9, 0, 0, '2025-05-15 14:38:34', '2025-05-15 14:38:34'),
(927, 8, 6, 9, 0, 0, '2025-05-15 14:38:34', '2025-05-15 14:38:34'),
(928, 8, 4, 10, 0, 0, '2025-05-15 14:38:34', '2025-05-15 14:38:34'),
(929, 8, 5, 10, 0, 0, '2025-05-15 14:38:34', '2025-05-15 14:38:34'),
(930, 8, 6, 10, 0, 0, '2025-05-15 14:38:34', '2025-05-15 14:38:34'),
(931, 8, 4, 11, 0, 0, '2025-05-15 14:38:34', '2025-05-15 14:38:34'),
(932, 8, 5, 11, 0, 0, '2025-05-15 14:38:34', '2025-05-15 14:38:34'),
(933, 8, 6, 11, 0, 0, '2025-05-15 14:38:34', '2025-05-15 14:38:34'),
(934, 8, 4, 12, 0, 0, '2025-05-15 14:38:34', '2025-05-15 14:38:34'),
(935, 8, 5, 12, 0, 0, '2025-05-15 14:38:34', '2025-05-15 14:38:34'),
(936, 8, 6, 12, 0, 0, '2025-05-15 14:38:34', '2025-05-15 14:38:34'),
(937, 8, 4, 13, 0, 0, '2025-05-15 14:38:34', '2025-05-15 14:38:34'),
(938, 8, 5, 13, 0, 0, '2025-05-15 14:38:34', '2025-05-15 14:38:34'),
(939, 8, 6, 13, 0, 0, '2025-05-15 14:38:34', '2025-05-15 14:38:34'),
(940, 8, 4, 14, 0, 0, '2025-05-15 14:38:34', '2025-05-15 14:38:34'),
(941, 8, 5, 14, 0, 0, '2025-05-15 14:38:34', '2025-05-15 14:38:34'),
(942, 8, 6, 14, 0, 0, '2025-05-15 14:38:34', '2025-05-15 14:38:34'),
(943, 8, 4, 15, 0, 0, '2025-05-15 14:38:34', '2025-05-15 14:38:34'),
(944, 8, 5, 15, 0, 0, '2025-05-15 14:38:34', '2025-05-15 14:38:34'),
(945, 8, 6, 15, 0, 0, '2025-05-15 14:38:34', '2025-05-15 14:38:34'),
(946, 8, 4, 16, 0, 0, '2025-05-15 14:38:34', '2025-05-15 14:38:34'),
(947, 8, 5, 16, 0, 0, '2025-05-15 14:38:34', '2025-05-15 14:38:34'),
(948, 8, 6, 16, 0, 0, '2025-05-15 14:38:34', '2025-05-15 14:38:34'),
(949, 8, 4, 17, 0, 0, '2025-05-15 14:38:34', '2025-05-15 14:38:34'),
(950, 8, 5, 17, 0, 0, '2025-05-15 14:38:34', '2025-05-15 14:38:34'),
(951, 8, 6, 17, 0, 0, '2025-05-15 14:38:34', '2025-05-15 14:38:34'),
(952, 8, 4, 18, 0, 0, '2025-05-15 14:38:34', '2025-05-15 14:38:34'),
(953, 8, 5, 18, 0, 0, '2025-05-15 14:38:34', '2025-05-15 14:38:34'),
(954, 8, 6, 18, 0, 0, '2025-05-15 14:38:34', '2025-05-15 14:38:34'),
(955, 8, 4, 19, 0, 0, '2025-05-15 14:38:34', '2025-05-15 14:38:34'),
(956, 8, 5, 19, 0, 0, '2025-05-15 14:38:34', '2025-05-15 14:38:34'),
(957, 8, 6, 19, 0, 0, '2025-05-15 14:38:34', '2025-05-15 14:38:34'),
(958, 8, 4, 20, 0, 0, '2025-05-15 14:38:34', '2025-05-15 14:38:34'),
(959, 8, 5, 20, 0, 0, '2025-05-15 14:38:34', '2025-05-15 14:38:34'),
(960, 8, 6, 20, 0, 0, '2025-05-15 14:38:34', '2025-05-15 14:38:34'),
(961, 1, 7, 1, 0, 0, '2025-05-15 14:38:34', '2025-05-15 14:38:34'),
(962, 1, 8, 1, 0, 0, '2025-05-15 14:38:34', '2025-05-15 14:38:34'),
(963, 1, 9, 1, 0, 0, '2025-05-15 14:38:34', '2025-05-15 14:38:34'),
(964, 1, 7, 2, 0, 0, '2025-05-15 14:38:34', '2025-05-15 14:38:34'),
(965, 1, 8, 2, 0, 0, '2025-05-15 14:38:34', '2025-05-15 14:38:34'),
(966, 1, 9, 2, 0, 0, '2025-05-15 14:38:34', '2025-05-15 14:38:34'),
(967, 1, 7, 3, 0, 0, '2025-05-15 14:38:34', '2025-05-15 14:38:34'),
(968, 1, 8, 3, 0, 0, '2025-05-15 14:38:34', '2025-05-15 14:38:34'),
(969, 1, 9, 3, 0, 0, '2025-05-15 14:38:34', '2025-05-15 14:38:34'),
(970, 1, 7, 4, 0, 0, '2025-05-15 14:38:34', '2025-05-15 14:38:34'),
(971, 1, 8, 4, 0, 0, '2025-05-15 14:38:34', '2025-05-15 14:38:34'),
(972, 1, 9, 4, 0, 0, '2025-05-15 14:38:34', '2025-05-15 14:38:34'),
(973, 1, 7, 5, 0, 0, '2025-05-15 14:38:34', '2025-05-15 14:38:34'),
(974, 1, 8, 5, 0, 0, '2025-05-15 14:38:34', '2025-05-15 14:38:34'),
(975, 1, 9, 5, 0, 0, '2025-05-15 14:38:34', '2025-05-15 14:38:34'),
(976, 1, 7, 6, 0, 0, '2025-05-15 14:38:34', '2025-05-15 14:38:34'),
(977, 1, 8, 6, 0, 0, '2025-05-15 14:38:34', '2025-05-15 14:38:34'),
(978, 1, 9, 6, 0, 0, '2025-05-15 14:38:34', '2025-05-15 14:38:34'),
(979, 1, 7, 7, 0, 0, '2025-05-15 14:38:34', '2025-05-15 14:38:34'),
(980, 1, 8, 7, 0, 0, '2025-05-15 14:38:34', '2025-05-15 14:38:34'),
(981, 1, 9, 7, 0, 0, '2025-05-15 14:38:34', '2025-05-15 14:38:34'),
(982, 1, 7, 8, 0, 0, '2025-05-15 14:38:34', '2025-05-15 14:38:34'),
(983, 1, 8, 8, 0, 0, '2025-05-15 14:38:34', '2025-05-15 14:38:34'),
(984, 1, 9, 8, 0, 0, '2025-05-15 14:38:35', '2025-05-15 14:38:35'),
(985, 1, 7, 9, 0, 0, '2025-05-15 14:38:35', '2025-05-15 14:38:35'),
(986, 1, 8, 9, 0, 0, '2025-05-15 14:38:35', '2025-05-15 14:38:35'),
(987, 1, 9, 9, 0, 0, '2025-05-15 14:38:35', '2025-05-15 14:38:35'),
(988, 1, 7, 10, 0, 0, '2025-05-15 14:38:35', '2025-05-15 14:38:35'),
(989, 1, 8, 10, 0, 0, '2025-05-15 14:38:35', '2025-05-15 14:38:35'),
(990, 1, 9, 10, 0, 0, '2025-05-15 14:38:35', '2025-05-15 14:38:35'),
(991, 1, 7, 11, 0, 0, '2025-05-15 14:38:35', '2025-05-15 14:38:35'),
(992, 1, 8, 11, 0, 0, '2025-05-15 14:38:35', '2025-05-15 14:38:35'),
(993, 1, 9, 11, 0, 0, '2025-05-15 14:38:35', '2025-05-15 14:38:35'),
(994, 1, 7, 12, 0, 0, '2025-05-15 14:38:35', '2025-05-15 14:38:35'),
(995, 1, 8, 12, 0, 0, '2025-05-15 14:38:35', '2025-05-15 14:38:35'),
(996, 1, 9, 12, 0, 0, '2025-05-15 14:38:35', '2025-05-15 14:38:35'),
(997, 1, 7, 13, 0, 0, '2025-05-15 14:38:35', '2025-05-15 14:38:35'),
(998, 1, 8, 13, 0, 0, '2025-05-15 14:38:35', '2025-05-15 14:38:35'),
(999, 1, 9, 13, 0, 0, '2025-05-15 14:38:35', '2025-05-15 14:38:35'),
(1000, 1, 7, 14, 0, 0, '2025-05-15 14:38:35', '2025-05-15 14:38:35'),
(1001, 1, 8, 14, 0, 0, '2025-05-15 14:38:35', '2025-05-15 14:38:35'),
(1002, 1, 9, 14, 0, 0, '2025-05-15 14:38:35', '2025-05-15 14:38:35'),
(1003, 1, 7, 15, 0, 0, '2025-05-15 14:38:35', '2025-05-15 14:38:35'),
(1004, 1, 8, 15, 0, 0, '2025-05-15 14:38:35', '2025-05-15 14:38:35'),
(1005, 1, 9, 15, 0, 0, '2025-05-15 14:38:35', '2025-05-15 14:38:35'),
(1006, 1, 7, 16, 0, 0, '2025-05-15 14:38:35', '2025-05-15 14:38:35'),
(1007, 1, 8, 16, 0, 0, '2025-05-15 14:38:35', '2025-05-15 14:38:35'),
(1008, 1, 9, 16, 0, 0, '2025-05-15 14:38:35', '2025-05-15 14:38:35'),
(1009, 1, 7, 17, 0, 0, '2025-05-15 14:38:35', '2025-05-15 14:38:35'),
(1010, 1, 8, 17, 0, 0, '2025-05-15 14:38:35', '2025-05-15 14:38:35'),
(1011, 1, 9, 17, 0, 0, '2025-05-15 14:38:35', '2025-05-15 14:38:35'),
(1012, 1, 7, 18, 0, 0, '2025-05-15 14:38:35', '2025-05-15 14:38:35'),
(1013, 1, 8, 18, 0, 0, '2025-05-15 14:38:35', '2025-05-15 14:38:35'),
(1014, 1, 9, 18, 0, 0, '2025-05-15 14:38:35', '2025-05-15 14:38:35'),
(1015, 1, 7, 19, 0, 0, '2025-05-15 14:38:35', '2025-05-15 14:38:35'),
(1016, 1, 8, 19, 0, 0, '2025-05-15 14:38:35', '2025-05-15 14:38:35'),
(1017, 1, 9, 19, 0, 0, '2025-05-15 14:38:35', '2025-05-15 14:38:35'),
(1018, 1, 7, 20, 0, 0, '2025-05-15 14:38:35', '2025-05-15 14:38:35'),
(1019, 1, 8, 20, 0, 0, '2025-05-15 14:38:35', '2025-05-15 14:38:35'),
(1020, 1, 9, 20, 0, 0, '2025-05-15 14:38:35', '2025-05-15 14:38:35'),
(1021, 2, 7, 1, 0, 0, '2025-05-15 14:38:35', '2025-05-15 14:38:35'),
(1022, 2, 8, 1, 0, 0, '2025-05-15 14:38:35', '2025-05-15 14:38:35'),
(1023, 2, 9, 1, 0, 0, '2025-05-15 14:38:35', '2025-05-15 14:38:35'),
(1024, 2, 7, 2, 0, 0, '2025-05-15 14:38:35', '2025-05-15 14:38:35'),
(1025, 2, 8, 2, 0, 0, '2025-05-15 14:38:35', '2025-05-15 14:38:35'),
(1026, 2, 9, 2, 0, 0, '2025-05-15 14:38:35', '2025-05-15 14:38:35'),
(1027, 2, 7, 3, 0, 0, '2025-05-15 14:38:35', '2025-05-15 14:38:35'),
(1028, 2, 8, 3, 0, 0, '2025-05-15 14:38:35', '2025-05-15 14:38:35'),
(1029, 2, 9, 3, 0, 0, '2025-05-15 14:38:35', '2025-05-15 14:38:35'),
(1030, 2, 7, 4, 0, 0, '2025-05-15 14:38:35', '2025-05-15 14:38:35'),
(1031, 2, 8, 4, 0, 0, '2025-05-15 14:38:35', '2025-05-15 14:38:35'),
(1032, 2, 9, 4, 0, 0, '2025-05-15 14:38:35', '2025-05-15 14:38:35'),
(1033, 2, 7, 5, 0, 0, '2025-05-15 14:38:35', '2025-05-15 14:38:35'),
(1034, 2, 8, 5, 0, 0, '2025-05-15 14:38:35', '2025-05-15 14:38:35'),
(1035, 2, 9, 5, 0, 0, '2025-05-15 14:38:35', '2025-05-15 14:38:35'),
(1036, 2, 7, 6, 0, 0, '2025-05-15 14:38:35', '2025-05-15 14:38:35'),
(1037, 2, 8, 6, 0, 0, '2025-05-15 14:38:35', '2025-05-15 14:38:35'),
(1038, 2, 9, 6, 0, 0, '2025-05-15 14:38:35', '2025-05-15 14:38:35'),
(1039, 2, 7, 7, 0, 0, '2025-05-15 14:38:35', '2025-05-15 14:38:35'),
(1040, 2, 8, 7, 0, 0, '2025-05-15 14:38:35', '2025-05-15 14:38:35'),
(1041, 2, 9, 7, 0, 0, '2025-05-15 14:38:35', '2025-05-15 14:38:35'),
(1042, 2, 7, 8, 0, 0, '2025-05-15 14:38:35', '2025-05-15 14:38:35'),
(1043, 2, 8, 8, 0, 0, '2025-05-15 14:38:35', '2025-05-15 14:38:35'),
(1044, 2, 9, 8, 0, 0, '2025-05-15 14:38:35', '2025-05-15 14:38:35'),
(1045, 2, 7, 9, 0, 0, '2025-05-15 14:38:35', '2025-05-15 14:38:35'),
(1046, 2, 8, 9, 0, 0, '2025-05-15 14:38:35', '2025-05-15 14:38:35'),
(1047, 2, 9, 9, 0, 0, '2025-05-15 14:38:35', '2025-05-15 14:38:35'),
(1048, 2, 7, 10, 0, 0, '2025-05-15 14:38:35', '2025-05-15 14:38:35'),
(1049, 2, 8, 10, 0, 0, '2025-05-15 14:38:35', '2025-05-15 14:38:35'),
(1050, 2, 9, 10, 0, 0, '2025-05-15 14:38:35', '2025-05-15 14:38:35'),
(1051, 2, 7, 11, 0, 0, '2025-05-15 14:38:35', '2025-05-15 14:38:35'),
(1052, 2, 8, 11, 0, 0, '2025-05-15 14:38:35', '2025-05-15 14:38:35'),
(1053, 2, 9, 11, 0, 0, '2025-05-15 14:38:35', '2025-05-15 14:38:35'),
(1054, 2, 7, 12, 0, 0, '2025-05-15 14:38:35', '2025-05-15 14:38:35'),
(1055, 2, 8, 12, 0, 0, '2025-05-15 14:38:35', '2025-05-15 14:38:35'),
(1056, 2, 9, 12, 0, 0, '2025-05-15 14:38:35', '2025-05-15 14:38:35'),
(1057, 2, 7, 13, 0, 0, '2025-05-15 14:38:35', '2025-05-15 14:38:35'),
(1058, 2, 8, 13, 0, 0, '2025-05-15 14:38:35', '2025-05-15 14:38:35'),
(1059, 2, 9, 13, 0, 0, '2025-05-15 14:38:35', '2025-05-15 14:38:35'),
(1060, 2, 7, 14, 0, 0, '2025-05-15 14:38:35', '2025-05-15 14:38:35'),
(1061, 2, 8, 14, 0, 0, '2025-05-15 14:38:35', '2025-05-15 14:38:35'),
(1062, 2, 9, 14, 0, 0, '2025-05-15 14:38:35', '2025-05-15 14:38:35'),
(1063, 2, 7, 15, 0, 0, '2025-05-15 14:38:35', '2025-05-15 14:38:35'),
(1064, 2, 8, 15, 0, 0, '2025-05-15 14:38:35', '2025-05-15 14:38:35'),
(1065, 2, 9, 15, 0, 0, '2025-05-15 14:38:35', '2025-05-15 14:38:35'),
(1066, 2, 7, 16, 0, 0, '2025-05-15 14:38:35', '2025-05-15 14:38:35'),
(1067, 2, 8, 16, 0, 0, '2025-05-15 14:38:35', '2025-05-15 14:38:35'),
(1068, 2, 9, 16, 0, 0, '2025-05-15 14:38:35', '2025-05-15 14:38:35'),
(1069, 2, 7, 17, 0, 0, '2025-05-15 14:38:35', '2025-05-15 14:38:35'),
(1070, 2, 8, 17, 0, 0, '2025-05-15 14:38:36', '2025-05-15 14:38:36'),
(1071, 2, 9, 17, 0, 0, '2025-05-15 14:38:36', '2025-05-15 14:38:36'),
(1072, 2, 7, 18, 0, 0, '2025-05-15 14:38:36', '2025-05-15 14:38:36'),
(1073, 2, 8, 18, 0, 0, '2025-05-15 14:38:36', '2025-05-15 14:38:36'),
(1074, 2, 9, 18, 0, 0, '2025-05-15 14:38:36', '2025-05-15 14:38:36'),
(1075, 2, 7, 19, 0, 0, '2025-05-15 14:38:36', '2025-05-15 14:38:36'),
(1076, 2, 8, 19, 0, 0, '2025-05-15 14:38:36', '2025-05-15 14:38:36'),
(1077, 2, 9, 19, 0, 0, '2025-05-15 14:38:36', '2025-05-15 14:38:36'),
(1078, 2, 7, 20, 0, 0, '2025-05-15 14:38:36', '2025-05-15 14:38:36'),
(1079, 2, 8, 20, 0, 0, '2025-05-15 14:38:36', '2025-05-15 14:38:36'),
(1080, 2, 9, 20, 0, 0, '2025-05-15 14:38:36', '2025-05-15 14:38:36'),
(1081, 3, 7, 1, 0, 0, '2025-05-15 14:38:36', '2025-05-15 14:38:36'),
(1082, 3, 8, 1, 0, 0, '2025-05-15 14:38:36', '2025-05-15 14:38:36'),
(1083, 3, 9, 1, 0, 0, '2025-05-15 14:38:36', '2025-05-15 14:38:36'),
(1084, 3, 7, 2, 0, 0, '2025-05-15 14:38:36', '2025-05-15 14:38:36'),
(1085, 3, 8, 2, 0, 0, '2025-05-15 14:38:36', '2025-05-15 14:38:36'),
(1086, 3, 9, 2, 0, 0, '2025-05-15 14:38:36', '2025-05-15 14:38:36'),
(1087, 3, 7, 3, 0, 0, '2025-05-15 14:38:36', '2025-05-15 14:38:36'),
(1088, 3, 8, 3, 0, 0, '2025-05-15 14:38:36', '2025-05-15 14:38:36'),
(1089, 3, 9, 3, 0, 0, '2025-05-15 14:38:36', '2025-05-15 14:38:36'),
(1090, 3, 7, 4, 0, 0, '2025-05-15 14:38:36', '2025-05-15 14:38:36'),
(1091, 3, 8, 4, 0, 0, '2025-05-15 14:38:36', '2025-05-15 14:38:36'),
(1092, 3, 9, 4, 0, 0, '2025-05-15 14:38:36', '2025-05-15 14:38:36'),
(1093, 3, 7, 5, 0, 0, '2025-05-15 14:38:36', '2025-05-15 14:38:36'),
(1094, 3, 8, 5, 0, 0, '2025-05-15 14:38:36', '2025-05-15 14:38:36'),
(1095, 3, 9, 5, 0, 0, '2025-05-15 14:38:36', '2025-05-15 14:38:36'),
(1096, 3, 7, 6, 0, 0, '2025-05-15 14:38:36', '2025-05-15 14:38:36'),
(1097, 3, 8, 6, 0, 0, '2025-05-15 14:38:36', '2025-05-15 14:38:36'),
(1098, 3, 9, 6, 0, 0, '2025-05-15 14:38:36', '2025-05-15 14:38:36'),
(1099, 3, 7, 7, 0, 0, '2025-05-15 14:38:36', '2025-05-15 14:38:36'),
(1100, 3, 8, 7, 0, 0, '2025-05-15 14:38:36', '2025-05-15 14:38:36'),
(1101, 3, 9, 7, 0, 0, '2025-05-15 14:38:36', '2025-05-15 14:38:36'),
(1102, 3, 7, 8, 0, 0, '2025-05-15 14:38:36', '2025-05-15 14:38:36'),
(1103, 3, 8, 8, 0, 0, '2025-05-15 14:38:36', '2025-05-15 14:38:36'),
(1104, 3, 9, 8, 0, 0, '2025-05-15 14:38:36', '2025-05-15 14:38:36'),
(1105, 3, 7, 9, 0, 0, '2025-05-15 14:38:36', '2025-05-15 14:38:36'),
(1106, 3, 8, 9, 0, 0, '2025-05-15 14:38:36', '2025-05-15 14:38:36'),
(1107, 3, 9, 9, 0, 0, '2025-05-15 14:38:36', '2025-05-15 14:38:36'),
(1108, 3, 7, 10, 0, 0, '2025-05-15 14:38:36', '2025-05-15 14:38:36'),
(1109, 3, 8, 10, 0, 0, '2025-05-15 14:38:36', '2025-05-15 14:38:36'),
(1110, 3, 9, 10, 0, 0, '2025-05-15 14:38:36', '2025-05-15 14:38:36'),
(1111, 3, 7, 11, 0, 0, '2025-05-15 14:38:36', '2025-05-15 14:38:36'),
(1112, 3, 8, 11, 0, 0, '2025-05-15 14:38:36', '2025-05-15 14:38:36'),
(1113, 3, 9, 11, 0, 0, '2025-05-15 14:38:36', '2025-05-15 14:38:36'),
(1114, 3, 7, 12, 0, 0, '2025-05-15 14:38:36', '2025-05-15 14:38:36'),
(1115, 3, 8, 12, 0, 0, '2025-05-15 14:38:36', '2025-05-15 14:38:36'),
(1116, 3, 9, 12, 0, 0, '2025-05-15 14:38:36', '2025-05-15 14:38:36'),
(1117, 3, 7, 13, 0, 0, '2025-05-15 14:38:36', '2025-05-15 14:38:36'),
(1118, 3, 8, 13, 0, 0, '2025-05-15 14:38:36', '2025-05-15 14:38:36'),
(1119, 3, 9, 13, 0, 0, '2025-05-15 14:38:36', '2025-05-15 14:38:36'),
(1120, 3, 7, 14, 0, 0, '2025-05-15 14:38:36', '2025-05-15 14:38:36'),
(1121, 3, 8, 14, 0, 0, '2025-05-15 14:38:36', '2025-05-15 14:38:36'),
(1122, 3, 9, 14, 0, 0, '2025-05-15 14:38:36', '2025-05-15 14:38:36'),
(1123, 3, 7, 15, 0, 0, '2025-05-15 14:38:36', '2025-05-15 14:38:36'),
(1124, 3, 8, 15, 0, 0, '2025-05-15 14:38:36', '2025-05-15 14:38:36'),
(1125, 3, 9, 15, 0, 0, '2025-05-15 14:38:36', '2025-05-15 14:38:36'),
(1126, 3, 7, 16, 0, 0, '2025-05-15 14:38:36', '2025-05-15 14:38:36'),
(1127, 3, 8, 16, 0, 0, '2025-05-15 14:38:36', '2025-05-15 14:38:36'),
(1128, 3, 9, 16, 0, 0, '2025-05-15 14:38:36', '2025-05-15 14:38:36'),
(1129, 3, 7, 17, 0, 0, '2025-05-15 14:38:36', '2025-05-15 14:38:36'),
(1130, 3, 8, 17, 0, 0, '2025-05-15 14:38:36', '2025-05-15 14:38:36'),
(1131, 3, 9, 17, 0, 0, '2025-05-15 14:38:36', '2025-05-15 14:38:36'),
(1132, 3, 7, 18, 0, 0, '2025-05-15 14:38:36', '2025-05-15 14:38:36'),
(1133, 3, 8, 18, 0, 0, '2025-05-15 14:38:36', '2025-05-15 14:38:36'),
(1134, 3, 9, 18, 0, 0, '2025-05-15 14:38:36', '2025-05-15 14:38:36'),
(1135, 3, 7, 19, 0, 0, '2025-05-15 14:38:36', '2025-05-15 14:38:36'),
(1136, 3, 8, 19, 0, 0, '2025-05-15 14:38:36', '2025-05-15 14:38:36'),
(1137, 3, 9, 19, 0, 0, '2025-05-15 14:38:36', '2025-05-15 14:38:36'),
(1138, 3, 7, 20, 0, 0, '2025-05-15 14:38:36', '2025-05-15 14:38:36'),
(1139, 3, 8, 20, 0, 0, '2025-05-15 14:38:36', '2025-05-15 14:38:36'),
(1140, 3, 9, 20, 0, 0, '2025-05-15 14:38:36', '2025-05-15 14:38:36'),
(1141, 4, 7, 1, 0, 0, '2025-05-15 14:38:36', '2025-05-15 14:38:36'),
(1142, 4, 8, 1, 0, 0, '2025-05-15 14:38:36', '2025-05-15 14:38:36'),
(1143, 4, 9, 1, 0, 0, '2025-05-15 14:38:36', '2025-05-15 14:38:36'),
(1144, 4, 7, 2, 0, 0, '2025-05-15 14:38:36', '2025-05-15 14:38:36'),
(1145, 4, 8, 2, 0, 0, '2025-05-15 14:38:36', '2025-05-15 14:38:36'),
(1146, 4, 9, 2, 0, 0, '2025-05-15 14:38:36', '2025-05-15 14:38:36'),
(1147, 4, 7, 3, 0, 0, '2025-05-15 14:38:36', '2025-05-15 14:38:36'),
(1148, 4, 8, 3, 0, 0, '2025-05-15 14:38:36', '2025-05-15 14:38:36'),
(1149, 4, 9, 3, 0, 0, '2025-05-15 14:38:36', '2025-05-15 14:38:36'),
(1150, 4, 7, 4, 0, 0, '2025-05-15 14:38:36', '2025-05-15 14:38:36'),
(1151, 4, 8, 4, 0, 0, '2025-05-15 14:38:36', '2025-05-15 14:38:36'),
(1152, 4, 9, 4, 0, 0, '2025-05-15 14:38:36', '2025-05-15 14:38:36'),
(1153, 4, 7, 5, 0, 0, '2025-05-15 14:38:36', '2025-05-15 14:38:36'),
(1154, 4, 8, 5, 0, 0, '2025-05-15 14:38:36', '2025-05-15 14:38:36'),
(1155, 4, 9, 5, 0, 0, '2025-05-15 14:38:37', '2025-05-15 14:38:37'),
(1156, 4, 7, 6, 0, 0, '2025-05-15 14:38:37', '2025-05-15 14:38:37'),
(1157, 4, 8, 6, 0, 0, '2025-05-15 14:38:37', '2025-05-15 14:38:37'),
(1158, 4, 9, 6, 0, 0, '2025-05-15 14:38:37', '2025-05-15 14:38:37'),
(1159, 4, 7, 7, 0, 0, '2025-05-15 14:38:37', '2025-05-15 14:38:37'),
(1160, 4, 8, 7, 0, 0, '2025-05-15 14:38:37', '2025-05-15 14:38:37'),
(1161, 4, 9, 7, 0, 0, '2025-05-15 14:38:37', '2025-05-15 14:38:37'),
(1162, 4, 7, 8, 0, 0, '2025-05-15 14:38:37', '2025-05-15 14:38:37'),
(1163, 4, 8, 8, 0, 0, '2025-05-15 14:38:37', '2025-05-15 14:38:37'),
(1164, 4, 9, 8, 0, 0, '2025-05-15 14:38:37', '2025-05-15 14:38:37'),
(1165, 4, 7, 9, 0, 0, '2025-05-15 14:38:37', '2025-05-15 14:38:37'),
(1166, 4, 8, 9, 0, 0, '2025-05-15 14:38:37', '2025-05-15 14:38:37'),
(1167, 4, 9, 9, 0, 0, '2025-05-15 14:38:37', '2025-05-15 14:38:37'),
(1168, 4, 7, 10, 0, 0, '2025-05-15 14:38:37', '2025-05-15 14:38:37'),
(1169, 4, 8, 10, 0, 0, '2025-05-15 14:38:37', '2025-05-15 14:38:37'),
(1170, 4, 9, 10, 0, 0, '2025-05-15 14:38:37', '2025-05-15 14:38:37'),
(1171, 4, 7, 11, 0, 0, '2025-05-15 14:38:37', '2025-05-15 14:38:37'),
(1172, 4, 8, 11, 0, 0, '2025-05-15 14:38:37', '2025-05-15 14:38:37'),
(1173, 4, 9, 11, 0, 0, '2025-05-15 14:38:37', '2025-05-15 14:38:37'),
(1174, 4, 7, 12, 0, 0, '2025-05-15 14:38:37', '2025-05-15 14:38:37'),
(1175, 4, 8, 12, 0, 0, '2025-05-15 14:38:37', '2025-05-15 14:38:37'),
(1176, 4, 9, 12, 0, 0, '2025-05-15 14:38:37', '2025-05-15 14:38:37'),
(1177, 4, 7, 13, 0, 0, '2025-05-15 14:38:37', '2025-05-15 14:38:37'),
(1178, 4, 8, 13, 0, 0, '2025-05-15 14:38:37', '2025-05-15 14:38:37'),
(1179, 4, 9, 13, 0, 0, '2025-05-15 14:38:37', '2025-05-15 14:38:37'),
(1180, 4, 7, 14, 0, 0, '2025-05-15 14:38:37', '2025-05-15 14:38:37'),
(1181, 4, 8, 14, 0, 0, '2025-05-15 14:38:37', '2025-05-15 14:38:37'),
(1182, 4, 9, 14, 0, 0, '2025-05-15 14:38:37', '2025-05-15 14:38:37'),
(1183, 4, 7, 15, 0, 0, '2025-05-15 14:38:37', '2025-05-15 14:38:37'),
(1184, 4, 8, 15, 0, 0, '2025-05-15 14:38:37', '2025-05-15 14:38:37'),
(1185, 4, 9, 15, 0, 0, '2025-05-15 14:38:37', '2025-05-15 14:38:37'),
(1186, 4, 7, 16, 0, 0, '2025-05-15 14:38:37', '2025-05-15 14:38:37'),
(1187, 4, 8, 16, 0, 0, '2025-05-15 14:38:37', '2025-05-15 14:38:37'),
(1188, 4, 9, 16, 0, 0, '2025-05-15 14:38:37', '2025-05-15 14:38:37'),
(1189, 4, 7, 17, 0, 0, '2025-05-15 14:38:37', '2025-05-15 14:38:37'),
(1190, 4, 8, 17, 0, 0, '2025-05-15 14:38:37', '2025-05-15 14:38:37'),
(1191, 4, 9, 17, 0, 0, '2025-05-15 14:38:37', '2025-05-15 14:38:37'),
(1192, 4, 7, 18, 0, 0, '2025-05-15 14:38:37', '2025-05-15 14:38:37'),
(1193, 4, 8, 18, 0, 0, '2025-05-15 14:38:37', '2025-05-15 14:38:37'),
(1194, 4, 9, 18, 0, 0, '2025-05-15 14:38:37', '2025-05-15 14:38:37'),
(1195, 4, 7, 19, 0, 0, '2025-05-15 14:38:37', '2025-05-15 14:38:37'),
(1196, 4, 8, 19, 0, 0, '2025-05-15 14:38:37', '2025-05-15 14:38:37'),
(1197, 4, 9, 19, 0, 0, '2025-05-15 14:38:37', '2025-05-15 14:38:37'),
(1198, 4, 7, 20, 0, 0, '2025-05-15 14:38:37', '2025-05-15 14:38:37'),
(1199, 4, 8, 20, 0, 0, '2025-05-15 14:38:37', '2025-05-15 14:38:37'),
(1200, 4, 9, 20, 0, 0, '2025-05-15 14:38:37', '2025-05-15 14:38:37'),
(1201, 5, 7, 1, 0, 0, '2025-05-15 14:38:37', '2025-05-15 14:38:37'),
(1202, 5, 8, 1, 0, 0, '2025-05-15 14:38:37', '2025-05-15 14:38:37'),
(1203, 5, 9, 1, 0, 0, '2025-05-15 14:38:37', '2025-05-15 14:38:37'),
(1204, 5, 7, 2, 0, 0, '2025-05-15 14:38:37', '2025-05-15 14:38:37'),
(1205, 5, 8, 2, 0, 0, '2025-05-15 14:38:37', '2025-05-15 14:38:37'),
(1206, 5, 9, 2, 0, 0, '2025-05-15 14:38:37', '2025-05-15 14:38:37'),
(1207, 5, 7, 3, 0, 0, '2025-05-15 14:38:37', '2025-05-15 14:38:37'),
(1208, 5, 8, 3, 0, 0, '2025-05-15 14:38:37', '2025-05-15 14:38:37'),
(1209, 5, 9, 3, 0, 0, '2025-05-15 14:38:37', '2025-05-15 14:38:37'),
(1210, 5, 7, 4, 0, 0, '2025-05-15 14:38:37', '2025-05-15 14:38:37'),
(1211, 5, 8, 4, 0, 0, '2025-05-15 14:38:37', '2025-05-15 14:38:37'),
(1212, 5, 9, 4, 0, 0, '2025-05-15 14:38:37', '2025-05-15 14:38:37'),
(1213, 5, 7, 5, 0, 0, '2025-05-15 14:38:37', '2025-05-15 14:38:37'),
(1214, 5, 8, 5, 0, 0, '2025-05-15 14:38:37', '2025-05-15 14:38:37'),
(1215, 5, 9, 5, 0, 0, '2025-05-15 14:38:37', '2025-05-15 14:38:37'),
(1216, 5, 7, 6, 0, 0, '2025-05-15 14:38:37', '2025-05-15 14:38:37'),
(1217, 5, 8, 6, 0, 0, '2025-05-15 14:38:37', '2025-05-15 14:38:37'),
(1218, 5, 9, 6, 0, 0, '2025-05-15 14:38:37', '2025-05-15 14:38:37'),
(1219, 5, 7, 7, 0, 0, '2025-05-15 14:38:37', '2025-05-15 14:38:37'),
(1220, 5, 8, 7, 0, 0, '2025-05-15 14:38:37', '2025-05-15 14:38:37'),
(1221, 5, 9, 7, 0, 0, '2025-05-15 14:38:37', '2025-05-15 14:38:37'),
(1222, 5, 7, 8, 0, 0, '2025-05-15 14:38:37', '2025-05-15 14:38:37'),
(1223, 5, 8, 8, 0, 0, '2025-05-15 14:38:37', '2025-05-15 14:38:37'),
(1224, 5, 9, 8, 0, 0, '2025-05-15 14:38:37', '2025-05-15 14:38:37'),
(1225, 5, 7, 9, 0, 0, '2025-05-15 14:38:37', '2025-05-15 14:38:37'),
(1226, 5, 8, 9, 0, 0, '2025-05-15 14:38:37', '2025-05-15 14:38:37'),
(1227, 5, 9, 9, 0, 0, '2025-05-15 14:38:37', '2025-05-15 14:38:37'),
(1228, 5, 7, 10, 0, 0, '2025-05-15 14:38:37', '2025-05-15 14:38:37'),
(1229, 5, 8, 10, 0, 0, '2025-05-15 14:38:37', '2025-05-15 14:38:37'),
(1230, 5, 9, 10, 0, 0, '2025-05-15 14:38:37', '2025-05-15 14:38:37'),
(1231, 5, 7, 11, 0, 0, '2025-05-15 14:38:38', '2025-05-15 14:38:38'),
(1232, 5, 8, 11, 0, 0, '2025-05-15 14:38:38', '2025-05-15 14:38:38'),
(1233, 5, 9, 11, 0, 0, '2025-05-15 14:38:38', '2025-05-15 14:38:38'),
(1234, 5, 7, 12, 0, 0, '2025-05-15 14:38:38', '2025-05-15 14:38:38'),
(1235, 5, 8, 12, 0, 0, '2025-05-15 14:38:38', '2025-05-15 14:38:38'),
(1236, 5, 9, 12, 0, 0, '2025-05-15 14:38:38', '2025-05-15 14:38:38'),
(1237, 5, 7, 13, 0, 0, '2025-05-15 14:38:38', '2025-05-15 14:38:38'),
(1238, 5, 8, 13, 0, 0, '2025-05-15 14:38:38', '2025-05-15 14:38:38'),
(1239, 5, 9, 13, 0, 0, '2025-05-15 14:38:38', '2025-05-15 14:38:38'),
(1240, 5, 7, 14, 0, 0, '2025-05-15 14:38:38', '2025-05-15 14:38:38'),
(1241, 5, 8, 14, 0, 0, '2025-05-15 14:38:38', '2025-05-15 14:38:38'),
(1242, 5, 9, 14, 0, 0, '2025-05-15 14:38:38', '2025-05-15 14:38:38'),
(1243, 5, 7, 15, 0, 0, '2025-05-15 14:38:38', '2025-05-15 14:38:38'),
(1244, 5, 8, 15, 0, 0, '2025-05-15 14:38:38', '2025-05-15 14:38:38'),
(1245, 5, 9, 15, 0, 0, '2025-05-15 14:38:38', '2025-05-15 14:38:38'),
(1246, 5, 7, 16, 0, 0, '2025-05-15 14:38:38', '2025-05-15 14:38:38'),
(1247, 5, 8, 16, 0, 0, '2025-05-15 14:38:38', '2025-05-15 14:38:38'),
(1248, 5, 9, 16, 0, 0, '2025-05-15 14:38:38', '2025-05-15 14:38:38'),
(1249, 5, 7, 17, 0, 0, '2025-05-15 14:38:38', '2025-05-15 14:38:38'),
(1250, 5, 8, 17, 0, 0, '2025-05-15 14:38:38', '2025-05-15 14:38:38'),
(1251, 5, 9, 17, 0, 0, '2025-05-15 14:38:38', '2025-05-15 14:38:38'),
(1252, 5, 7, 18, 0, 0, '2025-05-15 14:38:38', '2025-05-15 14:38:38'),
(1253, 5, 8, 18, 0, 0, '2025-05-15 14:38:38', '2025-05-15 14:38:38'),
(1254, 5, 9, 18, 0, 0, '2025-05-15 14:38:38', '2025-05-15 14:38:38'),
(1255, 5, 7, 19, 0, 0, '2025-05-15 14:38:38', '2025-05-15 14:38:38'),
(1256, 5, 8, 19, 0, 0, '2025-05-15 14:38:38', '2025-05-15 14:38:38'),
(1257, 5, 9, 19, 0, 0, '2025-05-15 14:38:38', '2025-05-15 14:38:38'),
(1258, 5, 7, 20, 0, 0, '2025-05-15 14:38:38', '2025-05-15 14:38:38'),
(1259, 5, 8, 20, 0, 0, '2025-05-15 14:38:38', '2025-05-15 14:38:38'),
(1260, 5, 9, 20, 0, 0, '2025-05-15 14:38:38', '2025-05-15 14:38:38'),
(1261, 6, 7, 1, 0, 0, '2025-05-15 14:38:38', '2025-05-15 14:38:38'),
(1262, 6, 8, 1, 0, 0, '2025-05-15 14:38:38', '2025-05-15 14:38:38'),
(1263, 6, 9, 1, 0, 0, '2025-05-15 14:38:38', '2025-05-15 14:38:38'),
(1264, 6, 7, 2, 0, 0, '2025-05-15 14:38:38', '2025-05-15 14:38:38'),
(1265, 6, 8, 2, 0, 0, '2025-05-15 14:38:38', '2025-05-15 14:38:38'),
(1266, 6, 9, 2, 0, 0, '2025-05-15 14:38:38', '2025-05-15 14:38:38'),
(1267, 6, 7, 3, 0, 0, '2025-05-15 14:38:38', '2025-05-15 14:38:38'),
(1268, 6, 8, 3, 0, 0, '2025-05-15 14:38:38', '2025-05-15 14:38:38'),
(1269, 6, 9, 3, 0, 0, '2025-05-15 14:38:38', '2025-05-15 14:38:38'),
(1270, 6, 7, 4, 0, 0, '2025-05-15 14:38:38', '2025-05-15 14:38:38'),
(1271, 6, 8, 4, 0, 0, '2025-05-15 14:38:38', '2025-05-15 14:38:38'),
(1272, 6, 9, 4, 0, 0, '2025-05-15 14:38:38', '2025-05-15 14:38:38'),
(1273, 6, 7, 5, 0, 0, '2025-05-15 14:38:38', '2025-05-15 14:38:38'),
(1274, 6, 8, 5, 0, 0, '2025-05-15 14:38:38', '2025-05-15 14:38:38'),
(1275, 6, 9, 5, 0, 0, '2025-05-15 14:38:38', '2025-05-15 14:38:38'),
(1276, 6, 7, 6, 0, 0, '2025-05-15 14:38:38', '2025-05-15 14:38:38'),
(1277, 6, 8, 6, 0, 0, '2025-05-15 14:38:38', '2025-05-15 14:38:38'),
(1278, 6, 9, 6, 0, 0, '2025-05-15 14:38:38', '2025-05-15 14:38:38'),
(1279, 6, 7, 7, 0, 0, '2025-05-15 14:38:38', '2025-05-15 14:38:38'),
(1280, 6, 8, 7, 0, 0, '2025-05-15 14:38:38', '2025-05-15 14:38:38'),
(1281, 6, 9, 7, 0, 0, '2025-05-15 14:38:38', '2025-05-15 14:38:38'),
(1282, 6, 7, 8, 0, 0, '2025-05-15 14:38:38', '2025-05-15 14:38:38'),
(1283, 6, 8, 8, 0, 0, '2025-05-15 14:38:38', '2025-05-15 14:38:38'),
(1284, 6, 9, 8, 0, 0, '2025-05-15 14:38:38', '2025-05-15 14:38:38'),
(1285, 6, 7, 9, 0, 0, '2025-05-15 14:38:38', '2025-05-15 14:38:38'),
(1286, 6, 8, 9, 0, 0, '2025-05-15 14:38:38', '2025-05-15 14:38:38'),
(1287, 6, 9, 9, 0, 0, '2025-05-15 14:38:38', '2025-05-15 14:38:38'),
(1288, 6, 7, 10, 0, 0, '2025-05-15 14:38:38', '2025-05-15 14:38:38'),
(1289, 6, 8, 10, 0, 0, '2025-05-15 14:38:38', '2025-05-15 14:38:38'),
(1290, 6, 9, 10, 0, 0, '2025-05-15 14:38:38', '2025-05-15 14:38:38'),
(1291, 6, 7, 11, 0, 0, '2025-05-15 14:38:38', '2025-05-15 14:38:38'),
(1292, 6, 8, 11, 0, 0, '2025-05-15 14:38:38', '2025-05-15 14:38:38'),
(1293, 6, 9, 11, 0, 0, '2025-05-15 14:38:38', '2025-05-15 14:38:38'),
(1294, 6, 7, 12, 0, 0, '2025-05-15 14:38:38', '2025-05-15 14:38:38'),
(1295, 6, 8, 12, 0, 0, '2025-05-15 14:38:38', '2025-05-15 14:38:38'),
(1296, 6, 9, 12, 0, 0, '2025-05-15 14:38:38', '2025-05-15 14:38:38'),
(1297, 6, 7, 13, 0, 0, '2025-05-15 14:38:38', '2025-05-15 14:38:38'),
(1298, 6, 8, 13, 0, 0, '2025-05-15 14:38:38', '2025-05-15 14:38:38'),
(1299, 6, 9, 13, 0, 0, '2025-05-15 14:38:38', '2025-05-15 14:38:38'),
(1300, 6, 7, 14, 0, 0, '2025-05-15 14:38:38', '2025-05-15 14:38:38'),
(1301, 6, 8, 14, 0, 0, '2025-05-15 14:38:38', '2025-05-15 14:38:38'),
(1302, 6, 9, 14, 0, 0, '2025-05-15 14:38:38', '2025-05-15 14:38:38'),
(1303, 6, 7, 15, 0, 0, '2025-05-15 14:38:38', '2025-05-15 14:38:38'),
(1304, 6, 8, 15, 0, 0, '2025-05-15 14:38:38', '2025-05-15 14:38:38'),
(1305, 6, 9, 15, 0, 0, '2025-05-15 14:38:38', '2025-05-15 14:38:38'),
(1306, 6, 7, 16, 0, 0, '2025-05-15 14:38:38', '2025-05-15 14:38:38'),
(1307, 6, 8, 16, 0, 0, '2025-05-15 14:38:38', '2025-05-15 14:38:38'),
(1308, 6, 9, 16, 0, 0, '2025-05-15 14:38:38', '2025-05-15 14:38:38'),
(1309, 6, 7, 17, 0, 0, '2025-05-15 14:38:38', '2025-05-15 14:38:38'),
(1310, 6, 8, 17, 0, 0, '2025-05-15 14:38:39', '2025-05-15 14:38:39'),
(1311, 6, 9, 17, 0, 0, '2025-05-15 14:38:39', '2025-05-15 14:38:39'),
(1312, 6, 7, 18, 0, 0, '2025-05-15 14:38:39', '2025-05-15 14:38:39'),
(1313, 6, 8, 18, 0, 0, '2025-05-15 14:38:39', '2025-05-15 14:38:39'),
(1314, 6, 9, 18, 0, 0, '2025-05-15 14:38:39', '2025-05-15 14:38:39'),
(1315, 6, 7, 19, 0, 0, '2025-05-15 14:38:39', '2025-05-15 14:38:39'),
(1316, 6, 8, 19, 0, 0, '2025-05-15 14:38:39', '2025-05-15 14:38:39'),
(1317, 6, 9, 19, 0, 0, '2025-05-15 14:38:39', '2025-05-15 14:38:39'),
(1318, 6, 7, 20, 0, 0, '2025-05-15 14:38:39', '2025-05-15 14:38:39'),
(1319, 6, 8, 20, 0, 0, '2025-05-15 14:38:39', '2025-05-15 14:38:39'),
(1320, 6, 9, 20, 0, 0, '2025-05-15 14:38:39', '2025-05-15 14:38:39'),
(1321, 7, 7, 1, 0, 0, '2025-05-15 14:38:39', '2025-05-15 14:38:39'),
(1322, 7, 8, 1, 0, 0, '2025-05-15 14:38:39', '2025-05-15 14:38:39'),
(1323, 7, 9, 1, 0, 0, '2025-05-15 14:38:39', '2025-05-15 14:38:39'),
(1324, 7, 7, 2, 0, 0, '2025-05-15 14:38:39', '2025-05-15 14:38:39'),
(1325, 7, 8, 2, 0, 0, '2025-05-15 14:38:39', '2025-05-15 14:38:39'),
(1326, 7, 9, 2, 0, 0, '2025-05-15 14:38:39', '2025-05-15 14:38:39'),
(1327, 7, 7, 3, 0, 0, '2025-05-15 14:38:39', '2025-05-15 14:38:39'),
(1328, 7, 8, 3, 0, 0, '2025-05-15 14:38:39', '2025-05-15 14:38:39'),
(1329, 7, 9, 3, 0, 0, '2025-05-15 14:38:39', '2025-05-15 14:38:39'),
(1330, 7, 7, 4, 0, 0, '2025-05-15 14:38:39', '2025-05-15 14:38:39'),
(1331, 7, 8, 4, 0, 0, '2025-05-15 14:38:39', '2025-05-15 14:38:39'),
(1332, 7, 9, 4, 0, 0, '2025-05-15 14:38:39', '2025-05-15 14:38:39'),
(1333, 7, 7, 5, 0, 0, '2025-05-15 14:38:39', '2025-05-15 14:38:39'),
(1334, 7, 8, 5, 0, 0, '2025-05-15 14:38:39', '2025-05-15 14:38:39'),
(1335, 7, 9, 5, 0, 0, '2025-05-15 14:38:39', '2025-05-15 14:38:39'),
(1336, 7, 7, 6, 0, 0, '2025-05-15 14:38:39', '2025-05-15 14:38:39'),
(1337, 7, 8, 6, 0, 0, '2025-05-15 14:38:39', '2025-05-15 14:38:39'),
(1338, 7, 9, 6, 0, 0, '2025-05-15 14:38:39', '2025-05-15 14:38:39'),
(1339, 7, 7, 7, 0, 0, '2025-05-15 14:38:39', '2025-05-15 14:38:39'),
(1340, 7, 8, 7, 0, 0, '2025-05-15 14:38:39', '2025-05-15 14:38:39'),
(1341, 7, 9, 7, 0, 0, '2025-05-15 14:38:39', '2025-05-15 14:38:39'),
(1342, 7, 7, 8, 0, 0, '2025-05-15 14:38:39', '2025-05-15 14:38:39'),
(1343, 7, 8, 8, 0, 0, '2025-05-15 14:38:39', '2025-05-15 14:38:39'),
(1344, 7, 9, 8, 0, 0, '2025-05-15 14:38:39', '2025-05-15 14:38:39'),
(1345, 7, 7, 9, 0, 0, '2025-05-15 14:38:39', '2025-05-15 14:38:39'),
(1346, 7, 8, 9, 0, 0, '2025-05-15 14:38:39', '2025-05-15 14:38:39'),
(1347, 7, 9, 9, 0, 0, '2025-05-15 14:38:39', '2025-05-15 14:38:39'),
(1348, 7, 7, 10, 0, 0, '2025-05-15 14:38:39', '2025-05-15 14:38:39'),
(1349, 7, 8, 10, 0, 0, '2025-05-15 14:38:39', '2025-05-15 14:38:39'),
(1350, 7, 9, 10, 0, 0, '2025-05-15 14:38:39', '2025-05-15 14:38:39'),
(1351, 7, 7, 11, 0, 0, '2025-05-15 14:38:39', '2025-05-15 14:38:39'),
(1352, 7, 8, 11, 0, 0, '2025-05-15 14:38:39', '2025-05-15 14:38:39'),
(1353, 7, 9, 11, 0, 0, '2025-05-15 14:38:39', '2025-05-15 14:38:39'),
(1354, 7, 7, 12, 0, 0, '2025-05-15 14:38:39', '2025-05-15 14:38:39'),
(1355, 7, 8, 12, 0, 0, '2025-05-15 14:38:39', '2025-05-15 14:38:39'),
(1356, 7, 9, 12, 0, 0, '2025-05-15 14:38:39', '2025-05-15 14:38:39'),
(1357, 7, 7, 13, 0, 0, '2025-05-15 14:38:39', '2025-05-15 14:38:39'),
(1358, 7, 8, 13, 0, 0, '2025-05-15 14:38:39', '2025-05-15 14:38:39'),
(1359, 7, 9, 13, 0, 0, '2025-05-15 14:38:39', '2025-05-15 14:38:39'),
(1360, 7, 7, 14, 0, 0, '2025-05-15 14:38:39', '2025-05-15 14:38:39'),
(1361, 7, 8, 14, 0, 0, '2025-05-15 14:38:39', '2025-05-15 14:38:39'),
(1362, 7, 9, 14, 0, 0, '2025-05-15 14:38:39', '2025-05-15 14:38:39'),
(1363, 7, 7, 15, 0, 0, '2025-05-15 14:38:39', '2025-05-15 14:38:39'),
(1364, 7, 8, 15, 0, 0, '2025-05-15 14:38:39', '2025-05-15 14:38:39'),
(1365, 7, 9, 15, 0, 0, '2025-05-15 14:38:39', '2025-05-15 14:38:39'),
(1366, 7, 7, 16, 0, 0, '2025-05-15 14:38:39', '2025-05-15 14:38:39'),
(1367, 7, 8, 16, 0, 0, '2025-05-15 14:38:39', '2025-05-15 14:38:39'),
(1368, 7, 9, 16, 0, 0, '2025-05-15 14:38:39', '2025-05-15 14:38:39'),
(1369, 7, 7, 17, 0, 0, '2025-05-15 14:38:39', '2025-05-15 14:38:39'),
(1370, 7, 8, 17, 0, 0, '2025-05-15 14:38:39', '2025-05-15 14:38:39'),
(1371, 7, 9, 17, 0, 0, '2025-05-15 14:38:39', '2025-05-15 14:38:39'),
(1372, 7, 7, 18, 0, 0, '2025-05-15 14:38:39', '2025-05-15 14:38:39'),
(1373, 7, 8, 18, 0, 0, '2025-05-15 14:38:39', '2025-05-15 14:38:39'),
(1374, 7, 9, 18, 0, 0, '2025-05-15 14:38:39', '2025-05-15 14:38:39'),
(1375, 7, 7, 19, 0, 0, '2025-05-15 14:38:39', '2025-05-15 14:38:39'),
(1376, 7, 8, 19, 0, 0, '2025-05-15 14:38:39', '2025-05-15 14:38:39'),
(1377, 7, 9, 19, 0, 0, '2025-05-15 14:38:39', '2025-05-15 14:38:39'),
(1378, 7, 7, 20, 0, 0, '2025-05-15 14:38:39', '2025-05-15 14:38:39'),
(1379, 7, 8, 20, 0, 0, '2025-05-15 14:38:39', '2025-05-15 14:38:39'),
(1380, 7, 9, 20, 0, 0, '2025-05-15 14:38:39', '2025-05-15 14:38:39'),
(1381, 8, 7, 1, 0, 0, '2025-05-15 14:38:39', '2025-05-15 14:38:39'),
(1382, 8, 8, 1, 0, 0, '2025-05-15 14:38:39', '2025-05-15 14:38:39'),
(1383, 8, 9, 1, 0, 0, '2025-05-15 14:38:39', '2025-05-15 14:38:39'),
(1384, 8, 7, 2, 0, 0, '2025-05-15 14:38:39', '2025-05-15 14:38:39'),
(1385, 8, 8, 2, 0, 0, '2025-05-15 14:38:39', '2025-05-15 14:38:39'),
(1386, 8, 9, 2, 0, 0, '2025-05-15 14:38:39', '2025-05-15 14:38:39'),
(1387, 8, 7, 3, 0, 0, '2025-05-15 14:38:39', '2025-05-15 14:38:39'),
(1388, 8, 8, 3, 0, 0, '2025-05-15 14:38:39', '2025-05-15 14:38:39'),
(1389, 8, 9, 3, 0, 0, '2025-05-15 14:38:39', '2025-05-15 14:38:39'),
(1390, 8, 7, 4, 0, 0, '2025-05-15 14:38:39', '2025-05-15 14:38:39'),
(1391, 8, 8, 4, 0, 0, '2025-05-15 14:38:40', '2025-05-15 14:38:40'),
(1392, 8, 9, 4, 0, 0, '2025-05-15 14:38:40', '2025-05-15 14:38:40'),
(1393, 8, 7, 5, 0, 0, '2025-05-15 14:38:40', '2025-05-15 14:38:40'),
(1394, 8, 8, 5, 0, 0, '2025-05-15 14:38:40', '2025-05-15 14:38:40'),
(1395, 8, 9, 5, 0, 0, '2025-05-15 14:38:40', '2025-05-15 14:38:40'),
(1396, 8, 7, 6, 0, 0, '2025-05-15 14:38:40', '2025-05-15 14:38:40'),
(1397, 8, 8, 6, 0, 0, '2025-05-15 14:38:40', '2025-05-15 14:38:40'),
(1398, 8, 9, 6, 0, 0, '2025-05-15 14:38:40', '2025-05-15 14:38:40'),
(1399, 8, 7, 7, 0, 0, '2025-05-15 14:38:40', '2025-05-15 14:38:40'),
(1400, 8, 8, 7, 0, 0, '2025-05-15 14:38:40', '2025-05-15 14:38:40'),
(1401, 8, 9, 7, 0, 0, '2025-05-15 14:38:40', '2025-05-15 14:38:40'),
(1402, 8, 7, 8, 0, 0, '2025-05-15 14:38:40', '2025-05-15 14:38:40'),
(1403, 8, 8, 8, 0, 0, '2025-05-15 14:38:40', '2025-05-15 14:38:40'),
(1404, 8, 9, 8, 0, 0, '2025-05-15 14:38:40', '2025-05-15 14:38:40'),
(1405, 8, 7, 9, 0, 0, '2025-05-15 14:38:40', '2025-05-15 14:38:40'),
(1406, 8, 8, 9, 0, 0, '2025-05-15 14:38:40', '2025-05-15 14:38:40'),
(1407, 8, 9, 9, 0, 0, '2025-05-15 14:38:40', '2025-05-15 14:38:40'),
(1408, 8, 7, 10, 0, 0, '2025-05-15 14:38:40', '2025-05-15 14:38:40'),
(1409, 8, 8, 10, 0, 0, '2025-05-15 14:38:40', '2025-05-15 14:38:40'),
(1410, 8, 9, 10, 0, 0, '2025-05-15 14:38:40', '2025-05-15 14:38:40'),
(1411, 8, 7, 11, 0, 0, '2025-05-15 14:38:40', '2025-05-15 14:38:40'),
(1412, 8, 8, 11, 0, 0, '2025-05-15 14:38:40', '2025-05-15 14:38:40'),
(1413, 8, 9, 11, 0, 0, '2025-05-15 14:38:40', '2025-05-15 14:38:40'),
(1414, 8, 7, 12, 0, 0, '2025-05-15 14:38:40', '2025-05-15 14:38:40'),
(1415, 8, 8, 12, 0, 0, '2025-05-15 14:38:40', '2025-05-15 14:38:40'),
(1416, 8, 9, 12, 0, 0, '2025-05-15 14:38:40', '2025-05-15 14:38:40'),
(1417, 8, 7, 13, 0, 0, '2025-05-15 14:38:40', '2025-05-15 14:38:40'),
(1418, 8, 8, 13, 0, 0, '2025-05-15 14:38:40', '2025-05-15 14:38:40'),
(1419, 8, 9, 13, 0, 0, '2025-05-15 14:38:40', '2025-05-15 14:38:40'),
(1420, 8, 7, 14, 0, 0, '2025-05-15 14:38:40', '2025-05-15 14:38:40'),
(1421, 8, 8, 14, 0, 0, '2025-05-15 14:38:40', '2025-05-15 14:38:40'),
(1422, 8, 9, 14, 0, 0, '2025-05-15 14:38:40', '2025-05-15 14:38:40'),
(1423, 8, 7, 15, 0, 0, '2025-05-15 14:38:40', '2025-05-15 14:38:40'),
(1424, 8, 8, 15, 0, 0, '2025-05-15 14:38:40', '2025-05-15 14:38:40'),
(1425, 8, 9, 15, 0, 0, '2025-05-15 14:38:40', '2025-05-15 14:38:40'),
(1426, 8, 7, 16, 0, 0, '2025-05-15 14:38:40', '2025-05-15 14:38:40'),
(1427, 8, 8, 16, 0, 0, '2025-05-15 14:38:40', '2025-05-15 14:38:40'),
(1428, 8, 9, 16, 0, 0, '2025-05-15 14:38:40', '2025-05-15 14:38:40'),
(1429, 8, 7, 17, 0, 0, '2025-05-15 14:38:40', '2025-05-15 14:38:40'),
(1430, 8, 8, 17, 0, 0, '2025-05-15 14:38:40', '2025-05-15 14:38:40'),
(1431, 8, 9, 17, 0, 0, '2025-05-15 14:38:40', '2025-05-15 14:38:40'),
(1432, 8, 7, 18, 0, 0, '2025-05-15 14:38:40', '2025-05-15 14:38:40'),
(1433, 8, 8, 18, 0, 0, '2025-05-15 14:38:40', '2025-05-15 14:38:40'),
(1434, 8, 9, 18, 0, 0, '2025-05-15 14:38:40', '2025-05-15 14:38:40'),
(1435, 8, 7, 19, 0, 0, '2025-05-15 14:38:40', '2025-05-15 14:38:40'),
(1436, 8, 8, 19, 0, 0, '2025-05-15 14:38:40', '2025-05-15 14:38:40'),
(1437, 8, 9, 19, 0, 0, '2025-05-15 14:38:40', '2025-05-15 14:38:40'),
(1438, 8, 7, 20, 0, 0, '2025-05-15 14:38:40', '2025-05-15 14:38:40'),
(1439, 8, 8, 20, 0, 0, '2025-05-15 14:38:40', '2025-05-15 14:38:40'),
(1440, 8, 9, 20, 0, 0, '2025-05-15 14:38:40', '2025-05-15 14:38:40'),
(1441, 1, 10, 1, 0, 0, '2025-05-15 14:38:40', '2025-05-15 14:38:40'),
(1442, 1, 11, 1, 0, 0, '2025-05-15 14:38:40', '2025-05-15 14:38:40'),
(1443, 1, 12, 1, 0, 0, '2025-05-15 14:38:40', '2025-05-15 14:38:40'),
(1444, 1, 10, 2, 0, 0, '2025-05-15 14:38:40', '2025-05-15 14:38:40'),
(1445, 1, 11, 2, 0, 0, '2025-05-15 14:38:40', '2025-05-15 14:38:40'),
(1446, 1, 12, 2, 0, 0, '2025-05-15 14:38:40', '2025-05-15 14:38:40'),
(1447, 1, 10, 3, 0, 0, '2025-05-15 14:38:40', '2025-05-15 14:38:40'),
(1448, 1, 11, 3, 0, 0, '2025-05-15 14:38:40', '2025-05-15 14:38:40'),
(1449, 1, 12, 3, 0, 0, '2025-05-15 14:38:40', '2025-05-15 14:38:40'),
(1450, 1, 10, 4, 0, 0, '2025-05-15 14:38:40', '2025-05-15 14:38:40'),
(1451, 1, 11, 4, 0, 0, '2025-05-15 14:38:40', '2025-05-15 14:38:40'),
(1452, 1, 12, 4, 0, 0, '2025-05-15 14:38:40', '2025-05-15 14:38:40'),
(1453, 1, 10, 5, 0, 0, '2025-05-15 14:38:40', '2025-05-15 14:38:40'),
(1454, 1, 11, 5, 0, 0, '2025-05-15 14:38:40', '2025-05-15 14:38:40'),
(1455, 1, 12, 5, 0, 0, '2025-05-15 14:38:40', '2025-05-15 14:38:40'),
(1456, 1, 10, 6, 0, 0, '2025-05-15 14:38:40', '2025-05-15 14:38:40'),
(1457, 1, 11, 6, 0, 0, '2025-05-15 14:38:40', '2025-05-15 14:38:40'),
(1458, 1, 12, 6, 0, 0, '2025-05-15 14:38:40', '2025-05-15 14:38:40'),
(1459, 1, 10, 7, 0, 0, '2025-05-15 14:38:40', '2025-05-15 14:38:40'),
(1460, 1, 11, 7, 0, 0, '2025-05-15 14:38:40', '2025-05-15 14:38:40'),
(1461, 1, 12, 7, 0, 0, '2025-05-15 14:38:40', '2025-05-15 14:38:40'),
(1462, 1, 10, 8, 0, 0, '2025-05-15 14:38:41', '2025-05-15 14:38:41'),
(1463, 1, 11, 8, 0, 0, '2025-05-15 14:38:41', '2025-05-15 14:38:41'),
(1464, 1, 12, 8, 0, 0, '2025-05-15 14:38:41', '2025-05-15 14:38:41'),
(1465, 1, 10, 9, 0, 0, '2025-05-15 14:38:41', '2025-05-15 14:38:41'),
(1466, 1, 11, 9, 0, 0, '2025-05-15 14:38:41', '2025-05-15 14:38:41'),
(1467, 1, 12, 9, 0, 0, '2025-05-15 14:38:41', '2025-05-15 14:38:41'),
(1468, 1, 10, 10, 0, 0, '2025-05-15 14:38:41', '2025-05-15 14:38:41'),
(1469, 1, 11, 10, 0, 0, '2025-05-15 14:38:41', '2025-05-15 14:38:41'),
(1470, 1, 12, 10, 0, 0, '2025-05-15 14:38:41', '2025-05-15 14:38:41'),
(1471, 1, 10, 11, 0, 0, '2025-05-15 14:38:41', '2025-05-15 14:38:41'),
(1472, 1, 11, 11, 0, 0, '2025-05-15 14:38:41', '2025-05-15 14:38:41'),
(1473, 1, 12, 11, 0, 0, '2025-05-15 14:38:41', '2025-05-15 14:38:41'),
(1474, 1, 10, 12, 0, 0, '2025-05-15 14:38:41', '2025-05-15 14:38:41'),
(1475, 1, 11, 12, 0, 0, '2025-05-15 14:38:41', '2025-05-15 14:38:41'),
(1476, 1, 12, 12, 0, 0, '2025-05-15 14:38:41', '2025-05-15 14:38:41'),
(1477, 1, 10, 13, 0, 0, '2025-05-15 14:38:41', '2025-05-15 14:38:41'),
(1478, 1, 11, 13, 0, 0, '2025-05-15 14:38:41', '2025-05-15 14:38:41'),
(1479, 1, 12, 13, 0, 0, '2025-05-15 14:38:41', '2025-05-15 14:38:41'),
(1480, 1, 10, 14, 0, 0, '2025-05-15 14:38:41', '2025-05-15 14:38:41'),
(1481, 1, 11, 14, 0, 0, '2025-05-15 14:38:41', '2025-05-15 14:38:41'),
(1482, 1, 12, 14, 0, 0, '2025-05-15 14:38:41', '2025-05-15 14:38:41'),
(1483, 1, 10, 15, 0, 0, '2025-05-15 14:38:41', '2025-05-15 14:38:41'),
(1484, 1, 11, 15, 0, 0, '2025-05-15 14:38:41', '2025-05-15 14:38:41'),
(1485, 1, 12, 15, 0, 0, '2025-05-15 14:38:41', '2025-05-15 14:38:41'),
(1486, 1, 10, 16, 0, 0, '2025-05-15 14:38:41', '2025-05-15 14:38:41'),
(1487, 1, 11, 16, 0, 0, '2025-05-15 14:38:41', '2025-05-15 14:38:41'),
(1488, 1, 12, 16, 0, 0, '2025-05-15 14:38:41', '2025-05-15 14:38:41'),
(1489, 1, 10, 17, 0, 0, '2025-05-15 14:38:41', '2025-05-15 14:38:41'),
(1490, 1, 11, 17, 0, 0, '2025-05-15 14:38:41', '2025-05-15 14:38:41'),
(1491, 1, 12, 17, 0, 0, '2025-05-15 14:38:41', '2025-05-15 14:38:41'),
(1492, 1, 10, 18, 0, 0, '2025-05-15 14:38:41', '2025-05-15 14:38:41');
INSERT INTO `ratings` (`id`, `judge_id`, `criteria_id`, `team_id`, `value`, `is_locked`, `created_at`, `updated_at`) VALUES
(1493, 1, 11, 18, 0, 0, '2025-05-15 14:38:41', '2025-05-15 14:38:41'),
(1494, 1, 12, 18, 0, 0, '2025-05-15 14:38:41', '2025-05-15 14:38:41'),
(1495, 1, 10, 19, 0, 0, '2025-05-15 14:38:41', '2025-05-15 14:38:41'),
(1496, 1, 11, 19, 0, 0, '2025-05-15 14:38:41', '2025-05-15 14:38:41'),
(1497, 1, 12, 19, 0, 0, '2025-05-15 14:38:41', '2025-05-15 14:38:41'),
(1498, 1, 10, 20, 0, 0, '2025-05-15 14:38:41', '2025-05-15 14:38:41'),
(1499, 1, 11, 20, 0, 0, '2025-05-15 14:38:41', '2025-05-15 14:38:41'),
(1500, 1, 12, 20, 0, 0, '2025-05-15 14:38:41', '2025-05-15 14:38:41'),
(1501, 2, 10, 1, 0, 0, '2025-05-15 14:38:41', '2025-05-15 14:38:41'),
(1502, 2, 11, 1, 0, 0, '2025-05-15 14:38:41', '2025-05-15 14:38:41'),
(1503, 2, 12, 1, 0, 0, '2025-05-15 14:38:41', '2025-05-15 14:38:41'),
(1504, 2, 10, 2, 0, 0, '2025-05-15 14:38:41', '2025-05-15 14:38:41'),
(1505, 2, 11, 2, 0, 0, '2025-05-15 14:38:41', '2025-05-15 14:38:41'),
(1506, 2, 12, 2, 0, 0, '2025-05-15 14:38:41', '2025-05-15 14:38:41'),
(1507, 2, 10, 3, 0, 0, '2025-05-15 14:38:41', '2025-05-15 14:38:41'),
(1508, 2, 11, 3, 0, 0, '2025-05-15 14:38:41', '2025-05-15 14:38:41'),
(1509, 2, 12, 3, 0, 0, '2025-05-15 14:38:41', '2025-05-15 14:38:41'),
(1510, 2, 10, 4, 0, 0, '2025-05-15 14:38:41', '2025-05-15 14:38:41'),
(1511, 2, 11, 4, 0, 0, '2025-05-15 14:38:41', '2025-05-15 14:38:41'),
(1512, 2, 12, 4, 0, 0, '2025-05-15 14:38:41', '2025-05-15 14:38:41'),
(1513, 2, 10, 5, 0, 0, '2025-05-15 14:38:41', '2025-05-15 14:38:41'),
(1514, 2, 11, 5, 0, 0, '2025-05-15 14:38:41', '2025-05-15 14:38:41'),
(1515, 2, 12, 5, 0, 0, '2025-05-15 14:38:41', '2025-05-15 14:38:41'),
(1516, 2, 10, 6, 0, 0, '2025-05-15 14:38:41', '2025-05-15 14:38:41'),
(1517, 2, 11, 6, 0, 0, '2025-05-15 14:38:41', '2025-05-15 14:38:41'),
(1518, 2, 12, 6, 0, 0, '2025-05-15 14:38:41', '2025-05-15 14:38:41'),
(1519, 2, 10, 7, 0, 0, '2025-05-15 14:38:41', '2025-05-15 14:38:41'),
(1520, 2, 11, 7, 0, 0, '2025-05-15 14:38:41', '2025-05-15 14:38:41'),
(1521, 2, 12, 7, 0, 0, '2025-05-15 14:38:41', '2025-05-15 14:38:41'),
(1522, 2, 10, 8, 0, 0, '2025-05-15 14:38:41', '2025-05-15 14:38:41'),
(1523, 2, 11, 8, 0, 0, '2025-05-15 14:38:41', '2025-05-15 14:38:41'),
(1524, 2, 12, 8, 0, 0, '2025-05-15 14:38:41', '2025-05-15 14:38:41'),
(1525, 2, 10, 9, 0, 0, '2025-05-15 14:38:41', '2025-05-15 14:38:41'),
(1526, 2, 11, 9, 0, 0, '2025-05-15 14:38:41', '2025-05-15 14:38:41'),
(1527, 2, 12, 9, 0, 0, '2025-05-15 14:38:41', '2025-05-15 14:38:41'),
(1528, 2, 10, 10, 0, 0, '2025-05-15 14:38:41', '2025-05-15 14:38:41'),
(1529, 2, 11, 10, 0, 0, '2025-05-15 14:38:41', '2025-05-15 14:38:41'),
(1530, 2, 12, 10, 0, 0, '2025-05-15 14:38:41', '2025-05-15 14:38:41'),
(1531, 2, 10, 11, 0, 0, '2025-05-15 14:38:41', '2025-05-15 14:38:41'),
(1532, 2, 11, 11, 0, 0, '2025-05-15 14:38:41', '2025-05-15 14:38:41'),
(1533, 2, 12, 11, 0, 0, '2025-05-15 14:38:41', '2025-05-15 14:38:41'),
(1534, 2, 10, 12, 0, 0, '2025-05-15 14:38:41', '2025-05-15 14:38:41'),
(1535, 2, 11, 12, 0, 0, '2025-05-15 14:38:41', '2025-05-15 14:38:41'),
(1536, 2, 12, 12, 0, 0, '2025-05-15 14:38:41', '2025-05-15 14:38:41'),
(1537, 2, 10, 13, 0, 0, '2025-05-15 14:38:41', '2025-05-15 14:38:41'),
(1538, 2, 11, 13, 0, 0, '2025-05-15 14:38:41', '2025-05-15 14:38:41'),
(1539, 2, 12, 13, 0, 0, '2025-05-15 14:38:41', '2025-05-15 14:38:41'),
(1540, 2, 10, 14, 0, 0, '2025-05-15 14:38:41', '2025-05-15 14:38:41'),
(1541, 2, 11, 14, 0, 0, '2025-05-15 14:38:41', '2025-05-15 14:38:41'),
(1542, 2, 12, 14, 0, 0, '2025-05-15 14:38:41', '2025-05-15 14:38:41'),
(1543, 2, 10, 15, 0, 0, '2025-05-15 14:38:41', '2025-05-15 14:38:41'),
(1544, 2, 11, 15, 0, 0, '2025-05-15 14:38:41', '2025-05-15 14:38:41'),
(1545, 2, 12, 15, 0, 0, '2025-05-15 14:38:41', '2025-05-15 14:38:41'),
(1546, 2, 10, 16, 0, 0, '2025-05-15 14:38:41', '2025-05-15 14:38:41'),
(1547, 2, 11, 16, 0, 0, '2025-05-15 14:38:42', '2025-05-15 14:38:42'),
(1548, 2, 12, 16, 0, 0, '2025-05-15 14:38:42', '2025-05-15 14:38:42'),
(1549, 2, 10, 17, 0, 0, '2025-05-15 14:38:42', '2025-05-15 14:38:42'),
(1550, 2, 11, 17, 0, 0, '2025-05-15 14:38:42', '2025-05-15 14:38:42'),
(1551, 2, 12, 17, 0, 0, '2025-05-15 14:38:42', '2025-05-15 14:38:42'),
(1552, 2, 10, 18, 0, 0, '2025-05-15 14:38:42', '2025-05-15 14:38:42'),
(1553, 2, 11, 18, 0, 0, '2025-05-15 14:38:42', '2025-05-15 14:38:42'),
(1554, 2, 12, 18, 0, 0, '2025-05-15 14:38:42', '2025-05-15 14:38:42'),
(1555, 2, 10, 19, 0, 0, '2025-05-15 14:38:42', '2025-05-15 14:38:42'),
(1556, 2, 11, 19, 0, 0, '2025-05-15 14:38:42', '2025-05-15 14:38:42'),
(1557, 2, 12, 19, 0, 0, '2025-05-15 14:38:42', '2025-05-15 14:38:42'),
(1558, 2, 10, 20, 0, 0, '2025-05-15 14:38:42', '2025-05-15 14:38:42'),
(1559, 2, 11, 20, 0, 0, '2025-05-15 14:38:42', '2025-05-15 14:38:42'),
(1560, 2, 12, 20, 0, 0, '2025-05-15 14:38:42', '2025-05-15 14:38:42'),
(1561, 3, 10, 1, 0, 0, '2025-05-15 14:38:42', '2025-05-15 14:38:42'),
(1562, 3, 11, 1, 0, 0, '2025-05-15 14:38:42', '2025-05-15 14:38:42'),
(1563, 3, 12, 1, 0, 0, '2025-05-15 14:38:42', '2025-05-15 14:38:42'),
(1564, 3, 10, 2, 0, 0, '2025-05-15 14:38:42', '2025-05-15 14:38:42'),
(1565, 3, 11, 2, 0, 0, '2025-05-15 14:38:42', '2025-05-15 14:38:42'),
(1566, 3, 12, 2, 0, 0, '2025-05-15 14:38:42', '2025-05-15 14:38:42'),
(1567, 3, 10, 3, 0, 0, '2025-05-15 14:38:42', '2025-05-15 14:38:42'),
(1568, 3, 11, 3, 0, 0, '2025-05-15 14:38:42', '2025-05-15 14:38:42'),
(1569, 3, 12, 3, 0, 0, '2025-05-15 14:38:42', '2025-05-15 14:38:42'),
(1570, 3, 10, 4, 0, 0, '2025-05-15 14:38:42', '2025-05-15 14:38:42'),
(1571, 3, 11, 4, 0, 0, '2025-05-15 14:38:42', '2025-05-15 14:38:42'),
(1572, 3, 12, 4, 0, 0, '2025-05-15 14:38:42', '2025-05-15 14:38:42'),
(1573, 3, 10, 5, 0, 0, '2025-05-15 14:38:42', '2025-05-15 14:38:42'),
(1574, 3, 11, 5, 0, 0, '2025-05-15 14:38:42', '2025-05-15 14:38:42'),
(1575, 3, 12, 5, 0, 0, '2025-05-15 14:38:42', '2025-05-15 14:38:42'),
(1576, 3, 10, 6, 0, 0, '2025-05-15 14:38:42', '2025-05-15 14:38:42'),
(1577, 3, 11, 6, 0, 0, '2025-05-15 14:38:42', '2025-05-15 14:38:42'),
(1578, 3, 12, 6, 0, 0, '2025-05-15 14:38:42', '2025-05-15 14:38:42'),
(1579, 3, 10, 7, 0, 0, '2025-05-15 14:38:42', '2025-05-15 14:38:42'),
(1580, 3, 11, 7, 0, 0, '2025-05-15 14:38:42', '2025-05-15 14:38:42'),
(1581, 3, 12, 7, 0, 0, '2025-05-15 14:38:42', '2025-05-15 14:38:42'),
(1582, 3, 10, 8, 0, 0, '2025-05-15 14:38:42', '2025-05-15 14:38:42'),
(1583, 3, 11, 8, 0, 0, '2025-05-15 14:38:42', '2025-05-15 14:38:42'),
(1584, 3, 12, 8, 0, 0, '2025-05-15 14:38:42', '2025-05-15 14:38:42'),
(1585, 3, 10, 9, 0, 0, '2025-05-15 14:38:42', '2025-05-15 14:38:42'),
(1586, 3, 11, 9, 0, 0, '2025-05-15 14:38:42', '2025-05-15 14:38:42'),
(1587, 3, 12, 9, 0, 0, '2025-05-15 14:38:42', '2025-05-15 14:38:42'),
(1588, 3, 10, 10, 0, 0, '2025-05-15 14:38:42', '2025-05-15 14:38:42'),
(1589, 3, 11, 10, 0, 0, '2025-05-15 14:38:42', '2025-05-15 14:38:42'),
(1590, 3, 12, 10, 0, 0, '2025-05-15 14:38:42', '2025-05-15 14:38:42'),
(1591, 3, 10, 11, 0, 0, '2025-05-15 14:38:42', '2025-05-15 14:38:42'),
(1592, 3, 11, 11, 0, 0, '2025-05-15 14:38:42', '2025-05-15 14:38:42'),
(1593, 3, 12, 11, 0, 0, '2025-05-15 14:38:42', '2025-05-15 14:38:42'),
(1594, 3, 10, 12, 0, 0, '2025-05-15 14:38:42', '2025-05-15 14:38:42'),
(1595, 3, 11, 12, 0, 0, '2025-05-15 14:38:42', '2025-05-15 14:38:42'),
(1596, 3, 12, 12, 0, 0, '2025-05-15 14:38:42', '2025-05-15 14:38:42'),
(1597, 3, 10, 13, 0, 0, '2025-05-15 14:38:42', '2025-05-15 14:38:42'),
(1598, 3, 11, 13, 0, 0, '2025-05-15 14:38:42', '2025-05-15 14:38:42'),
(1599, 3, 12, 13, 0, 0, '2025-05-15 14:38:42', '2025-05-15 14:38:42'),
(1600, 3, 10, 14, 0, 0, '2025-05-15 14:38:42', '2025-05-15 14:38:42'),
(1601, 3, 11, 14, 0, 0, '2025-05-15 14:38:42', '2025-05-15 14:38:42'),
(1602, 3, 12, 14, 0, 0, '2025-05-15 14:38:42', '2025-05-15 14:38:42'),
(1603, 3, 10, 15, 0, 0, '2025-05-15 14:38:42', '2025-05-15 14:38:42'),
(1604, 3, 11, 15, 0, 0, '2025-05-15 14:38:42', '2025-05-15 14:38:42'),
(1605, 3, 12, 15, 0, 0, '2025-05-15 14:38:42', '2025-05-15 14:38:42'),
(1606, 3, 10, 16, 0, 0, '2025-05-15 14:38:43', '2025-05-15 14:38:43'),
(1607, 3, 11, 16, 0, 0, '2025-05-15 14:38:43', '2025-05-15 14:38:43'),
(1608, 3, 12, 16, 0, 0, '2025-05-15 14:38:43', '2025-05-15 14:38:43'),
(1609, 3, 10, 17, 0, 0, '2025-05-15 14:38:43', '2025-05-15 14:38:43'),
(1610, 3, 11, 17, 0, 0, '2025-05-15 14:38:43', '2025-05-15 14:38:43'),
(1611, 3, 12, 17, 0, 0, '2025-05-15 14:38:43', '2025-05-15 14:38:43'),
(1612, 3, 10, 18, 0, 0, '2025-05-15 14:38:43', '2025-05-15 14:38:43'),
(1613, 3, 11, 18, 0, 0, '2025-05-15 14:38:43', '2025-05-15 14:38:43'),
(1614, 3, 12, 18, 0, 0, '2025-05-15 14:38:43', '2025-05-15 14:38:43'),
(1615, 3, 10, 19, 0, 0, '2025-05-15 14:38:43', '2025-05-15 14:38:43'),
(1616, 3, 11, 19, 0, 0, '2025-05-15 14:38:43', '2025-05-15 14:38:43'),
(1617, 3, 12, 19, 0, 0, '2025-05-15 14:38:43', '2025-05-15 14:38:43'),
(1618, 3, 10, 20, 0, 0, '2025-05-15 14:38:43', '2025-05-15 14:38:43'),
(1619, 3, 11, 20, 0, 0, '2025-05-15 14:38:43', '2025-05-15 14:38:43'),
(1620, 3, 12, 20, 0, 0, '2025-05-15 14:38:43', '2025-05-15 14:38:43'),
(1621, 4, 10, 1, 0, 0, '2025-05-15 14:38:43', '2025-05-15 14:38:43'),
(1622, 4, 11, 1, 0, 0, '2025-05-15 14:38:43', '2025-05-15 14:38:43'),
(1623, 4, 12, 1, 0, 0, '2025-05-15 14:38:43', '2025-05-15 14:38:43'),
(1624, 4, 10, 2, 0, 0, '2025-05-15 14:38:43', '2025-05-15 14:38:43'),
(1625, 4, 11, 2, 0, 0, '2025-05-15 14:38:43', '2025-05-15 14:38:43'),
(1626, 4, 12, 2, 0, 0, '2025-05-15 14:38:43', '2025-05-15 14:38:43'),
(1627, 4, 10, 3, 0, 0, '2025-05-15 14:38:43', '2025-05-15 14:38:43'),
(1628, 4, 11, 3, 0, 0, '2025-05-15 14:38:43', '2025-05-15 14:38:43'),
(1629, 4, 12, 3, 0, 0, '2025-05-15 14:38:43', '2025-05-15 14:38:43'),
(1630, 4, 10, 4, 0, 0, '2025-05-15 14:38:43', '2025-05-15 14:38:43'),
(1631, 4, 11, 4, 0, 0, '2025-05-15 14:38:43', '2025-05-15 14:38:43'),
(1632, 4, 12, 4, 0, 0, '2025-05-15 14:38:43', '2025-05-15 14:38:43'),
(1633, 4, 10, 5, 0, 0, '2025-05-15 14:38:43', '2025-05-15 14:38:43'),
(1634, 4, 11, 5, 0, 0, '2025-05-15 14:38:43', '2025-05-15 14:38:43'),
(1635, 4, 12, 5, 0, 0, '2025-05-15 14:38:43', '2025-05-15 14:38:43'),
(1636, 4, 10, 6, 0, 0, '2025-05-15 14:38:43', '2025-05-15 14:38:43'),
(1637, 4, 11, 6, 0, 0, '2025-05-15 14:38:43', '2025-05-15 14:38:43'),
(1638, 4, 12, 6, 0, 0, '2025-05-15 14:38:43', '2025-05-15 14:38:43'),
(1639, 4, 10, 7, 0, 0, '2025-05-15 14:38:43', '2025-05-15 14:38:43'),
(1640, 4, 11, 7, 0, 0, '2025-05-15 14:38:43', '2025-05-15 14:38:43'),
(1641, 4, 12, 7, 0, 0, '2025-05-15 14:38:43', '2025-05-15 14:38:43'),
(1642, 4, 10, 8, 0, 0, '2025-05-15 14:38:43', '2025-05-15 14:38:43'),
(1643, 4, 11, 8, 0, 0, '2025-05-15 14:38:43', '2025-05-15 14:38:43'),
(1644, 4, 12, 8, 0, 0, '2025-05-15 14:38:43', '2025-05-15 14:38:43'),
(1645, 4, 10, 9, 0, 0, '2025-05-15 14:38:43', '2025-05-15 14:38:43'),
(1646, 4, 11, 9, 0, 0, '2025-05-15 14:38:43', '2025-05-15 14:38:43'),
(1647, 4, 12, 9, 0, 0, '2025-05-15 14:38:43', '2025-05-15 14:38:43'),
(1648, 4, 10, 10, 0, 0, '2025-05-15 14:38:44', '2025-05-15 14:38:44'),
(1649, 4, 11, 10, 0, 0, '2025-05-15 14:38:44', '2025-05-15 14:38:44'),
(1650, 4, 12, 10, 0, 0, '2025-05-15 14:38:44', '2025-05-15 14:38:44'),
(1651, 4, 10, 11, 0, 0, '2025-05-15 14:38:44', '2025-05-15 14:38:44'),
(1652, 4, 11, 11, 0, 0, '2025-05-15 14:38:44', '2025-05-15 14:38:44'),
(1653, 4, 12, 11, 0, 0, '2025-05-15 14:38:44', '2025-05-15 14:38:44'),
(1654, 4, 10, 12, 0, 0, '2025-05-15 14:38:44', '2025-05-15 14:38:44'),
(1655, 4, 11, 12, 0, 0, '2025-05-15 14:38:44', '2025-05-15 14:38:44'),
(1656, 4, 12, 12, 0, 0, '2025-05-15 14:38:44', '2025-05-15 14:38:44'),
(1657, 4, 10, 13, 0, 0, '2025-05-15 14:38:44', '2025-05-15 14:38:44'),
(1658, 4, 11, 13, 0, 0, '2025-05-15 14:38:44', '2025-05-15 14:38:44'),
(1659, 4, 12, 13, 0, 0, '2025-05-15 14:38:44', '2025-05-15 14:38:44'),
(1660, 4, 10, 14, 0, 0, '2025-05-15 14:38:44', '2025-05-15 14:38:44'),
(1661, 4, 11, 14, 0, 0, '2025-05-15 14:38:44', '2025-05-15 14:38:44'),
(1662, 4, 12, 14, 0, 0, '2025-05-15 14:38:44', '2025-05-15 14:38:44'),
(1663, 4, 10, 15, 0, 0, '2025-05-15 14:38:44', '2025-05-15 14:38:44'),
(1664, 4, 11, 15, 0, 0, '2025-05-15 14:38:44', '2025-05-15 14:38:44'),
(1665, 4, 12, 15, 0, 0, '2025-05-15 14:38:44', '2025-05-15 14:38:44'),
(1666, 4, 10, 16, 0, 0, '2025-05-15 14:38:44', '2025-05-15 14:38:44'),
(1667, 4, 11, 16, 0, 0, '2025-05-15 14:38:44', '2025-05-15 14:38:44'),
(1668, 4, 12, 16, 0, 0, '2025-05-15 14:38:44', '2025-05-15 14:38:44'),
(1669, 4, 10, 17, 0, 0, '2025-05-15 14:38:44', '2025-05-15 14:38:44'),
(1670, 4, 11, 17, 0, 0, '2025-05-15 14:38:44', '2025-05-15 14:38:44'),
(1671, 4, 12, 17, 0, 0, '2025-05-15 14:38:44', '2025-05-15 14:38:44'),
(1672, 4, 10, 18, 0, 0, '2025-05-15 14:38:44', '2025-05-15 14:38:44'),
(1673, 4, 11, 18, 0, 0, '2025-05-15 14:38:44', '2025-05-15 14:38:44'),
(1674, 4, 12, 18, 0, 0, '2025-05-15 14:38:44', '2025-05-15 14:38:44'),
(1675, 4, 10, 19, 0, 0, '2025-05-15 14:38:44', '2025-05-15 14:38:44'),
(1676, 4, 11, 19, 0, 0, '2025-05-15 14:38:44', '2025-05-15 14:38:44'),
(1677, 4, 12, 19, 0, 0, '2025-05-15 14:38:44', '2025-05-15 14:38:44'),
(1678, 4, 10, 20, 0, 0, '2025-05-15 14:38:44', '2025-05-15 14:38:44'),
(1679, 4, 11, 20, 0, 0, '2025-05-15 14:38:44', '2025-05-15 14:38:44'),
(1680, 4, 12, 20, 0, 0, '2025-05-15 14:38:44', '2025-05-15 14:38:44'),
(1681, 5, 10, 1, 0, 0, '2025-05-15 14:38:44', '2025-05-15 14:38:44'),
(1682, 5, 11, 1, 0, 0, '2025-05-15 14:38:44', '2025-05-15 14:38:44'),
(1683, 5, 12, 1, 0, 0, '2025-05-15 14:38:44', '2025-05-15 14:38:44'),
(1684, 5, 10, 2, 0, 0, '2025-05-15 14:38:44', '2025-05-15 14:38:44'),
(1685, 5, 11, 2, 0, 0, '2025-05-15 14:38:44', '2025-05-15 14:38:44'),
(1686, 5, 12, 2, 0, 0, '2025-05-15 14:38:44', '2025-05-15 14:38:44'),
(1687, 5, 10, 3, 0, 0, '2025-05-15 14:38:44', '2025-05-15 14:38:44'),
(1688, 5, 11, 3, 0, 0, '2025-05-15 14:38:44', '2025-05-15 14:38:44'),
(1689, 5, 12, 3, 0, 0, '2025-05-15 14:38:44', '2025-05-15 14:38:44'),
(1690, 5, 10, 4, 0, 0, '2025-05-15 14:38:44', '2025-05-15 14:38:44'),
(1691, 5, 11, 4, 0, 0, '2025-05-15 14:38:44', '2025-05-15 14:38:44'),
(1692, 5, 12, 4, 0, 0, '2025-05-15 14:38:44', '2025-05-15 14:38:44'),
(1693, 5, 10, 5, 0, 0, '2025-05-15 14:38:44', '2025-05-15 14:38:44'),
(1694, 5, 11, 5, 0, 0, '2025-05-15 14:38:44', '2025-05-15 14:38:44'),
(1695, 5, 12, 5, 0, 0, '2025-05-15 14:38:44', '2025-05-15 14:38:44'),
(1696, 5, 10, 6, 0, 0, '2025-05-15 14:38:44', '2025-05-15 14:38:44'),
(1697, 5, 11, 6, 0, 0, '2025-05-15 14:38:44', '2025-05-15 14:38:44'),
(1698, 5, 12, 6, 0, 0, '2025-05-15 14:38:44', '2025-05-15 14:38:44'),
(1699, 5, 10, 7, 0, 0, '2025-05-15 14:38:44', '2025-05-15 14:38:44'),
(1700, 5, 11, 7, 0, 0, '2025-05-15 14:38:44', '2025-05-15 14:38:44'),
(1701, 5, 12, 7, 0, 0, '2025-05-15 14:38:44', '2025-05-15 14:38:44'),
(1702, 5, 10, 8, 0, 0, '2025-05-15 14:38:44', '2025-05-15 14:38:44'),
(1703, 5, 11, 8, 0, 0, '2025-05-15 14:38:44', '2025-05-15 14:38:44'),
(1704, 5, 12, 8, 0, 0, '2025-05-15 14:38:44', '2025-05-15 14:38:44'),
(1705, 5, 10, 9, 0, 0, '2025-05-15 14:38:44', '2025-05-15 14:38:44'),
(1706, 5, 11, 9, 0, 0, '2025-05-15 14:38:44', '2025-05-15 14:38:44'),
(1707, 5, 12, 9, 0, 0, '2025-05-15 14:38:44', '2025-05-15 14:38:44'),
(1708, 5, 10, 10, 0, 0, '2025-05-15 14:38:44', '2025-05-15 14:38:44'),
(1709, 5, 11, 10, 0, 0, '2025-05-15 14:38:44', '2025-05-15 14:38:44'),
(1710, 5, 12, 10, 0, 0, '2025-05-15 14:38:44', '2025-05-15 14:38:44'),
(1711, 5, 10, 11, 0, 0, '2025-05-15 14:38:44', '2025-05-15 14:38:44'),
(1712, 5, 11, 11, 0, 0, '2025-05-15 14:38:44', '2025-05-15 14:38:44'),
(1713, 5, 12, 11, 0, 0, '2025-05-15 14:38:44', '2025-05-15 14:38:44'),
(1714, 5, 10, 12, 0, 0, '2025-05-15 14:38:44', '2025-05-15 14:38:44'),
(1715, 5, 11, 12, 0, 0, '2025-05-15 14:38:44', '2025-05-15 14:38:44'),
(1716, 5, 12, 12, 0, 0, '2025-05-15 14:38:44', '2025-05-15 14:38:44'),
(1717, 5, 10, 13, 0, 0, '2025-05-15 14:38:44', '2025-05-15 14:38:44'),
(1718, 5, 11, 13, 0, 0, '2025-05-15 14:38:44', '2025-05-15 14:38:44'),
(1719, 5, 12, 13, 0, 0, '2025-05-15 14:38:44', '2025-05-15 14:38:44'),
(1720, 5, 10, 14, 0, 0, '2025-05-15 14:38:44', '2025-05-15 14:38:44'),
(1721, 5, 11, 14, 0, 0, '2025-05-15 14:38:44', '2025-05-15 14:38:44'),
(1722, 5, 12, 14, 0, 0, '2025-05-15 14:38:44', '2025-05-15 14:38:44'),
(1723, 5, 10, 15, 0, 0, '2025-05-15 14:38:44', '2025-05-15 14:38:44'),
(1724, 5, 11, 15, 0, 0, '2025-05-15 14:38:44', '2025-05-15 14:38:44'),
(1725, 5, 12, 15, 0, 0, '2025-05-15 14:38:44', '2025-05-15 14:38:44'),
(1726, 5, 10, 16, 0, 0, '2025-05-15 14:38:45', '2025-05-15 14:38:45'),
(1727, 5, 11, 16, 0, 0, '2025-05-15 14:38:45', '2025-05-15 14:38:45'),
(1728, 5, 12, 16, 0, 0, '2025-05-15 14:38:45', '2025-05-15 14:38:45'),
(1729, 5, 10, 17, 0, 0, '2025-05-15 14:38:45', '2025-05-15 14:38:45'),
(1730, 5, 11, 17, 0, 0, '2025-05-15 14:38:45', '2025-05-15 14:38:45'),
(1731, 5, 12, 17, 0, 0, '2025-05-15 14:38:45', '2025-05-15 14:38:45'),
(1732, 5, 10, 18, 0, 0, '2025-05-15 14:38:45', '2025-05-15 14:38:45'),
(1733, 5, 11, 18, 0, 0, '2025-05-15 14:38:45', '2025-05-15 14:38:45'),
(1734, 5, 12, 18, 0, 0, '2025-05-15 14:38:45', '2025-05-15 14:38:45'),
(1735, 5, 10, 19, 0, 0, '2025-05-15 14:38:45', '2025-05-15 14:38:45'),
(1736, 5, 11, 19, 0, 0, '2025-05-15 14:38:45', '2025-05-15 14:38:45'),
(1737, 5, 12, 19, 0, 0, '2025-05-15 14:38:45', '2025-05-15 14:38:45'),
(1738, 5, 10, 20, 0, 0, '2025-05-15 14:38:45', '2025-05-15 14:38:45'),
(1739, 5, 11, 20, 0, 0, '2025-05-15 14:38:45', '2025-05-15 14:38:45'),
(1740, 5, 12, 20, 0, 0, '2025-05-15 14:38:45', '2025-05-15 14:38:45'),
(1741, 6, 10, 1, 0, 0, '2025-05-15 14:38:45', '2025-05-15 14:38:45'),
(1742, 6, 11, 1, 0, 0, '2025-05-15 14:38:45', '2025-05-15 14:38:45'),
(1743, 6, 12, 1, 0, 0, '2025-05-15 14:38:45', '2025-05-15 14:38:45'),
(1744, 6, 10, 2, 0, 0, '2025-05-15 14:38:45', '2025-05-15 14:38:45'),
(1745, 6, 11, 2, 0, 0, '2025-05-15 14:38:45', '2025-05-15 14:38:45'),
(1746, 6, 12, 2, 0, 0, '2025-05-15 14:38:45', '2025-05-15 14:38:45'),
(1747, 6, 10, 3, 0, 0, '2025-05-15 14:38:45', '2025-05-15 14:38:45'),
(1748, 6, 11, 3, 0, 0, '2025-05-15 14:38:45', '2025-05-15 14:38:45'),
(1749, 6, 12, 3, 0, 0, '2025-05-15 14:38:45', '2025-05-15 14:38:45'),
(1750, 6, 10, 4, 0, 0, '2025-05-15 14:38:45', '2025-05-15 14:38:45'),
(1751, 6, 11, 4, 0, 0, '2025-05-15 14:38:45', '2025-05-15 14:38:45'),
(1752, 6, 12, 4, 0, 0, '2025-05-15 14:38:45', '2025-05-15 14:38:45'),
(1753, 6, 10, 5, 0, 0, '2025-05-15 14:38:45', '2025-05-15 14:38:45'),
(1754, 6, 11, 5, 0, 0, '2025-05-15 14:38:45', '2025-05-15 14:38:45'),
(1755, 6, 12, 5, 0, 0, '2025-05-15 14:38:45', '2025-05-15 14:38:45'),
(1756, 6, 10, 6, 0, 0, '2025-05-15 14:38:45', '2025-05-15 14:38:45'),
(1757, 6, 11, 6, 0, 0, '2025-05-15 14:38:45', '2025-05-15 14:38:45'),
(1758, 6, 12, 6, 0, 0, '2025-05-15 14:38:45', '2025-05-15 14:38:45'),
(1759, 6, 10, 7, 0, 0, '2025-05-15 14:38:45', '2025-05-15 14:38:45'),
(1760, 6, 11, 7, 0, 0, '2025-05-15 14:38:45', '2025-05-15 14:38:45'),
(1761, 6, 12, 7, 0, 0, '2025-05-15 14:38:45', '2025-05-15 14:38:45'),
(1762, 6, 10, 8, 0, 0, '2025-05-15 14:38:45', '2025-05-15 14:38:45'),
(1763, 6, 11, 8, 0, 0, '2025-05-15 14:38:45', '2025-05-15 14:38:45'),
(1764, 6, 12, 8, 0, 0, '2025-05-15 14:38:45', '2025-05-15 14:38:45'),
(1765, 6, 10, 9, 0, 0, '2025-05-15 14:38:45', '2025-05-15 14:38:45'),
(1766, 6, 11, 9, 0, 0, '2025-05-15 14:38:45', '2025-05-15 14:38:45'),
(1767, 6, 12, 9, 0, 0, '2025-05-15 14:38:45', '2025-05-15 14:38:45'),
(1768, 6, 10, 10, 0, 0, '2025-05-15 14:38:45', '2025-05-15 14:38:45'),
(1769, 6, 11, 10, 0, 0, '2025-05-15 14:38:45', '2025-05-15 14:38:45'),
(1770, 6, 12, 10, 0, 0, '2025-05-15 14:38:45', '2025-05-15 14:38:45'),
(1771, 6, 10, 11, 0, 0, '2025-05-15 14:38:45', '2025-05-15 14:38:45'),
(1772, 6, 11, 11, 0, 0, '2025-05-15 14:38:45', '2025-05-15 14:38:45'),
(1773, 6, 12, 11, 0, 0, '2025-05-15 14:38:45', '2025-05-15 14:38:45'),
(1774, 6, 10, 12, 0, 0, '2025-05-15 14:38:45', '2025-05-15 14:38:45'),
(1775, 6, 11, 12, 0, 0, '2025-05-15 14:38:45', '2025-05-15 14:38:45'),
(1776, 6, 12, 12, 0, 0, '2025-05-15 14:38:45', '2025-05-15 14:38:45'),
(1777, 6, 10, 13, 0, 0, '2025-05-15 14:38:45', '2025-05-15 14:38:45'),
(1778, 6, 11, 13, 0, 0, '2025-05-15 14:38:45', '2025-05-15 14:38:45'),
(1779, 6, 12, 13, 0, 0, '2025-05-15 14:38:45', '2025-05-15 14:38:45'),
(1780, 6, 10, 14, 0, 0, '2025-05-15 14:38:45', '2025-05-15 14:38:45'),
(1781, 6, 11, 14, 0, 0, '2025-05-15 14:38:45', '2025-05-15 14:38:45'),
(1782, 6, 12, 14, 0, 0, '2025-05-15 14:38:45', '2025-05-15 14:38:45'),
(1783, 6, 10, 15, 0, 0, '2025-05-15 14:38:45', '2025-05-15 14:38:45'),
(1784, 6, 11, 15, 0, 0, '2025-05-15 14:38:45', '2025-05-15 14:38:45'),
(1785, 6, 12, 15, 0, 0, '2025-05-15 14:38:45', '2025-05-15 14:38:45'),
(1786, 6, 10, 16, 0, 0, '2025-05-15 14:38:45', '2025-05-15 14:38:45'),
(1787, 6, 11, 16, 0, 0, '2025-05-15 14:38:45', '2025-05-15 14:38:45'),
(1788, 6, 12, 16, 0, 0, '2025-05-15 14:38:45', '2025-05-15 14:38:45'),
(1789, 6, 10, 17, 0, 0, '2025-05-15 14:38:45', '2025-05-15 14:38:45'),
(1790, 6, 11, 17, 0, 0, '2025-05-15 14:38:45', '2025-05-15 14:38:45'),
(1791, 6, 12, 17, 0, 0, '2025-05-15 14:38:45', '2025-05-15 14:38:45'),
(1792, 6, 10, 18, 0, 0, '2025-05-15 14:38:45', '2025-05-15 14:38:45'),
(1793, 6, 11, 18, 0, 0, '2025-05-15 14:38:45', '2025-05-15 14:38:45'),
(1794, 6, 12, 18, 0, 0, '2025-05-15 14:38:45', '2025-05-15 14:38:45'),
(1795, 6, 10, 19, 0, 0, '2025-05-15 14:38:45', '2025-05-15 14:38:45'),
(1796, 6, 11, 19, 0, 0, '2025-05-15 14:38:45', '2025-05-15 14:38:45'),
(1797, 6, 12, 19, 0, 0, '2025-05-15 14:38:45', '2025-05-15 14:38:45'),
(1798, 6, 10, 20, 0, 0, '2025-05-15 14:38:45', '2025-05-15 14:38:45'),
(1799, 6, 11, 20, 0, 0, '2025-05-15 14:38:45', '2025-05-15 14:38:45'),
(1800, 6, 12, 20, 0, 0, '2025-05-15 14:38:45', '2025-05-15 14:38:45'),
(1801, 7, 10, 1, 0, 0, '2025-05-15 14:38:45', '2025-05-15 14:38:45'),
(1802, 7, 11, 1, 0, 0, '2025-05-15 14:38:46', '2025-05-15 14:38:46'),
(1803, 7, 12, 1, 0, 0, '2025-05-15 14:38:46', '2025-05-15 14:38:46'),
(1804, 7, 10, 2, 0, 0, '2025-05-15 14:38:46', '2025-05-15 14:38:46'),
(1805, 7, 11, 2, 0, 0, '2025-05-15 14:38:46', '2025-05-15 14:38:46'),
(1806, 7, 12, 2, 0, 0, '2025-05-15 14:38:46', '2025-05-15 14:38:46'),
(1807, 7, 10, 3, 0, 0, '2025-05-15 14:38:46', '2025-05-15 14:38:46'),
(1808, 7, 11, 3, 0, 0, '2025-05-15 14:38:46', '2025-05-15 14:38:46'),
(1809, 7, 12, 3, 0, 0, '2025-05-15 14:38:46', '2025-05-15 14:38:46'),
(1810, 7, 10, 4, 0, 0, '2025-05-15 14:38:46', '2025-05-15 14:38:46'),
(1811, 7, 11, 4, 0, 0, '2025-05-15 14:38:46', '2025-05-15 14:38:46'),
(1812, 7, 12, 4, 0, 0, '2025-05-15 14:38:46', '2025-05-15 14:38:46'),
(1813, 7, 10, 5, 0, 0, '2025-05-15 14:38:46', '2025-05-15 14:38:46'),
(1814, 7, 11, 5, 0, 0, '2025-05-15 14:38:46', '2025-05-15 14:38:46'),
(1815, 7, 12, 5, 0, 0, '2025-05-15 14:38:46', '2025-05-15 14:38:46'),
(1816, 7, 10, 6, 0, 0, '2025-05-15 14:38:46', '2025-05-15 14:38:46'),
(1817, 7, 11, 6, 0, 0, '2025-05-15 14:38:46', '2025-05-15 14:38:46'),
(1818, 7, 12, 6, 0, 0, '2025-05-15 14:38:46', '2025-05-15 14:38:46'),
(1819, 7, 10, 7, 0, 0, '2025-05-15 14:38:46', '2025-05-15 14:38:46'),
(1820, 7, 11, 7, 0, 0, '2025-05-15 14:38:46', '2025-05-15 14:38:46'),
(1821, 7, 12, 7, 0, 0, '2025-05-15 14:38:46', '2025-05-15 14:38:46'),
(1822, 7, 10, 8, 0, 0, '2025-05-15 14:38:46', '2025-05-15 14:38:46'),
(1823, 7, 11, 8, 0, 0, '2025-05-15 14:38:46', '2025-05-15 14:38:46'),
(1824, 7, 12, 8, 0, 0, '2025-05-15 14:38:46', '2025-05-15 14:38:46'),
(1825, 7, 10, 9, 0, 0, '2025-05-15 14:38:46', '2025-05-15 14:38:46'),
(1826, 7, 11, 9, 0, 0, '2025-05-15 14:38:46', '2025-05-15 14:38:46'),
(1827, 7, 12, 9, 0, 0, '2025-05-15 14:38:46', '2025-05-15 14:38:46'),
(1828, 7, 10, 10, 0, 0, '2025-05-15 14:38:46', '2025-05-15 14:38:46'),
(1829, 7, 11, 10, 0, 0, '2025-05-15 14:38:46', '2025-05-15 14:38:46'),
(1830, 7, 12, 10, 0, 0, '2025-05-15 14:38:46', '2025-05-15 14:38:46'),
(1831, 7, 10, 11, 0, 0, '2025-05-15 14:38:46', '2025-05-15 14:38:46'),
(1832, 7, 11, 11, 0, 0, '2025-05-15 14:38:46', '2025-05-15 14:38:46'),
(1833, 7, 12, 11, 0, 0, '2025-05-15 14:38:46', '2025-05-15 14:38:46'),
(1834, 7, 10, 12, 0, 0, '2025-05-15 14:38:46', '2025-05-15 14:38:46'),
(1835, 7, 11, 12, 0, 0, '2025-05-15 14:38:46', '2025-05-15 14:38:46'),
(1836, 7, 12, 12, 0, 0, '2025-05-15 14:38:46', '2025-05-15 14:38:46'),
(1837, 7, 10, 13, 0, 0, '2025-05-15 14:38:46', '2025-05-15 14:38:46'),
(1838, 7, 11, 13, 0, 0, '2025-05-15 14:38:46', '2025-05-15 14:38:46'),
(1839, 7, 12, 13, 0, 0, '2025-05-15 14:38:46', '2025-05-15 14:38:46'),
(1840, 7, 10, 14, 0, 0, '2025-05-15 14:38:46', '2025-05-15 14:38:46'),
(1841, 7, 11, 14, 0, 0, '2025-05-15 14:38:46', '2025-05-15 14:38:46'),
(1842, 7, 12, 14, 0, 0, '2025-05-15 14:38:46', '2025-05-15 14:38:46'),
(1843, 7, 10, 15, 0, 0, '2025-05-15 14:38:46', '2025-05-15 14:38:46'),
(1844, 7, 11, 15, 0, 0, '2025-05-15 14:38:46', '2025-05-15 14:38:46'),
(1845, 7, 12, 15, 0, 0, '2025-05-15 14:38:46', '2025-05-15 14:38:46'),
(1846, 7, 10, 16, 0, 0, '2025-05-15 14:38:46', '2025-05-15 14:38:46'),
(1847, 7, 11, 16, 0, 0, '2025-05-15 14:38:46', '2025-05-15 14:38:46'),
(1848, 7, 12, 16, 0, 0, '2025-05-15 14:38:46', '2025-05-15 14:38:46'),
(1849, 7, 10, 17, 0, 0, '2025-05-15 14:38:46', '2025-05-15 14:38:46'),
(1850, 7, 11, 17, 0, 0, '2025-05-15 14:38:46', '2025-05-15 14:38:46'),
(1851, 7, 12, 17, 0, 0, '2025-05-15 14:38:46', '2025-05-15 14:38:46'),
(1852, 7, 10, 18, 0, 0, '2025-05-15 14:38:46', '2025-05-15 14:38:46'),
(1853, 7, 11, 18, 0, 0, '2025-05-15 14:38:46', '2025-05-15 14:38:46'),
(1854, 7, 12, 18, 0, 0, '2025-05-15 14:38:46', '2025-05-15 14:38:46'),
(1855, 7, 10, 19, 0, 0, '2025-05-15 14:38:46', '2025-05-15 14:38:46'),
(1856, 7, 11, 19, 0, 0, '2025-05-15 14:38:46', '2025-05-15 14:38:46'),
(1857, 7, 12, 19, 0, 0, '2025-05-15 14:38:46', '2025-05-15 14:38:46'),
(1858, 7, 10, 20, 0, 0, '2025-05-15 14:38:46', '2025-05-15 14:38:46'),
(1859, 7, 11, 20, 0, 0, '2025-05-15 14:38:46', '2025-05-15 14:38:46'),
(1860, 7, 12, 20, 0, 0, '2025-05-15 14:38:46', '2025-05-15 14:38:46'),
(1861, 8, 10, 1, 0, 0, '2025-05-15 14:38:46', '2025-05-15 14:38:46'),
(1862, 8, 11, 1, 0, 0, '2025-05-15 14:38:46', '2025-05-15 14:38:46'),
(1863, 8, 12, 1, 0, 0, '2025-05-15 14:38:46', '2025-05-15 14:38:46'),
(1864, 8, 10, 2, 0, 0, '2025-05-15 14:38:46', '2025-05-15 14:38:46'),
(1865, 8, 11, 2, 0, 0, '2025-05-15 14:38:46', '2025-05-15 14:38:46'),
(1866, 8, 12, 2, 0, 0, '2025-05-15 14:38:46', '2025-05-15 14:38:46'),
(1867, 8, 10, 3, 0, 0, '2025-05-15 14:38:46', '2025-05-15 14:38:46'),
(1868, 8, 11, 3, 0, 0, '2025-05-15 14:38:46', '2025-05-15 14:38:46'),
(1869, 8, 12, 3, 0, 0, '2025-05-15 14:38:46', '2025-05-15 14:38:46'),
(1870, 8, 10, 4, 0, 0, '2025-05-15 14:38:46', '2025-05-15 14:38:46'),
(1871, 8, 11, 4, 0, 0, '2025-05-15 14:38:46', '2025-05-15 14:38:46'),
(1872, 8, 12, 4, 0, 0, '2025-05-15 14:38:47', '2025-05-15 14:38:47'),
(1873, 8, 10, 5, 0, 0, '2025-05-15 14:38:47', '2025-05-15 14:38:47'),
(1874, 8, 11, 5, 0, 0, '2025-05-15 14:38:47', '2025-05-15 14:38:47'),
(1875, 8, 12, 5, 0, 0, '2025-05-15 14:38:47', '2025-05-15 14:38:47'),
(1876, 8, 10, 6, 0, 0, '2025-05-15 14:38:47', '2025-05-15 14:38:47'),
(1877, 8, 11, 6, 0, 0, '2025-05-15 14:38:47', '2025-05-15 14:38:47'),
(1878, 8, 12, 6, 0, 0, '2025-05-15 14:38:47', '2025-05-15 14:38:47'),
(1879, 8, 10, 7, 0, 0, '2025-05-15 14:38:47', '2025-05-15 14:38:47'),
(1880, 8, 11, 7, 0, 0, '2025-05-15 14:38:47', '2025-05-15 14:38:47'),
(1881, 8, 12, 7, 0, 0, '2025-05-15 14:38:47', '2025-05-15 14:38:47'),
(1882, 8, 10, 8, 0, 0, '2025-05-15 14:38:47', '2025-05-15 14:38:47'),
(1883, 8, 11, 8, 0, 0, '2025-05-15 14:38:47', '2025-05-15 14:38:47'),
(1884, 8, 12, 8, 0, 0, '2025-05-15 14:38:47', '2025-05-15 14:38:47'),
(1885, 8, 10, 9, 0, 0, '2025-05-15 14:38:47', '2025-05-15 14:38:47'),
(1886, 8, 11, 9, 0, 0, '2025-05-15 14:38:47', '2025-05-15 14:38:47'),
(1887, 8, 12, 9, 0, 0, '2025-05-15 14:38:47', '2025-05-15 14:38:47'),
(1888, 8, 10, 10, 0, 0, '2025-05-15 14:38:47', '2025-05-15 14:38:47'),
(1889, 8, 11, 10, 0, 0, '2025-05-15 14:38:47', '2025-05-15 14:38:47'),
(1890, 8, 12, 10, 0, 0, '2025-05-15 14:38:47', '2025-05-15 14:38:47'),
(1891, 8, 10, 11, 0, 0, '2025-05-15 14:38:47', '2025-05-15 14:38:47'),
(1892, 8, 11, 11, 0, 0, '2025-05-15 14:38:47', '2025-05-15 14:38:47'),
(1893, 8, 12, 11, 0, 0, '2025-05-15 14:38:47', '2025-05-15 14:38:47'),
(1894, 8, 10, 12, 0, 0, '2025-05-15 14:38:47', '2025-05-15 14:38:47'),
(1895, 8, 11, 12, 0, 0, '2025-05-15 14:38:47', '2025-05-15 14:38:47'),
(1896, 8, 12, 12, 0, 0, '2025-05-15 14:38:47', '2025-05-15 14:38:47'),
(1897, 8, 10, 13, 0, 0, '2025-05-15 14:38:47', '2025-05-15 14:38:47'),
(1898, 8, 11, 13, 0, 0, '2025-05-15 14:38:47', '2025-05-15 14:38:47'),
(1899, 8, 12, 13, 0, 0, '2025-05-15 14:38:47', '2025-05-15 14:38:47'),
(1900, 8, 10, 14, 0, 0, '2025-05-15 14:38:47', '2025-05-15 14:38:47'),
(1901, 8, 11, 14, 0, 0, '2025-05-15 14:38:47', '2025-05-15 14:38:47'),
(1902, 8, 12, 14, 0, 0, '2025-05-15 14:38:47', '2025-05-15 14:38:47'),
(1903, 8, 10, 15, 0, 0, '2025-05-15 14:38:47', '2025-05-15 14:38:47'),
(1904, 8, 11, 15, 0, 0, '2025-05-15 14:38:47', '2025-05-15 14:38:47'),
(1905, 8, 12, 15, 0, 0, '2025-05-15 14:38:47', '2025-05-15 14:38:47'),
(1906, 8, 10, 16, 0, 0, '2025-05-15 14:38:47', '2025-05-15 14:38:47'),
(1907, 8, 11, 16, 0, 0, '2025-05-15 14:38:47', '2025-05-15 14:38:47'),
(1908, 8, 12, 16, 0, 0, '2025-05-15 14:38:47', '2025-05-15 14:38:47'),
(1909, 8, 10, 17, 0, 0, '2025-05-15 14:38:47', '2025-05-15 14:38:47'),
(1910, 8, 11, 17, 0, 0, '2025-05-15 14:38:47', '2025-05-15 14:38:47'),
(1911, 8, 12, 17, 0, 0, '2025-05-15 14:38:47', '2025-05-15 14:38:47'),
(1912, 8, 10, 18, 0, 0, '2025-05-15 14:38:47', '2025-05-15 14:38:47'),
(1913, 8, 11, 18, 0, 0, '2025-05-15 14:38:47', '2025-05-15 14:38:47'),
(1914, 8, 12, 18, 0, 0, '2025-05-15 14:38:47', '2025-05-15 14:38:47'),
(1915, 8, 10, 19, 0, 0, '2025-05-15 14:38:47', '2025-05-15 14:38:47'),
(1916, 8, 11, 19, 0, 0, '2025-05-15 14:38:47', '2025-05-15 14:38:47'),
(1917, 8, 12, 19, 0, 0, '2025-05-15 14:38:47', '2025-05-15 14:38:47'),
(1918, 8, 10, 20, 0, 0, '2025-05-15 14:38:47', '2025-05-15 14:38:47'),
(1919, 8, 11, 20, 0, 0, '2025-05-15 14:38:47', '2025-05-15 14:38:47'),
(1920, 8, 12, 20, 0, 0, '2025-05-15 14:38:47', '2025-05-15 14:38:47');

-- --------------------------------------------------------

--
-- Table structure for table `teams`
--

CREATE TABLE `teams` (
  `id` tinyint(3) UNSIGNED NOT NULL,
  `number` tinyint(4) NOT NULL DEFAULT 0,
  `name` varchar(255) NOT NULL,
  `location` varchar(32) NOT NULL,
  `avatar` varchar(255) DEFAULT NULL,
  `created_at` timestamp NOT NULL DEFAULT current_timestamp(),
  `updated_at` timestamp NOT NULL DEFAULT current_timestamp() ON UPDATE current_timestamp()
) ENGINE=InnoDB DEFAULT CHARSET=utf8mb4 COLLATE=utf8mb4_general_ci;

--
-- Dumping data for table `teams`
--

INSERT INTO `teams` (`id`, `number`, `name`, `location`, `avatar`, `created_at`, `updated_at`) VALUES
(1, 1, 'Ericka Bermas', 'Bato, Cam. Sur', '01-ericka-bermas.jpg', '2024-05-13 13:40:28', '2025-05-15 16:58:48'),
(2, 2, 'Rica Stephanie Ubaldo', 'Cabusao, Cam. Sur', '02-rica-stephanie-ubaldo.jpg', '2024-05-13 13:40:50', '2025-05-15 16:59:33'),
(3, 3, 'Kazzandra A. Seton', 'Siruma, Cam. Sur', '03-kazzandra-seton.jpg', '2024-05-13 13:41:15', '2025-05-15 16:59:49'),
(4, 4, 'Sherrie Mae Rumaraog', 'Iriga City', '04-sherrie-mae-rumaraog.jpg', '2024-05-13 13:41:44', '2025-05-15 16:59:55'),
(5, 5, 'Trisha Fae M. Sarzoso', 'Buhi, Cam. Sur', '05-trisha-fae-sarzoso.jpg', '2024-05-13 13:42:17', '2025-05-15 16:59:59'),
(6, 6, 'Angelyn M. Matusino', 'Libon, Albay', '06-angelyn-matusino.jpg', '2024-05-13 13:42:43', '2025-05-15 17:00:02'),
(7, 7, 'Janna Eloisa G. Lanuzga', 'Nabua, Cam. Sur', '07-janna-eloisa-lanuzga.jpg', '2024-05-13 13:43:04', '2025-05-15 17:00:07'),
(8, 8, 'Mikyla Ashley Brutas', 'Ligao, Albay', '08-mikyla-ashley-brutas.jpg', '2024-05-13 13:43:20', '2025-05-15 17:00:10'),
(9, 9, 'Liza Mae O. General', 'Pili, Cam. Sur', '09-liza-mae-general.jpg', '2024-05-13 13:43:39', '2025-05-15 17:00:16'),
(10, 10, 'Ricamae Collao', 'Buhi, Cam. Sur', '10-ricamae-collao.jpg', '2024-05-13 13:43:56', '2025-05-15 17:01:17'),
(11, 11, 'Johannah Joy B. Abad', 'Bula, Cam. Sur', '11-johannah-joy-abad.jpg', '2024-05-13 13:44:39', '2025-05-15 17:00:23'),
(12, 12, 'Odessa A. Bordeos', 'Daraga, Albay', '12-odessa-bordeos.jpg', '2024-05-13 13:45:10', '2025-05-15 17:00:26'),
(13, 13, 'Merel A. Nicolas', 'Presentacion', '13-merel-nicolas.jpg', '2024-05-13 13:45:36', '2025-05-15 17:00:30'),
(14, 14, 'Vivi Diana B. Nonato', 'Buhi, Cam. Sur', '14-vivi-diana-nonato.jpg', '2024-05-13 13:46:08', '2025-05-15 17:00:33'),
(15, 15, 'Jamila Gonzales', 'Buhi, Cam. Sur', '15-jamila-gonzales.jpg', '2024-05-13 13:46:46', '2025-05-15 17:00:37'),
(16, 16, 'Divine Grace Samarita', 'Libmanan', '16-divine-grace-samarita.jpg', '2024-05-13 13:47:05', '2025-05-15 17:00:40'),
(17, 17, 'Rohanna Mae C. Munoz', 'Iriga City', '17-rohanna-mae-munoz.jpg', '2024-05-13 13:47:29', '2025-05-15 17:00:43'),
(18, 18, 'Mary Joy Chavez', 'Buhi, Cam. Sur', '18-mary-joy-chavez.jpg', '2024-05-13 13:47:49', '2025-05-15 17:00:45'),
(19, 19, 'Rica Jane L. Pealba', 'Sorsogon', '19-rica-jane-pealba.jpg', '2024-05-13 13:48:24', '2025-05-15 17:00:50'),
(20, 20, 'Abegail D. Figueras', 'Libon, Albay', '20-abegail-figueras.jpg', '2024-05-13 13:48:48', '2025-05-15 17:00:53');

-- --------------------------------------------------------

--
-- Table structure for table `technicals`
--

CREATE TABLE `technicals` (
  `id` tinyint(3) UNSIGNED NOT NULL,
  `number` tinyint(3) UNSIGNED NOT NULL,
  `name` varchar(255) NOT NULL,
  `avatar` varchar(255) DEFAULT NULL,
  `username` varchar(255) NOT NULL,
  `password` varchar(255) NOT NULL,
  `active_portion` varchar(255) DEFAULT NULL,
  `called_at` timestamp NULL DEFAULT NULL,
  `pinged_at` timestamp NULL DEFAULT NULL,
  `created_at` timestamp NOT NULL DEFAULT current_timestamp(),
  `updated_at` timestamp NOT NULL DEFAULT current_timestamp() ON UPDATE current_timestamp()
) ENGINE=InnoDB DEFAULT CHARSET=utf8mb4 COLLATE=utf8mb4_general_ci;

--
-- Dumping data for table `technicals`
--

INSERT INTO `technicals` (`id`, `number`, `name`, `avatar`, `username`, `password`, `active_portion`, `called_at`, `pinged_at`, `created_at`, `updated_at`) VALUES
(1, 1, 'Technical 01', 'no-avatar.jpg', 'technical01', 'technical01', NULL, NULL, NULL, '2023-02-19 08:58:58', '2023-04-06 14:00:12');

-- --------------------------------------------------------

--
-- Table structure for table `technical_event`
--

CREATE TABLE `technical_event` (
  `id` tinyint(3) UNSIGNED NOT NULL,
  `technical_id` tinyint(3) UNSIGNED NOT NULL,
  `event_id` smallint(5) UNSIGNED NOT NULL,
  `active_team_id` tinyint(3) UNSIGNED NOT NULL,
  `has_active_team` tinyint(1) NOT NULL DEFAULT 0,
  `created_at` timestamp NOT NULL DEFAULT current_timestamp(),
  `updated_at` timestamp NOT NULL DEFAULT current_timestamp() ON UPDATE current_timestamp()
) ENGINE=InnoDB DEFAULT CHARSET=utf8mb4 COLLATE=utf8mb4_general_ci;

-- --------------------------------------------------------

--
-- Table structure for table `titles`
--

CREATE TABLE `titles` (
  `id` smallint(5) UNSIGNED NOT NULL,
  `event_id` smallint(5) UNSIGNED NOT NULL,
  `rank` tinyint(3) UNSIGNED NOT NULL DEFAULT 1,
  `title` varchar(255) NOT NULL,
  `created_at` timestamp NOT NULL DEFAULT current_timestamp(),
  `updated_at` timestamp NOT NULL DEFAULT current_timestamp() ON UPDATE current_timestamp()
) ENGINE=InnoDB DEFAULT CHARSET=utf8mb4 COLLATE=utf8mb4_general_ci;

--
-- Dumping data for table `titles`
--

INSERT INTO `titles` (`id`, `event_id`, `rank`, `title`, `created_at`, `updated_at`) VALUES
(1, 2, 1, 'Best in Production Number', '2024-05-12 15:44:51', '2024-05-13 15:44:11'),
(2, 3, 1, 'Best in Swimsuit', '2024-05-12 15:44:51', '2024-05-13 15:44:13'),
(3, 5, 1, '1', '2024-05-12 15:44:51', '2024-05-13 15:44:14'),
(4, 5, 2, '2', '2024-05-12 15:44:51', '2024-05-13 15:44:16'),
(5, 5, 3, '3', '2024-05-12 15:44:51', '2024-05-13 15:44:18'),
(6, 5, 4, '4', '2024-05-12 15:44:51', '2024-05-13 15:44:20'),
(7, 5, 5, '5', '2024-05-12 15:44:51', '2024-05-13 15:44:22'),
(8, 4, 1, 'Best in Evening Gown', '2024-05-12 15:44:51', '2024-05-13 15:44:25'),
(9, 6, 1, 'Miss Buhi 2025', '2024-05-12 15:44:51', '2025-05-15 17:02:26'),
(10, 6, 2, 'Miss Buhi-Bicol Tourism 2025', '2024-05-12 15:44:51', '2025-05-15 17:02:33'),
(11, 6, 3, 'Miss Buhi-Bicolandia 2025', '2024-05-12 15:44:51', '2025-05-15 17:02:43'),
(12, 6, 4, '1st Runner-Up', '2024-05-12 15:44:51', '2024-05-13 15:44:33'),
(13, 6, 5, '2nd Runner-Up', '2024-05-12 15:44:51', '2024-05-13 15:44:36'),
(14, 1, 1, '', '2025-05-15 14:37:39', '2025-05-15 14:37:39'),
(15, 1, 2, '', '2025-05-15 14:37:39', '2025-05-15 14:37:39'),
(16, 1, 3, '', '2025-05-15 14:37:39', '2025-05-15 14:37:39'),
(17, 1, 4, '', '2025-05-15 14:37:39', '2025-05-15 14:37:39'),
(18, 1, 5, '', '2025-05-15 14:37:39', '2025-05-15 14:37:39'),
(19, 1, 6, '', '2025-05-15 14:37:39', '2025-05-15 14:37:39'),
(20, 1, 7, '', '2025-05-15 14:37:39', '2025-05-15 14:37:39'),
(21, 1, 8, '', '2025-05-15 14:37:39', '2025-05-15 14:37:39'),
(22, 1, 9, '', '2025-05-15 14:37:39', '2025-05-15 14:37:39'),
(23, 1, 10, '', '2025-05-15 14:37:39', '2025-05-15 14:37:39'),
(24, 1, 11, '', '2025-05-15 14:37:39', '2025-05-15 14:37:39'),
(25, 1, 12, '', '2025-05-15 14:37:39', '2025-05-15 14:37:39'),
(26, 1, 13, '', '2025-05-15 14:37:39', '2025-05-15 14:37:39'),
(27, 1, 14, '', '2025-05-15 14:37:39', '2025-05-15 14:37:39'),
(28, 1, 15, '', '2025-05-15 14:37:39', '2025-05-15 14:37:39'),
(29, 1, 16, '', '2025-05-15 14:37:39', '2025-05-15 14:37:39'),
(30, 1, 17, '', '2025-05-15 14:37:39', '2025-05-15 14:37:39'),
(31, 1, 18, '', '2025-05-15 14:37:39', '2025-05-15 14:37:39'),
(32, 1, 19, '', '2025-05-15 14:37:39', '2025-05-15 14:37:39'),
(33, 1, 20, '', '2025-05-15 14:37:39', '2025-05-15 14:37:39'),
(34, 2, 2, '', '2025-05-15 14:38:34', '2025-05-15 14:38:34'),
(35, 2, 3, '', '2025-05-15 14:38:34', '2025-05-15 14:38:34'),
(36, 2, 4, '', '2025-05-15 14:38:34', '2025-05-15 14:38:34'),
(37, 2, 5, '', '2025-05-15 14:38:34', '2025-05-15 14:38:34'),
(38, 2, 6, '', '2025-05-15 14:38:34', '2025-05-15 14:38:34'),
(39, 2, 7, '', '2025-05-15 14:38:34', '2025-05-15 14:38:34'),
(40, 2, 8, '', '2025-05-15 14:38:34', '2025-05-15 14:38:34'),
(41, 2, 9, '', '2025-05-15 14:38:34', '2025-05-15 14:38:34'),
(42, 2, 10, '', '2025-05-15 14:38:34', '2025-05-15 14:38:34'),
(43, 2, 11, '', '2025-05-15 14:38:34', '2025-05-15 14:38:34'),
(44, 2, 12, '', '2025-05-15 14:38:34', '2025-05-15 14:38:34'),
(45, 2, 13, '', '2025-05-15 14:38:34', '2025-05-15 14:38:34'),
(46, 2, 14, '', '2025-05-15 14:38:34', '2025-05-15 14:38:34'),
(47, 2, 15, '', '2025-05-15 14:38:34', '2025-05-15 14:38:34'),
(48, 2, 16, '', '2025-05-15 14:38:34', '2025-05-15 14:38:34'),
(49, 2, 17, '', '2025-05-15 14:38:34', '2025-05-15 14:38:34'),
(50, 2, 18, '', '2025-05-15 14:38:34', '2025-05-15 14:38:34'),
(51, 2, 19, '', '2025-05-15 14:38:34', '2025-05-15 14:38:34'),
(52, 2, 20, '', '2025-05-15 14:38:34', '2025-05-15 14:38:34'),
(53, 3, 2, '', '2025-05-15 14:38:40', '2025-05-15 14:38:40'),
(54, 3, 3, '', '2025-05-15 14:38:40', '2025-05-15 14:38:40'),
(55, 3, 4, '', '2025-05-15 14:38:40', '2025-05-15 14:38:40'),
(56, 3, 5, '', '2025-05-15 14:38:40', '2025-05-15 14:38:40'),
(57, 3, 6, '', '2025-05-15 14:38:40', '2025-05-15 14:38:40'),
(58, 3, 7, '', '2025-05-15 14:38:40', '2025-05-15 14:38:40'),
(59, 3, 8, '', '2025-05-15 14:38:40', '2025-05-15 14:38:40'),
(60, 3, 9, '', '2025-05-15 14:38:40', '2025-05-15 14:38:40'),
(61, 3, 10, '', '2025-05-15 14:38:40', '2025-05-15 14:38:40'),
(62, 3, 11, '', '2025-05-15 14:38:40', '2025-05-15 14:38:40'),
(63, 3, 12, '', '2025-05-15 14:38:40', '2025-05-15 14:38:40'),
(64, 3, 13, '', '2025-05-15 14:38:40', '2025-05-15 14:38:40'),
(65, 3, 14, '', '2025-05-15 14:38:40', '2025-05-15 14:38:40'),
(66, 3, 15, '', '2025-05-15 14:38:40', '2025-05-15 14:38:40'),
(67, 3, 16, '', '2025-05-15 14:38:40', '2025-05-15 14:38:40'),
(68, 3, 17, '', '2025-05-15 14:38:40', '2025-05-15 14:38:40'),
(69, 3, 18, '', '2025-05-15 14:38:40', '2025-05-15 14:38:40'),
(70, 3, 19, '', '2025-05-15 14:38:40', '2025-05-15 14:38:40'),
(71, 3, 20, '', '2025-05-15 14:38:40', '2025-05-15 14:38:40'),
(72, 4, 2, '', '2025-05-15 14:38:47', '2025-05-15 14:38:47'),
(73, 4, 3, '', '2025-05-15 14:38:47', '2025-05-15 14:38:47'),
(74, 4, 4, '', '2025-05-15 14:38:47', '2025-05-15 14:38:47'),
(75, 4, 5, '', '2025-05-15 14:38:47', '2025-05-15 14:38:47'),
(76, 4, 6, '', '2025-05-15 14:38:47', '2025-05-15 14:38:47'),
(77, 4, 7, '', '2025-05-15 14:38:47', '2025-05-15 14:38:47'),
(78, 4, 8, '', '2025-05-15 14:38:47', '2025-05-15 14:38:47'),
(79, 4, 9, '', '2025-05-15 14:38:47', '2025-05-15 14:38:47'),
(80, 4, 10, '', '2025-05-15 14:38:47', '2025-05-15 14:38:47'),
(81, 4, 11, '', '2025-05-15 14:38:47', '2025-05-15 14:38:47'),
(82, 4, 12, '', '2025-05-15 14:38:47', '2025-05-15 14:38:47'),
(83, 4, 13, '', '2025-05-15 14:38:47', '2025-05-15 14:38:47'),
(84, 4, 14, '', '2025-05-15 14:38:47', '2025-05-15 14:38:47'),
(85, 4, 15, '', '2025-05-15 14:38:47', '2025-05-15 14:38:47'),
(86, 4, 16, '', '2025-05-15 14:38:47', '2025-05-15 14:38:47'),
(87, 4, 17, '', '2025-05-15 14:38:47', '2025-05-15 14:38:47'),
(88, 4, 18, '', '2025-05-15 14:38:47', '2025-05-15 14:38:47'),
(89, 4, 19, '', '2025-05-15 14:38:47', '2025-05-15 14:38:47'),
(90, 4, 20, '', '2025-05-15 14:38:47', '2025-05-15 14:38:47'),
(91, 5, 6, '', '2025-05-15 14:38:47', '2025-05-15 14:38:47'),
(92, 5, 7, '', '2025-05-15 14:38:47', '2025-05-15 14:38:47'),
(93, 5, 8, '', '2025-05-15 14:38:47', '2025-05-15 14:38:47'),
(94, 5, 9, '', '2025-05-15 14:38:47', '2025-05-15 14:38:47'),
(95, 5, 10, '', '2025-05-15 14:38:47', '2025-05-15 14:38:47'),
(96, 5, 11, '', '2025-05-15 14:38:47', '2025-05-15 14:38:47'),
(97, 5, 12, '', '2025-05-15 14:38:47', '2025-05-15 14:38:47'),
(98, 5, 13, '', '2025-05-15 14:38:47', '2025-05-15 14:38:47'),
(99, 5, 14, '', '2025-05-15 14:38:47', '2025-05-15 14:38:47'),
(100, 5, 15, '', '2025-05-15 14:38:47', '2025-05-15 14:38:47'),
(101, 5, 16, '', '2025-05-15 14:38:47', '2025-05-15 14:38:47'),
(102, 5, 17, '', '2025-05-15 14:38:47', '2025-05-15 14:38:47'),
(103, 5, 18, '', '2025-05-15 14:38:47', '2025-05-15 14:38:47'),
(104, 5, 19, '', '2025-05-15 14:38:47', '2025-05-15 14:38:47'),
(105, 5, 20, '', '2025-05-15 14:38:47', '2025-05-15 14:38:47'),
(106, 6, 6, '', '2025-05-15 14:38:47', '2025-05-15 14:38:47'),
(107, 6, 7, '', '2025-05-15 14:38:47', '2025-05-15 14:38:47'),
(108, 6, 8, '', '2025-05-15 14:38:47', '2025-05-15 14:38:47'),
(109, 6, 9, '', '2025-05-15 14:38:47', '2025-05-15 14:38:47'),
(110, 6, 10, '', '2025-05-15 14:38:47', '2025-05-15 14:38:47'),
(111, 6, 11, '', '2025-05-15 14:38:47', '2025-05-15 14:38:47'),
(112, 6, 12, '', '2025-05-15 14:38:47', '2025-05-15 14:38:47'),
(113, 6, 13, '', '2025-05-15 14:38:47', '2025-05-15 14:38:47'),
(114, 6, 14, '', '2025-05-15 14:38:47', '2025-05-15 14:38:47'),
(115, 6, 15, '', '2025-05-15 14:38:47', '2025-05-15 14:38:47'),
(116, 6, 16, '', '2025-05-15 14:38:47', '2025-05-15 14:38:47'),
(117, 6, 17, '', '2025-05-15 14:38:47', '2025-05-15 14:38:47'),
(118, 6, 18, '', '2025-05-15 14:38:47', '2025-05-15 14:38:47'),
(119, 6, 19, '', '2025-05-15 14:38:47', '2025-05-15 14:38:47'),
(120, 6, 20, '', '2025-05-15 14:38:47', '2025-05-15 14:38:47');

--
-- Indexes for dumped tables
--

--
-- Indexes for table `admins`
--
ALTER TABLE `admins`
  ADD PRIMARY KEY (`id`);

--
-- Indexes for table `arrangements`
--
ALTER TABLE `arrangements`
  ADD PRIMARY KEY (`id`),
  ADD KEY `event_id` (`event_id`),
  ADD KEY `team_id` (`team_id`);

--
-- Indexes for table `categories`
--
ALTER TABLE `categories`
  ADD PRIMARY KEY (`id`),
  ADD KEY `competition_id` (`competition_id`);

--
-- Indexes for table `competitions`
--
ALTER TABLE `competitions`
  ADD PRIMARY KEY (`id`);

--
-- Indexes for table `criteria`
--
ALTER TABLE `criteria`
  ADD PRIMARY KEY (`id`),
  ADD KEY `event_id` (`event_id`);

--
-- Indexes for table `deductions`
--
ALTER TABLE `deductions`
  ADD PRIMARY KEY (`id`),
  ADD KEY `judge_id` (`technical_id`),
  ADD KEY `team_id` (`team_id`),
  ADD KEY `event_id` (`event_id`);

--
-- Indexes for table `eliminations`
--
ALTER TABLE `eliminations`
  ADD PRIMARY KEY (`id`),
  ADD KEY `event_id` (`event_id`),
  ADD KEY `team_id` (`team_id`);

--
-- Indexes for table `events`
--
ALTER TABLE `events`
  ADD PRIMARY KEY (`id`),
  ADD KEY `area_id` (`category_id`);

--
-- Indexes for table `judges`
--
ALTER TABLE `judges`
  ADD PRIMARY KEY (`id`);

--
-- Indexes for table `judge_event`
--
ALTER TABLE `judge_event`
  ADD PRIMARY KEY (`id`),
  ADD KEY `judge_id` (`judge_id`),
  ADD KEY `event_id` (`event_id`),
  ADD KEY `active_team_id` (`active_team_id`);

--
-- Indexes for table `noshows`
--
ALTER TABLE `noshows`
  ADD PRIMARY KEY (`id`),
  ADD KEY `event_id` (`event_id`),
  ADD KEY `team_id` (`team_id`);

--
-- Indexes for table `participants`
--
ALTER TABLE `participants`
  ADD PRIMARY KEY (`id`),
  ADD KEY `team_id` (`team_id`),
  ADD KEY `event_id` (`event_id`);

--
-- Indexes for table `points`
--
ALTER TABLE `points`
  ADD PRIMARY KEY (`id`),
  ADD KEY `event_id` (`event_id`);

--
-- Indexes for table `ratings`
--
ALTER TABLE `ratings`
  ADD PRIMARY KEY (`id`),
  ADD KEY `judge_id` (`judge_id`),
  ADD KEY `team_id` (`team_id`),
  ADD KEY `criteria_id` (`criteria_id`);

--
-- Indexes for table `teams`
--
ALTER TABLE `teams`
  ADD PRIMARY KEY (`id`);

--
-- Indexes for table `technicals`
--
ALTER TABLE `technicals`
  ADD PRIMARY KEY (`id`);

--
-- Indexes for table `technical_event`
--
ALTER TABLE `technical_event`
  ADD PRIMARY KEY (`id`),
  ADD KEY `judge_id` (`technical_id`),
  ADD KEY `event_id` (`event_id`),
  ADD KEY `active_team_id` (`active_team_id`);

--
-- Indexes for table `titles`
--
ALTER TABLE `titles`
  ADD PRIMARY KEY (`id`),
  ADD KEY `event_id` (`event_id`);

--
-- AUTO_INCREMENT for dumped tables
--

--
-- AUTO_INCREMENT for table `admins`
--
ALTER TABLE `admins`
  MODIFY `id` tinyint(3) UNSIGNED NOT NULL AUTO_INCREMENT, AUTO_INCREMENT=2;

--
-- AUTO_INCREMENT for table `arrangements`
--
ALTER TABLE `arrangements`
  MODIFY `id` smallint(5) UNSIGNED NOT NULL AUTO_INCREMENT;

--
-- AUTO_INCREMENT for table `categories`
--
ALTER TABLE `categories`
  MODIFY `id` tinyint(3) UNSIGNED NOT NULL AUTO_INCREMENT, AUTO_INCREMENT=3;

--
-- AUTO_INCREMENT for table `competitions`
--
ALTER TABLE `competitions`
  MODIFY `id` tinyint(3) UNSIGNED NOT NULL AUTO_INCREMENT, AUTO_INCREMENT=2;

--
-- AUTO_INCREMENT for table `criteria`
--
ALTER TABLE `criteria`
  MODIFY `id` smallint(5) UNSIGNED NOT NULL AUTO_INCREMENT, AUTO_INCREMENT=18;

--
-- AUTO_INCREMENT for table `deductions`
--
ALTER TABLE `deductions`
  MODIFY `id` mediumint(8) UNSIGNED NOT NULL AUTO_INCREMENT;

--
-- AUTO_INCREMENT for table `eliminations`
--
ALTER TABLE `eliminations`
  MODIFY `id` mediumint(9) NOT NULL AUTO_INCREMENT, AUTO_INCREMENT=41;

--
-- AUTO_INCREMENT for table `events`
--
ALTER TABLE `events`
  MODIFY `id` smallint(5) UNSIGNED NOT NULL AUTO_INCREMENT, AUTO_INCREMENT=7;

--
-- AUTO_INCREMENT for table `judges`
--
ALTER TABLE `judges`
  MODIFY `id` tinyint(3) UNSIGNED NOT NULL AUTO_INCREMENT, AUTO_INCREMENT=9;

--
-- AUTO_INCREMENT for table `judge_event`
--
ALTER TABLE `judge_event`
  MODIFY `id` tinyint(3) UNSIGNED NOT NULL AUTO_INCREMENT, AUTO_INCREMENT=49;

--
-- AUTO_INCREMENT for table `noshows`
--
ALTER TABLE `noshows`
  MODIFY `id` smallint(5) UNSIGNED NOT NULL AUTO_INCREMENT;

--
-- AUTO_INCREMENT for table `participants`
--
ALTER TABLE `participants`
  MODIFY `id` smallint(5) UNSIGNED NOT NULL AUTO_INCREMENT;

--
-- AUTO_INCREMENT for table `points`
--
ALTER TABLE `points`
  MODIFY `id` smallint(5) UNSIGNED NOT NULL AUTO_INCREMENT;

--
-- AUTO_INCREMENT for table `ratings`
--
ALTER TABLE `ratings`
  MODIFY `id` mediumint(8) UNSIGNED NOT NULL AUTO_INCREMENT, AUTO_INCREMENT=1921;

--
-- AUTO_INCREMENT for table `teams`
--
ALTER TABLE `teams`
  MODIFY `id` tinyint(3) UNSIGNED NOT NULL AUTO_INCREMENT, AUTO_INCREMENT=21;

--
-- AUTO_INCREMENT for table `technicals`
--
ALTER TABLE `technicals`
  MODIFY `id` tinyint(3) UNSIGNED NOT NULL AUTO_INCREMENT, AUTO_INCREMENT=2;

--
-- AUTO_INCREMENT for table `technical_event`
--
ALTER TABLE `technical_event`
  MODIFY `id` tinyint(3) UNSIGNED NOT NULL AUTO_INCREMENT;

--
-- AUTO_INCREMENT for table `titles`
--
ALTER TABLE `titles`
  MODIFY `id` smallint(5) UNSIGNED NOT NULL AUTO_INCREMENT, AUTO_INCREMENT=121;

--
-- Constraints for dumped tables
--

--
-- Constraints for table `arrangements`
--
ALTER TABLE `arrangements`
  ADD CONSTRAINT `arrangements_ibfk_1` FOREIGN KEY (`team_id`) REFERENCES `teams` (`id`) ON DELETE CASCADE ON UPDATE CASCADE,
  ADD CONSTRAINT `arrangements_ibfk_2` FOREIGN KEY (`event_id`) REFERENCES `events` (`id`) ON DELETE CASCADE ON UPDATE CASCADE;

--
-- Constraints for table `categories`
--
ALTER TABLE `categories`
  ADD CONSTRAINT `categories_ibfk_1` FOREIGN KEY (`competition_id`) REFERENCES `competitions` (`id`) ON UPDATE CASCADE;

--
-- Constraints for table `criteria`
--
ALTER TABLE `criteria`
  ADD CONSTRAINT `criteria_ibfk_1` FOREIGN KEY (`event_id`) REFERENCES `events` (`id`) ON UPDATE CASCADE;

--
-- Constraints for table `deductions`
--
ALTER TABLE `deductions`
  ADD CONSTRAINT `deductions_ibfk_1` FOREIGN KEY (`event_id`) REFERENCES `events` (`id`) ON DELETE CASCADE ON UPDATE CASCADE,
  ADD CONSTRAINT `deductions_ibfk_2` FOREIGN KEY (`team_id`) REFERENCES `teams` (`id`) ON DELETE CASCADE ON UPDATE CASCADE,
  ADD CONSTRAINT `deductions_ibfk_3` FOREIGN KEY (`technical_id`) REFERENCES `technicals` (`id`) ON DELETE CASCADE ON UPDATE CASCADE;

--
-- Constraints for table `eliminations`
--
ALTER TABLE `eliminations`
  ADD CONSTRAINT `eliminations_ibfk_1` FOREIGN KEY (`event_id`) REFERENCES `events` (`id`) ON DELETE CASCADE ON UPDATE CASCADE,
  ADD CONSTRAINT `eliminations_ibfk_2` FOREIGN KEY (`team_id`) REFERENCES `teams` (`id`) ON DELETE CASCADE ON UPDATE CASCADE;

--
-- Constraints for table `events`
--
ALTER TABLE `events`
  ADD CONSTRAINT `events_ibfk_1` FOREIGN KEY (`category_id`) REFERENCES `categories` (`id`) ON UPDATE CASCADE;

--
-- Constraints for table `judge_event`
--
ALTER TABLE `judge_event`
  ADD CONSTRAINT `judge_event_ibfk_1` FOREIGN KEY (`judge_id`) REFERENCES `judges` (`id`) ON DELETE CASCADE ON UPDATE CASCADE,
  ADD CONSTRAINT `judge_event_ibfk_2` FOREIGN KEY (`event_id`) REFERENCES `events` (`id`) ON DELETE CASCADE ON UPDATE CASCADE,
  ADD CONSTRAINT `judge_event_ibfk_3` FOREIGN KEY (`active_team_id`) REFERENCES `teams` (`id`) ON DELETE NO ACTION ON UPDATE CASCADE;

--
-- Constraints for table `noshows`
--
ALTER TABLE `noshows`
  ADD CONSTRAINT `noshows_ibfk_1` FOREIGN KEY (`event_id`) REFERENCES `events` (`id`) ON DELETE CASCADE ON UPDATE CASCADE,
  ADD CONSTRAINT `noshows_ibfk_2` FOREIGN KEY (`team_id`) REFERENCES `teams` (`id`) ON DELETE CASCADE ON UPDATE CASCADE;

--
-- Constraints for table `participants`
--
ALTER TABLE `participants`
  ADD CONSTRAINT `participants_ibfk_1` FOREIGN KEY (`team_id`) REFERENCES `teams` (`id`) ON DELETE CASCADE ON UPDATE CASCADE,
  ADD CONSTRAINT `participants_ibfk_2` FOREIGN KEY (`event_id`) REFERENCES `events` (`id`) ON DELETE CASCADE ON UPDATE CASCADE;

--
-- Constraints for table `points`
--
ALTER TABLE `points`
  ADD CONSTRAINT `points_ibfk_1` FOREIGN KEY (`event_id`) REFERENCES `events` (`id`) ON DELETE CASCADE ON UPDATE CASCADE;

--
-- Constraints for table `ratings`
--
ALTER TABLE `ratings`
  ADD CONSTRAINT `ratings_ibfk_1` FOREIGN KEY (`criteria_id`) REFERENCES `criteria` (`id`) ON DELETE CASCADE ON UPDATE CASCADE,
  ADD CONSTRAINT `ratings_ibfk_2` FOREIGN KEY (`team_id`) REFERENCES `teams` (`id`) ON DELETE CASCADE ON UPDATE CASCADE,
  ADD CONSTRAINT `ratings_ibfk_3` FOREIGN KEY (`judge_id`) REFERENCES `judges` (`id`) ON DELETE CASCADE ON UPDATE CASCADE;

--
-- Constraints for table `technical_event`
--
ALTER TABLE `technical_event`
  ADD CONSTRAINT `technical_event_ibfk_2` FOREIGN KEY (`technical_id`) REFERENCES `technicals` (`id`) ON DELETE CASCADE ON UPDATE CASCADE,
  ADD CONSTRAINT `technical_event_ibfk_3` FOREIGN KEY (`event_id`) REFERENCES `events` (`id`) ON DELETE CASCADE ON UPDATE CASCADE,
  ADD CONSTRAINT `technical_event_ibfk_4` FOREIGN KEY (`active_team_id`) REFERENCES `teams` (`id`) ON DELETE NO ACTION ON UPDATE CASCADE;

--
-- Constraints for table `titles`
--
ALTER TABLE `titles`
  ADD CONSTRAINT `titles_ibfk_1` FOREIGN KEY (`event_id`) REFERENCES `events` (`id`) ON DELETE CASCADE ON UPDATE CASCADE;
COMMIT;

/*!40101 SET CHARACTER_SET_CLIENT=@OLD_CHARACTER_SET_CLIENT */;
/*!40101 SET CHARACTER_SET_RESULTS=@OLD_CHARACTER_SET_RESULTS */;
/*!40101 SET COLLATION_CONNECTION=@OLD_COLLATION_CONNECTION */;
