-- phpMyAdmin SQL Dump
-- version 5.2.1
-- https://www.phpmyadmin.net/
--
-- Host: 127.0.0.1
-- Generation Time: Feb 06, 2026 at 12:55 PM
-- Server version: 10.4.32-MariaDB
-- PHP Version: 8.2.12

SET SQL_MODE = "NO_AUTO_VALUE_ON_ZERO";
START TRANSACTION;
SET time_zone = "+00:00";


/*!40101 SET @OLD_CHARACTER_SET_CLIENT=@@CHARACTER_SET_CLIENT */;
/*!40101 SET @OLD_CHARACTER_SET_RESULTS=@@CHARACTER_SET_RESULTS */;
/*!40101 SET @OLD_COLLATION_CONNECTION=@@COLLATION_CONNECTION */;
/*!40101 SET NAMES utf8mb4 */;

--
-- Database: `mrms-balatan`
--

-- --------------------------------------------------------

--
-- Table structure for table `admins`
--

CREATE TABLE `admins` (
  `id` tinyint(3) UNSIGNED NOT NULL,
  `number` tinyint(3) UNSIGNED NOT NULL,
  `name` varchar(255) NOT NULL,
  `avatar` varchar(255) NOT NULL,
  `username` varchar(255) NOT NULL,
  `password` varchar(255) NOT NULL,
  `active_portion` varchar(255) DEFAULT NULL,
  `called_at` timestamp NULL DEFAULT NULL,
  `pinged_at` timestamp NULL DEFAULT NULL,
  `created_at` timestamp NOT NULL DEFAULT current_timestamp(),
  `updated_at` timestamp NOT NULL DEFAULT current_timestamp() ON UPDATE current_timestamp()
) ENGINE=InnoDB DEFAULT CHARSET=utf8mb4 COLLATE=utf8mb4_general_ci;

--
-- Dumping data for table `admins`
--

INSERT INTO `admins` (`id`, `number`, `name`, `avatar`, `username`, `password`, `active_portion`, `called_at`, `pinged_at`, `created_at`, `updated_at`) VALUES
(1, 1, 'DEVELOPMENT', 'no-avatar.jpg', 'admin', 'admin', NULL, NULL, NULL, '2023-02-19 07:36:32', '2023-05-28 03:58:25');

-- --------------------------------------------------------

--
-- Table structure for table `arrangements`
--

CREATE TABLE `arrangements` (
  `id` smallint(5) UNSIGNED NOT NULL,
  `event_id` smallint(5) UNSIGNED NOT NULL,
  `team_id` tinyint(3) UNSIGNED NOT NULL,
  `order` tinyint(3) UNSIGNED NOT NULL,
  `created_at` timestamp NOT NULL DEFAULT current_timestamp(),
  `updated_at` timestamp NOT NULL DEFAULT current_timestamp() ON UPDATE current_timestamp()
) ENGINE=InnoDB DEFAULT CHARSET=utf8mb4 COLLATE=utf8mb4_general_ci;

-- --------------------------------------------------------

--
-- Table structure for table `categories`
--

CREATE TABLE `categories` (
  `id` tinyint(3) UNSIGNED NOT NULL,
  `competition_id` tinyint(3) UNSIGNED NOT NULL,
  `slug` varchar(32) NOT NULL,
  `title` varchar(255) NOT NULL,
  `created_at` timestamp NOT NULL DEFAULT current_timestamp(),
  `updated_at` timestamp NOT NULL DEFAULT current_timestamp() ON UPDATE current_timestamp()
) ENGINE=InnoDB DEFAULT CHARSET=utf8mb4 COLLATE=utf8mb4_general_ci;

--
-- Dumping data for table `categories`
--

INSERT INTO `categories` (`id`, `competition_id`, `slug`, `title`, `created_at`, `updated_at`) VALUES
(1, 1, 'miss-balatan', 'Miss Balatan', '2024-05-12 14:04:45', '2026-02-04 14:10:49'),
(2, 1, 'mister-balatan', 'Mister Balatan', '2023-04-06 13:25:10', '2026-02-04 14:10:39');

-- --------------------------------------------------------

--
-- Table structure for table `competitions`
--

CREATE TABLE `competitions` (
  `id` tinyint(3) UNSIGNED NOT NULL,
  `slug` varchar(32) NOT NULL,
  `title` varchar(255) NOT NULL,
  `created_at` timestamp NOT NULL DEFAULT current_timestamp(),
  `updated_at` timestamp NOT NULL DEFAULT current_timestamp() ON UPDATE current_timestamp()
) ENGINE=InnoDB DEFAULT CHARSET=utf8mb4 COLLATE=utf8mb4_general_ci;

--
-- Dumping data for table `competitions`
--

INSERT INTO `competitions` (`id`, `slug`, `title`, `created_at`, `updated_at`) VALUES
(1, 'mister-and-miss-balatan', 'Mister and Miss Balatan 2026', '2024-04-06 13:24:04', '2026-02-04 13:21:23');

-- --------------------------------------------------------

--
-- Table structure for table `criteria`
--

CREATE TABLE `criteria` (
  `id` smallint(5) UNSIGNED NOT NULL,
  `event_id` smallint(5) UNSIGNED NOT NULL,
  `title` varchar(255) NOT NULL,
  `percentage` float UNSIGNED NOT NULL,
  `created_at` timestamp NOT NULL DEFAULT current_timestamp(),
  `updated_at` timestamp NOT NULL DEFAULT current_timestamp() ON UPDATE current_timestamp()
) ENGINE=InnoDB DEFAULT CHARSET=utf8mb4 COLLATE=utf8mb4_general_ci;

--
-- Dumping data for table `criteria`
--

INSERT INTO `criteria` (`id`, `event_id`, `title`, `percentage`, `created_at`, `updated_at`) VALUES
(42, 13, 'Appropriateness of Attire, Sense of Style, Suitability, Wearability', 40, '2026-02-05 11:07:26', '2026-02-05 11:07:26'),
(43, 13, 'Concept, Originality of Design, Creativity, Cultural Significance, Theme Interpretation & Craftsmanship', 30, '2026-02-05 11:07:36', '2026-02-05 11:07:36'),
(44, 13, 'Poise, Bearing, Projection & Quality of Execution ', 20, '2026-02-05 11:07:49', '2026-02-05 11:07:49'),
(45, 13, 'Elegance , Stage Presence Overall Impact', 10, '2026-02-05 11:08:01', '2026-02-05 11:08:01'),
(46, 14, 'Appropriateness of Attire, Sense of Style, Suitability, Wearability,', 40, '2026-02-05 11:08:39', '2026-02-05 11:08:39'),
(47, 14, 'Concept, Originality of Design, Creativity, Cultural Significance, Theme Interpretation & Craftsmanship', 30, '2026-02-05 11:08:52', '2026-02-05 11:08:52'),
(48, 14, 'Poise, Bearing, Projection & Quality of Execution', 20, '2026-02-05 11:09:08', '2026-02-05 11:09:08'),
(49, 14, 'Elegance , Stage Presence Overall Impact', 10, '2026-02-05 11:09:19', '2026-02-05 11:09:19'),
(50, 15, 'Mastery, Energy, Poise & Personality', 40, '2026-02-05 12:35:41', '2026-02-05 12:35:41'),
(51, 15, 'Beauty of Face, Appeal & Charm, Sense of Style', 30, '2026-02-05 12:35:51', '2026-02-05 12:35:51'),
(52, 15, 'Self-Introduction, Wit & Self Expression', 20, '2026-02-05 12:36:02', '2026-02-05 12:36:02'),
(53, 15, 'Over- all Audience Impact', 10, '2026-02-05 12:36:16', '2026-02-05 12:36:16'),
(54, 23, ' Mastery, Energy, Poise & Personality', 40, '2026-02-05 12:37:18', '2026-02-05 12:37:18'),
(55, 23, ' Beauty of Face, Appeal & Charm, Sense of Style', 30, '2026-02-05 12:37:37', '2026-02-05 12:37:37'),
(56, 23, 'Self-Introduction, Wit & Self Expression', 20, '2026-02-05 12:37:47', '2026-02-05 12:37:47'),
(57, 23, 'Over- all Audience Impact', 10, '2026-02-05 12:38:01', '2026-02-05 12:38:01'),
(58, 24, 'Beauty of Face, Figure, Body Proportion', 50, '2026-02-05 12:40:21', '2026-02-05 12:40:21'),
(59, 24, 'Poise, Bearing &  Projection', 20, '2026-02-05 12:40:30', '2026-02-05 12:40:30'),
(60, 24, 'Fitness, Appropriateness of Attire & Style ', 20, '2026-02-05 12:40:43', '2026-02-05 12:40:43'),
(61, 24, 'Over- all Audience Impact', 10, '2026-02-05 12:40:54', '2026-02-05 12:40:54'),
(62, 27, 'Beauty of Face, Figure, Body Proportion', 50, '2026-02-05 12:41:21', '2026-02-05 12:41:21'),
(63, 27, 'Poise, Bearing &  Projection', 20, '2026-02-05 12:41:31', '2026-02-05 12:41:31'),
(64, 27, 'Fitness, Appropriateness of Attire & Style ', 20, '2026-02-05 12:41:46', '2026-02-05 12:41:46'),
(65, 27, 'Over- all Audience Impact', 10, '2026-02-05 12:42:00', '2026-02-05 12:42:00'),
(66, 25, 'Intelligence, Articulation & Wit', 40, '2026-02-05 12:43:18', '2026-02-05 12:43:18'),
(67, 25, 'Beauty of Face & Personality', 25, '2026-02-05 12:43:26', '2026-02-05 12:43:26'),
(68, 25, 'Poise, Stance & Projection under Pressure', 25, '2026-02-05 12:43:39', '2026-02-05 12:43:39'),
(69, 25, 'Over- All Packaging & Impact', 10, '2026-02-05 12:43:50', '2026-02-05 12:43:50'),
(70, 28, 'Intelligence, Articulation & Wit', 40, '2026-02-05 12:45:40', '2026-02-05 12:45:40'),
(71, 28, 'Beauty of Face & Personality', 25, '2026-02-05 12:45:50', '2026-02-05 12:45:50'),
(72, 28, 'Poise, Stance & Projection under Pressure', 25, '2026-02-05 12:46:06', '2026-02-05 12:46:06'),
(73, 28, 'Over- All Packaging & Impact', 10, '2026-02-05 12:46:14', '2026-02-05 12:46:14'),
(74, 26, 'Beauty of Face, Appeal  & Charm ', 40, '2026-02-05 12:47:02', '2026-02-05 12:47:02'),
(75, 26, 'Personality, Elegance & Stage Presence', 30, '2026-02-05 12:47:12', '2026-02-05 12:47:12'),
(76, 26, 'Fitness, Appropriateness of Attire & Style ', 20, '2026-02-05 12:47:26', '2026-02-05 12:47:26'),
(77, 26, 'Over- all Audience Impact', 10, '2026-02-05 12:47:38', '2026-02-05 12:47:38'),
(78, 29, 'Beauty of Face, Appeal  & Charm ', 40, '2026-02-05 12:48:10', '2026-02-05 12:48:10'),
(79, 29, 'Personality, Elegance & Stage Presence', 30, '2026-02-05 12:48:19', '2026-02-05 12:48:19'),
(80, 29, 'Fitness, Appropriateness of Attire & Style', 20, '2026-02-05 12:48:31', '2026-02-05 12:48:31'),
(81, 29, 'Over- all Audience Impact', 10, '2026-02-05 12:48:41', '2026-02-05 12:48:41'),
(83, 30, 'Beauty of Face,   Charm & Appeal', 50, '2026-02-05 12:49:33', '2026-02-05 12:49:33'),
(84, 30, 'Articulation, Wit,  Intelligence & Self Expression', 50, '2026-02-05 12:49:48', '2026-02-05 12:49:48'),
(85, 31, 'Beauty of Face,   Charm & Appeal', 50, '2026-02-05 12:50:01', '2026-02-05 12:50:01'),
(86, 31, 'Articulation, Wit,  Intelligence & Self Expression', 50, '2026-02-05 12:50:13', '2026-02-05 12:50:13');

-- --------------------------------------------------------

--
-- Table structure for table `deductions`
--

CREATE TABLE `deductions` (
  `id` mediumint(8) UNSIGNED NOT NULL,
  `technical_id` tinyint(3) UNSIGNED NOT NULL,
  `event_id` smallint(5) UNSIGNED NOT NULL,
  `team_id` tinyint(3) UNSIGNED NOT NULL,
  `value` float UNSIGNED NOT NULL DEFAULT 0,
  `is_locked` tinyint(1) NOT NULL DEFAULT 0,
  `created_at` timestamp NOT NULL DEFAULT current_timestamp(),
  `updated_at` timestamp NOT NULL DEFAULT current_timestamp() ON UPDATE current_timestamp()
) ENGINE=InnoDB DEFAULT CHARSET=utf8mb4 COLLATE=utf8mb4_general_ci;

-- --------------------------------------------------------

--
-- Table structure for table `eliminations`
--

CREATE TABLE `eliminations` (
  `id` mediumint(9) NOT NULL,
  `event_id` smallint(5) UNSIGNED NOT NULL,
  `team_id` tinyint(3) UNSIGNED NOT NULL,
  `created_at` timestamp NOT NULL DEFAULT current_timestamp(),
  `updated_at` timestamp NOT NULL DEFAULT current_timestamp() ON UPDATE current_timestamp()
) ENGINE=InnoDB DEFAULT CHARSET=utf8mb4 COLLATE=utf8mb4_general_ci;

--
-- Dumping data for table `eliminations`
--

INSERT INTO `eliminations` (`id`, `event_id`, `team_id`, `created_at`, `updated_at`) VALUES
(99, 13, 48, '2026-02-05 10:13:38', '2026-02-05 10:13:38'),
(100, 13, 49, '2026-02-05 10:13:42', '2026-02-05 10:13:42'),
(101, 13, 50, '2026-02-05 10:13:46', '2026-02-05 10:13:46'),
(104, 13, 51, '2026-02-05 10:14:01', '2026-02-05 10:14:01'),
(105, 13, 52, '2026-02-05 10:14:05', '2026-02-05 10:14:05'),
(106, 13, 53, '2026-02-05 10:16:27', '2026-02-05 10:16:27'),
(107, 13, 54, '2026-02-05 10:16:31', '2026-02-05 10:16:31'),
(108, 13, 55, '2026-02-05 10:16:35', '2026-02-05 10:16:35'),
(109, 13, 56, '2026-02-05 10:16:48', '2026-02-05 10:16:48'),
(110, 13, 57, '2026-02-05 10:16:56', '2026-02-05 10:16:56'),
(111, 13, 58, '2026-02-05 10:17:00', '2026-02-05 10:17:00'),
(112, 13, 59, '2026-02-05 10:17:03', '2026-02-05 10:17:03'),
(113, 14, 23, '2026-02-05 10:18:29', '2026-02-05 10:18:29'),
(115, 14, 25, '2026-02-05 10:18:34', '2026-02-05 10:18:34'),
(116, 14, 27, '2026-02-05 10:18:36', '2026-02-05 10:18:36'),
(117, 14, 39, '2026-02-05 10:18:40', '2026-02-05 10:18:40'),
(118, 14, 40, '2026-02-05 10:18:45', '2026-02-05 10:18:45'),
(119, 14, 41, '2026-02-05 10:18:49', '2026-02-05 10:18:49'),
(120, 14, 42, '2026-02-05 10:18:55', '2026-02-05 10:18:55'),
(121, 14, 43, '2026-02-05 10:18:59', '2026-02-05 10:18:59'),
(122, 14, 44, '2026-02-05 10:19:03', '2026-02-05 10:19:03'),
(124, 14, 46, '2026-02-05 10:19:16', '2026-02-05 10:19:16'),
(125, 14, 47, '2026-02-05 10:19:20', '2026-02-05 10:19:20'),
(126, 14, 45, '2026-02-05 10:20:00', '2026-02-05 10:20:00'),
(127, 15, 48, '2026-02-05 10:29:42', '2026-02-05 10:29:42'),
(128, 15, 49, '2026-02-05 10:29:44', '2026-02-05 10:29:44'),
(129, 15, 50, '2026-02-05 10:29:45', '2026-02-05 10:29:45'),
(130, 15, 51, '2026-02-05 10:29:46', '2026-02-05 10:29:46'),
(131, 15, 52, '2026-02-05 10:29:48', '2026-02-05 10:29:48'),
(132, 15, 53, '2026-02-05 10:29:52', '2026-02-05 10:29:52'),
(133, 15, 54, '2026-02-05 10:29:53', '2026-02-05 10:29:53'),
(134, 15, 55, '2026-02-05 10:29:58', '2026-02-05 10:29:58'),
(136, 15, 56, '2026-02-05 10:30:05', '2026-02-05 10:30:05'),
(137, 15, 57, '2026-02-05 10:30:08', '2026-02-05 10:30:08'),
(138, 15, 58, '2026-02-05 10:30:10', '2026-02-05 10:30:10'),
(139, 15, 59, '2026-02-05 10:30:11', '2026-02-05 10:30:11'),
(224, 24, 48, '2026-02-05 11:47:39', '2026-02-05 11:47:39'),
(225, 24, 49, '2026-02-05 11:47:40', '2026-02-05 11:47:40'),
(226, 24, 50, '2026-02-05 11:47:41', '2026-02-05 11:47:41'),
(227, 24, 51, '2026-02-05 11:47:42', '2026-02-05 11:47:42'),
(228, 24, 52, '2026-02-05 11:47:44', '2026-02-05 11:47:44'),
(229, 24, 53, '2026-02-05 11:47:55', '2026-02-05 11:47:55'),
(230, 24, 54, '2026-02-05 11:47:56', '2026-02-05 11:47:56'),
(231, 24, 55, '2026-02-05 11:47:58', '2026-02-05 11:47:58'),
(232, 24, 56, '2026-02-05 11:48:01', '2026-02-05 11:48:01'),
(233, 24, 57, '2026-02-05 11:48:02', '2026-02-05 11:48:02'),
(234, 24, 58, '2026-02-05 11:48:04', '2026-02-05 11:48:04'),
(235, 24, 59, '2026-02-05 11:48:05', '2026-02-05 11:48:05'),
(236, 25, 48, '2026-02-05 11:48:19', '2026-02-05 11:48:19'),
(237, 25, 49, '2026-02-05 11:48:20', '2026-02-05 11:48:20'),
(238, 25, 50, '2026-02-05 11:48:21', '2026-02-05 11:48:21'),
(239, 25, 51, '2026-02-05 11:48:22', '2026-02-05 11:48:22'),
(240, 25, 52, '2026-02-05 11:48:24', '2026-02-05 11:48:24'),
(241, 25, 53, '2026-02-05 11:48:25', '2026-02-05 11:48:25'),
(242, 25, 54, '2026-02-05 11:48:27', '2026-02-05 11:48:27'),
(243, 25, 55, '2026-02-05 11:48:28', '2026-02-05 11:48:28'),
(244, 25, 56, '2026-02-05 11:48:32', '2026-02-05 11:48:32'),
(245, 25, 57, '2026-02-05 11:48:33', '2026-02-05 11:48:33'),
(246, 25, 58, '2026-02-05 11:48:35', '2026-02-05 11:48:35'),
(247, 25, 59, '2026-02-05 11:48:36', '2026-02-05 11:48:36'),
(248, 26, 48, '2026-02-05 11:48:39', '2026-02-05 11:48:39'),
(249, 26, 49, '2026-02-05 11:48:39', '2026-02-05 11:48:39'),
(250, 26, 50, '2026-02-05 11:48:40', '2026-02-05 11:48:40'),
(251, 26, 51, '2026-02-05 11:48:42', '2026-02-05 11:48:42'),
(252, 26, 52, '2026-02-05 11:48:45', '2026-02-05 11:48:45'),
(253, 26, 53, '2026-02-05 11:48:47', '2026-02-05 11:48:47'),
(254, 26, 54, '2026-02-05 11:48:49', '2026-02-05 11:48:49'),
(255, 26, 55, '2026-02-05 11:48:52', '2026-02-05 11:48:52'),
(256, 26, 56, '2026-02-05 11:48:56', '2026-02-05 11:48:56'),
(257, 26, 57, '2026-02-05 11:48:58', '2026-02-05 11:48:58'),
(258, 26, 58, '2026-02-05 11:49:01', '2026-02-05 11:49:01'),
(259, 26, 59, '2026-02-05 11:49:02', '2026-02-05 11:49:02'),
(260, 23, 23, '2026-02-05 11:54:28', '2026-02-05 11:54:28'),
(261, 27, 23, '2026-02-05 11:54:29', '2026-02-05 11:54:29'),
(262, 23, 25, '2026-02-05 11:54:32', '2026-02-05 11:54:32'),
(263, 27, 25, '2026-02-05 11:54:33', '2026-02-05 11:54:33'),
(264, 23, 27, '2026-02-05 11:54:35', '2026-02-05 11:54:35'),
(265, 27, 27, '2026-02-05 11:54:35', '2026-02-05 11:54:35'),
(266, 23, 39, '2026-02-05 11:54:36', '2026-02-05 11:54:36'),
(267, 27, 39, '2026-02-05 11:54:37', '2026-02-05 11:54:37'),
(268, 23, 40, '2026-02-05 11:54:39', '2026-02-05 11:54:39'),
(269, 27, 40, '2026-02-05 11:54:40', '2026-02-05 11:54:40'),
(270, 23, 41, '2026-02-05 11:54:41', '2026-02-05 11:54:41'),
(271, 27, 41, '2026-02-05 11:54:42', '2026-02-05 11:54:42'),
(272, 23, 42, '2026-02-05 11:54:44', '2026-02-05 11:54:44'),
(273, 27, 42, '2026-02-05 11:54:45', '2026-02-05 11:54:45'),
(274, 23, 43, '2026-02-05 11:54:46', '2026-02-05 11:54:46'),
(275, 23, 44, '2026-02-05 11:54:47', '2026-02-05 11:54:47'),
(276, 27, 43, '2026-02-05 11:54:48', '2026-02-05 11:54:48'),
(277, 27, 44, '2026-02-05 11:54:48', '2026-02-05 11:54:48'),
(278, 23, 45, '2026-02-05 11:54:50', '2026-02-05 11:54:50'),
(279, 27, 45, '2026-02-05 11:54:51', '2026-02-05 11:54:51'),
(280, 23, 46, '2026-02-05 11:54:52', '2026-02-05 11:54:52'),
(281, 27, 46, '2026-02-05 11:54:53', '2026-02-05 11:54:53'),
(282, 23, 47, '2026-02-05 11:54:54', '2026-02-05 11:54:54'),
(283, 27, 47, '2026-02-05 11:54:55', '2026-02-05 11:54:55'),
(284, 28, 23, '2026-02-05 11:55:22', '2026-02-05 11:55:22'),
(285, 29, 23, '2026-02-05 11:55:22', '2026-02-05 11:55:22'),
(286, 28, 25, '2026-02-05 11:55:25', '2026-02-05 11:55:25'),
(287, 29, 25, '2026-02-05 11:55:26', '2026-02-05 11:55:26'),
(288, 28, 27, '2026-02-05 11:55:28', '2026-02-05 11:55:28'),
(289, 29, 27, '2026-02-05 11:55:29', '2026-02-05 11:55:29'),
(290, 28, 39, '2026-02-05 11:55:31', '2026-02-05 11:55:31'),
(291, 29, 39, '2026-02-05 11:55:31', '2026-02-05 11:55:31'),
(292, 28, 40, '2026-02-05 11:55:33', '2026-02-05 11:55:33'),
(293, 29, 40, '2026-02-05 11:55:34', '2026-02-05 11:55:34'),
(294, 28, 41, '2026-02-05 11:55:36', '2026-02-05 11:55:36'),
(295, 29, 41, '2026-02-05 11:55:36', '2026-02-05 11:55:36'),
(296, 28, 42, '2026-02-05 11:55:39', '2026-02-05 11:55:39'),
(297, 29, 42, '2026-02-05 11:55:40', '2026-02-05 11:55:40'),
(298, 28, 43, '2026-02-05 11:55:42', '2026-02-05 11:55:42'),
(299, 29, 43, '2026-02-05 11:55:43', '2026-02-05 11:55:43'),
(301, 28, 44, '2026-02-05 11:55:48', '2026-02-05 11:55:48'),
(302, 29, 44, '2026-02-05 11:55:49', '2026-02-05 11:55:49'),
(303, 28, 45, '2026-02-05 11:55:50', '2026-02-05 11:55:50'),
(304, 29, 45, '2026-02-05 11:55:51', '2026-02-05 11:55:51'),
(305, 28, 46, '2026-02-05 11:55:53', '2026-02-05 11:55:53'),
(306, 29, 46, '2026-02-05 11:55:53', '2026-02-05 11:55:53'),
(307, 28, 47, '2026-02-05 11:55:55', '2026-02-05 11:55:55'),
(308, 29, 47, '2026-02-05 11:55:56', '2026-02-05 11:55:56'),
(309, 30, 23, '2026-02-05 11:59:33', '2026-02-05 11:59:33'),
(310, 30, 48, '2026-02-05 11:59:33', '2026-02-05 11:59:33'),
(311, 30, 49, '2026-02-05 11:59:34', '2026-02-05 11:59:34'),
(312, 30, 25, '2026-02-05 11:59:34', '2026-02-05 11:59:34'),
(313, 30, 50, '2026-02-05 11:59:34', '2026-02-05 11:59:34'),
(314, 30, 51, '2026-02-05 11:59:35', '2026-02-05 11:59:35'),
(315, 30, 39, '2026-02-05 11:59:36', '2026-02-05 11:59:36'),
(316, 30, 27, '2026-02-05 11:59:37', '2026-02-05 11:59:37'),
(317, 30, 52, '2026-02-05 11:59:37', '2026-02-05 11:59:37'),
(318, 30, 40, '2026-02-05 11:59:38', '2026-02-05 11:59:38'),
(319, 30, 53, '2026-02-05 11:59:38', '2026-02-05 11:59:38'),
(320, 30, 41, '2026-02-05 11:59:39', '2026-02-05 11:59:39'),
(321, 30, 54, '2026-02-05 11:59:39', '2026-02-05 11:59:39'),
(322, 30, 42, '2026-02-05 11:59:40', '2026-02-05 11:59:40'),
(323, 30, 55, '2026-02-05 11:59:41', '2026-02-05 11:59:41'),
(324, 30, 43, '2026-02-05 11:59:41', '2026-02-05 11:59:41'),
(325, 30, 44, '2026-02-05 11:59:41', '2026-02-05 11:59:41'),
(326, 30, 56, '2026-02-05 11:59:43', '2026-02-05 11:59:43'),
(327, 30, 45, '2026-02-05 11:59:43', '2026-02-05 11:59:43'),
(328, 30, 57, '2026-02-05 11:59:43', '2026-02-05 11:59:43'),
(329, 30, 46, '2026-02-05 11:59:44', '2026-02-05 11:59:44'),
(330, 30, 58, '2026-02-05 11:59:45', '2026-02-05 11:59:45'),
(331, 30, 47, '2026-02-05 11:59:45', '2026-02-05 11:59:45'),
(332, 30, 59, '2026-02-05 11:59:46', '2026-02-05 11:59:46'),
(333, 31, 59, '2026-02-05 11:59:50', '2026-02-05 11:59:50'),
(334, 31, 47, '2026-02-05 11:59:51', '2026-02-05 11:59:51'),
(335, 31, 58, '2026-02-05 11:59:51', '2026-02-05 11:59:51'),
(336, 31, 46, '2026-02-05 11:59:51', '2026-02-05 11:59:51'),
(337, 31, 57, '2026-02-05 11:59:52', '2026-02-05 11:59:52'),
(338, 31, 45, '2026-02-05 11:59:52', '2026-02-05 11:59:52'),
(339, 31, 56, '2026-02-05 11:59:53', '2026-02-05 11:59:53'),
(340, 31, 44, '2026-02-05 11:59:54', '2026-02-05 11:59:54'),
(341, 31, 43, '2026-02-05 11:59:54', '2026-02-05 11:59:54'),
(342, 31, 55, '2026-02-05 11:59:55', '2026-02-05 11:59:55'),
(343, 31, 42, '2026-02-05 11:59:56', '2026-02-05 11:59:56'),
(344, 31, 54, '2026-02-05 11:59:56', '2026-02-05 11:59:56'),
(345, 31, 41, '2026-02-05 11:59:57', '2026-02-05 11:59:57'),
(346, 31, 53, '2026-02-05 11:59:57', '2026-02-05 11:59:57'),
(347, 31, 40, '2026-02-05 11:59:58', '2026-02-05 11:59:58'),
(348, 31, 52, '2026-02-05 11:59:58', '2026-02-05 11:59:58'),
(349, 31, 39, '2026-02-05 12:00:00', '2026-02-05 12:00:00'),
(350, 31, 51, '2026-02-05 12:00:00', '2026-02-05 12:00:00'),
(351, 31, 27, '2026-02-05 12:00:01', '2026-02-05 12:00:01'),
(352, 31, 50, '2026-02-05 12:00:01', '2026-02-05 12:00:01'),
(353, 31, 25, '2026-02-05 12:00:02', '2026-02-05 12:00:02'),
(354, 31, 49, '2026-02-05 12:00:02', '2026-02-05 12:00:02'),
(355, 31, 23, '2026-02-05 12:00:04', '2026-02-05 12:00:04'),
(356, 31, 48, '2026-02-05 12:00:04', '2026-02-05 12:00:04');

-- --------------------------------------------------------

--
-- Table structure for table `events`
--

CREATE TABLE `events` (
  `id` smallint(5) UNSIGNED NOT NULL,
  `category_id` tinyint(3) UNSIGNED NOT NULL,
  `slug` varchar(32) NOT NULL,
  `title` varchar(255) NOT NULL,
  `created_at` timestamp NOT NULL DEFAULT current_timestamp(),
  `updated_at` timestamp NOT NULL DEFAULT current_timestamp() ON UPDATE current_timestamp()
) ENGINE=InnoDB DEFAULT CHARSET=utf8mb4 COLLATE=utf8mb4_general_ci;

--
-- Dumping data for table `events`
--

INSERT INTO `events` (`id`, `category_id`, `slug`, `title`, `created_at`, `updated_at`) VALUES
(13, 1, 'festival-attire-1', 'Festival Attire (Female)', '2026-02-05 09:58:39', '2026-02-05 09:58:39'),
(14, 2, 'festival-attire-2', 'Festival Attire (Male)', '2026-02-05 10:07:39', '2026-02-05 10:07:39'),
(15, 1, 'production-1', 'Production Number (Female)', '2026-02-05 10:23:46', '2026-02-05 10:23:46'),
(23, 2, 'production-2', 'Production Number (Male)', '2026-02-05 11:26:19', '2026-02-05 11:56:57'),
(24, 1, 'swimsuit-1', 'Swimsuit (Female)', '2026-02-05 11:40:35', '2026-02-05 11:40:35'),
(25, 1, 'preliminary-q-and-a-1', 'Preliminary Question & Answer (Female)', '2026-02-05 11:41:24', '2026-02-05 11:41:24'),
(26, 1, 'long-gown-1', 'Long Gown (Female)', '2026-02-05 11:42:38', '2026-02-05 11:42:38'),
(27, 2, 'swimwear-2', 'Swimwear (Male)', '2026-02-05 11:45:44', '2026-02-05 11:45:44'),
(28, 2, 'preliminary-q-and-a-2', 'Preliminary Question & Answer (Male)', '2026-02-05 11:46:29', '2026-02-05 11:46:29'),
(29, 2, 'formal-wear-2', 'Formal Wear (Male)', '2026-02-05 11:47:08', '2026-02-05 11:57:07'),
(30, 1, 'final-q-and-a-1', 'Final Q&A (Female)', '2026-02-05 11:58:33', '2026-02-05 11:58:33'),
(31, 2, 'final-q-and-a-2', 'Final Q&A (Male)', '2026-02-05 11:59:09', '2026-02-05 11:59:09');

-- --------------------------------------------------------

--
-- Table structure for table `judges`
--

CREATE TABLE `judges` (
  `id` tinyint(3) UNSIGNED NOT NULL,
  `number` tinyint(3) UNSIGNED NOT NULL,
  `name` varchar(255) NOT NULL,
  `avatar` varchar(255) DEFAULT NULL,
  `username` varchar(255) NOT NULL,
  `password` varchar(255) NOT NULL,
  `active_portion` varchar(255) DEFAULT NULL,
  `called_at` timestamp NULL DEFAULT NULL,
  `pinged_at` timestamp NULL DEFAULT NULL,
  `created_at` timestamp NOT NULL DEFAULT current_timestamp(),
  `updated_at` timestamp NOT NULL DEFAULT current_timestamp() ON UPDATE current_timestamp()
) ENGINE=InnoDB DEFAULT CHARSET=utf8mb4 COLLATE=utf8mb4_general_ci;

--
-- Dumping data for table `judges`
--

INSERT INTO `judges` (`id`, `number`, `name`, `avatar`, `username`, `password`, `active_portion`, `called_at`, `pinged_at`, `created_at`, `updated_at`) VALUES
(1, 1, 'Judge 01', 'no-avatar.jpg', 'judge01', 'judge01', NULL, NULL, NULL, '2023-04-06 13:58:11', '2026-02-06 10:14:00'),
(2, 2, 'Judge 02', 'no-avatar.jpg', 'judge02', 'judge02', NULL, NULL, NULL, '2023-04-06 13:58:28', '2026-02-05 14:29:29'),
(3, 3, 'Judge 03', 'no-avatar.jpg', 'judge03', 'judge03', NULL, NULL, NULL, '2023-04-06 13:58:42', '2026-02-05 02:43:30'),
(4, 4, 'Judge 04', 'no-avatar.jpg', 'judge04', 'judge04', 'final-q-and-a-2', NULL, '2026-02-06 11:55:41', '2023-04-06 13:59:26', '2026-02-06 11:55:41'),
(5, 5, 'Judge 05', 'no-avatar.jpg', 'judge05', 'judge05', NULL, NULL, NULL, '2023-04-06 14:00:00', '2026-02-05 02:44:10'),
(6, 6, 'Judge 06', 'no-avatar.jpg', 'judge06', 'judge06', NULL, NULL, '2026-02-05 03:18:06', '2024-05-13 13:49:13', '2026-02-05 09:51:09'),
(8, 7, 'Tabulator01', 'no-avatar.jpg', 'Tabulator01', 'Tabulator01', NULL, NULL, NULL, '2024-05-21 05:57:36', '2026-02-05 14:15:05'),
(9, 8, 'Tabulator02', 'no-avatar.jpg', 'Tabulator02', 'Tabulator02', NULL, NULL, NULL, '2026-02-05 12:55:15', '2026-02-05 12:55:15'),
(10, 9, 'Tabulator03', 'no-avatar.jpg', 'Tabulator03', 'Tabulator03', NULL, NULL, NULL, '2026-02-05 12:55:57', '2026-02-05 12:55:57'),
(11, 10, 'Tabulator04', 'no-avatar.jpg', 'Tabulator04', 'Tabulator04', NULL, NULL, NULL, '2026-02-05 12:56:15', '2026-02-05 12:56:33'),
(12, 11, 'Tabulator05', 'no-avatar.jpg', 'Tabulator05', 'Tabulator05', NULL, NULL, NULL, '2026-02-05 12:56:47', '2026-02-05 12:56:47');

-- --------------------------------------------------------

--
-- Table structure for table `judge_event`
--

CREATE TABLE `judge_event` (
  `id` tinyint(3) UNSIGNED NOT NULL,
  `judge_id` tinyint(3) UNSIGNED NOT NULL,
  `event_id` smallint(5) UNSIGNED NOT NULL,
  `is_chairman` tinyint(1) NOT NULL DEFAULT 0,
  `active_team_id` tinyint(3) UNSIGNED NOT NULL,
  `has_active_team` tinyint(1) NOT NULL DEFAULT 0,
  `created_at` timestamp NOT NULL DEFAULT current_timestamp(),
  `updated_at` timestamp NOT NULL DEFAULT current_timestamp() ON UPDATE current_timestamp()
) ENGINE=InnoDB DEFAULT CHARSET=utf8mb4 COLLATE=utf8mb4_general_ci;

--
-- Dumping data for table `judge_event`
--

INSERT INTO `judge_event` (`id`, `judge_id`, `event_id`, `is_chairman`, `active_team_id`, `has_active_team`, `created_at`, `updated_at`) VALUES
(63, 1, 15, 0, 23, 0, '2026-02-05 12:04:25', '2026-02-05 12:04:25'),
(64, 1, 24, 0, 23, 0, '2026-02-05 12:04:35', '2026-02-05 12:04:35'),
(65, 1, 25, 0, 23, 0, '2026-02-05 12:04:42', '2026-02-05 12:04:42'),
(66, 1, 26, 0, 23, 0, '2026-02-05 12:04:48', '2026-02-05 12:04:48'),
(67, 1, 30, 0, 23, 0, '2026-02-05 12:04:53', '2026-02-05 12:04:53'),
(68, 8, 13, 0, 23, 0, '2026-02-05 12:05:04', '2026-02-05 12:05:04'),
(69, 8, 14, 0, 23, 0, '2026-02-05 12:05:09', '2026-02-05 12:05:09'),
(71, 2, 15, 0, 23, 0, '2026-02-05 12:22:00', '2026-02-05 12:22:00'),
(72, 2, 24, 0, 23, 0, '2026-02-05 12:22:05', '2026-02-05 12:22:05'),
(73, 2, 25, 0, 23, 0, '2026-02-05 12:22:09', '2026-02-05 12:22:09'),
(74, 2, 26, 0, 23, 0, '2026-02-05 12:22:13', '2026-02-05 12:22:13'),
(75, 2, 30, 0, 23, 0, '2026-02-05 12:22:19', '2026-02-05 12:22:19'),
(76, 3, 15, 0, 23, 0, '2026-02-05 12:22:32', '2026-02-05 12:22:32'),
(77, 3, 24, 0, 23, 0, '2026-02-05 12:22:37', '2026-02-05 12:22:37'),
(78, 3, 25, 0, 23, 0, '2026-02-05 12:22:42', '2026-02-05 12:22:42'),
(79, 3, 26, 0, 23, 0, '2026-02-05 12:22:48', '2026-02-05 12:22:48'),
(80, 3, 30, 0, 23, 0, '2026-02-05 12:22:58', '2026-02-05 12:22:58'),
(81, 4, 23, 0, 23, 0, '2026-02-05 12:23:16', '2026-02-05 12:23:16'),
(82, 4, 27, 0, 23, 0, '2026-02-05 12:23:37', '2026-02-05 12:23:37'),
(83, 4, 28, 0, 23, 0, '2026-02-05 12:23:43', '2026-02-05 12:23:43'),
(84, 4, 29, 0, 23, 0, '2026-02-05 12:23:54', '2026-02-05 12:23:54'),
(85, 4, 31, 0, 23, 0, '2026-02-05 12:23:58', '2026-02-05 12:23:58'),
(86, 5, 23, 0, 23, 0, '2026-02-05 12:25:14', '2026-02-05 12:25:14'),
(87, 5, 27, 0, 23, 0, '2026-02-05 12:25:24', '2026-02-05 12:25:24'),
(88, 5, 28, 0, 23, 0, '2026-02-05 12:25:34', '2026-02-05 12:25:34'),
(89, 5, 29, 0, 23, 0, '2026-02-05 12:25:44', '2026-02-05 12:25:44'),
(90, 5, 31, 0, 23, 0, '2026-02-05 12:25:49', '2026-02-05 12:25:49'),
(91, 6, 23, 0, 23, 0, '2026-02-05 12:26:01', '2026-02-05 12:26:01'),
(92, 6, 27, 0, 23, 0, '2026-02-05 12:26:23', '2026-02-05 12:26:23'),
(93, 6, 28, 0, 23, 0, '2026-02-05 12:26:28', '2026-02-05 12:26:28'),
(94, 6, 29, 0, 23, 0, '2026-02-05 12:26:34', '2026-02-05 12:26:34'),
(95, 6, 31, 0, 23, 0, '2026-02-05 12:26:39', '2026-02-05 12:26:39'),
(96, 9, 13, 0, 23, 0, '2026-02-05 12:57:07', '2026-02-05 12:57:07'),
(97, 9, 14, 0, 23, 0, '2026-02-05 12:57:13', '2026-02-05 12:57:13'),
(98, 10, 13, 0, 23, 0, '2026-02-05 12:57:21', '2026-02-05 12:57:21'),
(99, 10, 14, 0, 23, 0, '2026-02-05 12:57:34', '2026-02-05 12:57:34'),
(100, 11, 13, 0, 23, 0, '2026-02-05 12:57:49', '2026-02-05 12:57:49'),
(101, 11, 14, 0, 23, 0, '2026-02-05 12:57:54', '2026-02-05 12:57:54'),
(102, 12, 13, 0, 23, 0, '2026-02-05 12:58:01', '2026-02-05 12:58:01'),
(103, 12, 14, 0, 23, 0, '2026-02-05 12:58:06', '2026-02-05 12:58:06');

-- --------------------------------------------------------

--
-- Table structure for table `noshows`
--

CREATE TABLE `noshows` (
  `id` smallint(5) UNSIGNED NOT NULL,
  `event_id` smallint(5) UNSIGNED NOT NULL,
  `team_id` tinyint(3) UNSIGNED NOT NULL,
  `created_at` timestamp NOT NULL DEFAULT current_timestamp(),
  `updated_at` timestamp NOT NULL DEFAULT current_timestamp() ON UPDATE current_timestamp()
) ENGINE=InnoDB DEFAULT CHARSET=utf8mb4 COLLATE=utf8mb4_general_ci;

-- --------------------------------------------------------

--
-- Table structure for table `participants`
--

CREATE TABLE `participants` (
  `id` smallint(5) UNSIGNED NOT NULL,
  `team_id` tinyint(3) UNSIGNED NOT NULL,
  `event_id` smallint(5) UNSIGNED NOT NULL,
  `number` smallint(5) UNSIGNED NOT NULL,
  `first_name` varchar(255) NOT NULL,
  `middle_name` varchar(255) DEFAULT NULL,
  `last_name` varchar(255) NOT NULL,
  `gender` enum('male','female') NOT NULL,
  `avatar` varchar(255) DEFAULT NULL,
  `created_at` timestamp NOT NULL DEFAULT current_timestamp(),
  `updated_at` timestamp NOT NULL DEFAULT current_timestamp() ON UPDATE current_timestamp()
) ENGINE=InnoDB DEFAULT CHARSET=utf8mb4 COLLATE=utf8mb4_general_ci;

-- --------------------------------------------------------

--
-- Table structure for table `points`
--

CREATE TABLE `points` (
  `id` smallint(5) UNSIGNED NOT NULL,
  `event_id` smallint(5) UNSIGNED NOT NULL,
  `rank` tinyint(3) UNSIGNED NOT NULL,
  `value` float UNSIGNED NOT NULL,
  `created_at` timestamp NOT NULL DEFAULT current_timestamp(),
  `updated_at` timestamp NOT NULL DEFAULT current_timestamp() ON UPDATE current_timestamp()
) ENGINE=InnoDB DEFAULT CHARSET=utf8mb4 COLLATE=utf8mb4_general_ci;

-- --------------------------------------------------------

--
-- Table structure for table `ratings`
--

CREATE TABLE `ratings` (
  `id` mediumint(8) UNSIGNED NOT NULL,
  `judge_id` tinyint(3) UNSIGNED NOT NULL,
  `criteria_id` smallint(5) UNSIGNED NOT NULL,
  `team_id` tinyint(3) UNSIGNED NOT NULL,
  `value` float UNSIGNED NOT NULL DEFAULT 0,
  `is_locked` tinyint(1) NOT NULL DEFAULT 0,
  `created_at` timestamp NOT NULL DEFAULT current_timestamp(),
  `updated_at` timestamp NOT NULL DEFAULT current_timestamp() ON UPDATE current_timestamp()
) ENGINE=InnoDB DEFAULT CHARSET=utf8mb4 COLLATE=utf8mb4_general_ci;

--
-- Dumping data for table `ratings`
--

INSERT INTO `ratings` (`id`, `judge_id`, `criteria_id`, `team_id`, `value`, `is_locked`, `created_at`, `updated_at`) VALUES
(2593, 8, 42, 23, 0, 0, '2026-02-05 12:59:45', '2026-02-05 12:59:45'),
(2594, 8, 43, 23, 0, 0, '2026-02-05 12:59:45', '2026-02-05 12:59:45'),
(2595, 8, 44, 23, 0, 0, '2026-02-05 12:59:45', '2026-02-05 12:59:45'),
(2596, 8, 45, 23, 0, 0, '2026-02-05 12:59:45', '2026-02-05 12:59:45'),
(2597, 8, 42, 25, 0, 0, '2026-02-05 12:59:45', '2026-02-05 12:59:45'),
(2598, 8, 43, 25, 0, 0, '2026-02-05 12:59:45', '2026-02-05 12:59:45'),
(2599, 8, 44, 25, 0, 0, '2026-02-05 12:59:45', '2026-02-05 12:59:45'),
(2600, 8, 45, 25, 0, 0, '2026-02-05 12:59:45', '2026-02-05 12:59:45'),
(2601, 8, 42, 27, 0, 0, '2026-02-05 12:59:45', '2026-02-05 12:59:45'),
(2602, 8, 43, 27, 0, 0, '2026-02-05 12:59:45', '2026-02-05 12:59:45'),
(2603, 8, 44, 27, 0, 0, '2026-02-05 12:59:45', '2026-02-05 12:59:45'),
(2604, 8, 45, 27, 0, 0, '2026-02-05 12:59:45', '2026-02-05 12:59:45'),
(2605, 8, 42, 39, 0, 0, '2026-02-05 12:59:45', '2026-02-05 12:59:45'),
(2606, 8, 43, 39, 0, 0, '2026-02-05 12:59:45', '2026-02-05 12:59:45'),
(2607, 8, 44, 39, 0, 0, '2026-02-05 12:59:45', '2026-02-05 12:59:45'),
(2608, 8, 45, 39, 0, 0, '2026-02-05 12:59:45', '2026-02-05 12:59:45'),
(2609, 8, 42, 40, 0, 0, '2026-02-05 12:59:45', '2026-02-05 12:59:45'),
(2610, 8, 43, 40, 0, 0, '2026-02-05 12:59:45', '2026-02-05 12:59:45'),
(2611, 8, 44, 40, 0, 0, '2026-02-05 12:59:45', '2026-02-05 12:59:45'),
(2612, 8, 45, 40, 0, 0, '2026-02-05 12:59:45', '2026-02-05 12:59:45'),
(2613, 8, 42, 41, 0, 0, '2026-02-05 12:59:45', '2026-02-05 12:59:45'),
(2614, 8, 43, 41, 0, 0, '2026-02-05 12:59:45', '2026-02-05 12:59:45'),
(2615, 8, 44, 41, 0, 0, '2026-02-05 12:59:45', '2026-02-05 12:59:45'),
(2616, 8, 45, 41, 0, 0, '2026-02-05 12:59:45', '2026-02-05 12:59:45'),
(2617, 8, 42, 42, 0, 0, '2026-02-05 12:59:45', '2026-02-05 12:59:45'),
(2618, 8, 43, 42, 0, 0, '2026-02-05 12:59:45', '2026-02-05 12:59:45'),
(2619, 8, 44, 42, 0, 0, '2026-02-05 12:59:45', '2026-02-05 12:59:45'),
(2620, 8, 45, 42, 0, 0, '2026-02-05 12:59:45', '2026-02-05 12:59:45'),
(2621, 8, 42, 43, 0, 0, '2026-02-05 12:59:45', '2026-02-05 12:59:45'),
(2622, 8, 43, 43, 0, 0, '2026-02-05 12:59:45', '2026-02-05 12:59:45'),
(2623, 8, 44, 43, 0, 0, '2026-02-05 12:59:45', '2026-02-05 12:59:45'),
(2624, 8, 45, 43, 0, 0, '2026-02-05 12:59:45', '2026-02-05 12:59:45'),
(2625, 8, 42, 44, 0, 0, '2026-02-05 12:59:45', '2026-02-05 12:59:45'),
(2626, 8, 43, 44, 0, 0, '2026-02-05 12:59:45', '2026-02-05 12:59:45'),
(2627, 8, 44, 44, 0, 0, '2026-02-05 12:59:45', '2026-02-05 12:59:45'),
(2628, 8, 45, 44, 0, 0, '2026-02-05 12:59:45', '2026-02-05 12:59:45'),
(2629, 8, 42, 45, 0, 0, '2026-02-05 12:59:45', '2026-02-05 12:59:45'),
(2630, 8, 43, 45, 0, 0, '2026-02-05 12:59:45', '2026-02-05 12:59:45'),
(2631, 8, 44, 45, 0, 0, '2026-02-05 12:59:45', '2026-02-05 12:59:45'),
(2632, 8, 45, 45, 0, 0, '2026-02-05 12:59:45', '2026-02-05 12:59:45'),
(2633, 8, 42, 46, 0, 0, '2026-02-05 12:59:45', '2026-02-05 12:59:45'),
(2634, 8, 43, 46, 0, 0, '2026-02-05 12:59:45', '2026-02-05 12:59:45'),
(2635, 8, 44, 46, 0, 0, '2026-02-05 12:59:45', '2026-02-05 12:59:45'),
(2636, 8, 45, 46, 0, 0, '2026-02-05 12:59:45', '2026-02-05 12:59:45'),
(2637, 8, 42, 47, 0, 0, '2026-02-05 12:59:45', '2026-02-05 12:59:45'),
(2638, 8, 43, 47, 0, 0, '2026-02-05 12:59:45', '2026-02-05 12:59:45'),
(2639, 8, 44, 47, 0, 0, '2026-02-05 12:59:45', '2026-02-05 12:59:45'),
(2640, 8, 45, 47, 0, 0, '2026-02-05 12:59:45', '2026-02-05 12:59:45'),
(2641, 9, 42, 23, 0, 0, '2026-02-05 12:59:45', '2026-02-05 12:59:45'),
(2642, 9, 43, 23, 0, 0, '2026-02-05 12:59:45', '2026-02-05 12:59:45'),
(2643, 9, 44, 23, 0, 0, '2026-02-05 12:59:45', '2026-02-05 12:59:45'),
(2644, 9, 45, 23, 0, 0, '2026-02-05 12:59:45', '2026-02-05 12:59:45'),
(2645, 9, 42, 25, 0, 0, '2026-02-05 12:59:45', '2026-02-05 12:59:45'),
(2646, 9, 43, 25, 0, 0, '2026-02-05 12:59:45', '2026-02-05 12:59:45'),
(2647, 9, 44, 25, 0, 0, '2026-02-05 12:59:45', '2026-02-05 12:59:45'),
(2648, 9, 45, 25, 0, 0, '2026-02-05 12:59:45', '2026-02-05 12:59:45'),
(2649, 9, 42, 27, 0, 0, '2026-02-05 12:59:45', '2026-02-05 12:59:45'),
(2650, 9, 43, 27, 0, 0, '2026-02-05 12:59:45', '2026-02-05 12:59:45'),
(2651, 9, 44, 27, 0, 0, '2026-02-05 12:59:45', '2026-02-05 12:59:45'),
(2652, 9, 45, 27, 0, 0, '2026-02-05 12:59:45', '2026-02-05 12:59:45'),
(2653, 9, 42, 39, 0, 0, '2026-02-05 12:59:45', '2026-02-05 12:59:45'),
(2654, 9, 43, 39, 0, 0, '2026-02-05 12:59:45', '2026-02-05 12:59:45'),
(2655, 9, 44, 39, 0, 0, '2026-02-05 12:59:45', '2026-02-05 12:59:45'),
(2656, 9, 45, 39, 0, 0, '2026-02-05 12:59:45', '2026-02-05 12:59:45'),
(2657, 9, 42, 40, 0, 0, '2026-02-05 12:59:45', '2026-02-05 12:59:45'),
(2658, 9, 43, 40, 0, 0, '2026-02-05 12:59:45', '2026-02-05 12:59:45'),
(2659, 9, 44, 40, 0, 0, '2026-02-05 12:59:45', '2026-02-05 12:59:45'),
(2660, 9, 45, 40, 0, 0, '2026-02-05 12:59:45', '2026-02-05 12:59:45'),
(2661, 9, 42, 41, 0, 0, '2026-02-05 12:59:45', '2026-02-05 12:59:45'),
(2662, 9, 43, 41, 0, 0, '2026-02-05 12:59:45', '2026-02-05 12:59:45'),
(2663, 9, 44, 41, 0, 0, '2026-02-05 12:59:45', '2026-02-05 12:59:45'),
(2664, 9, 45, 41, 0, 0, '2026-02-05 12:59:45', '2026-02-05 12:59:45'),
(2665, 9, 42, 42, 0, 0, '2026-02-05 12:59:45', '2026-02-05 12:59:45'),
(2666, 9, 43, 42, 0, 0, '2026-02-05 12:59:45', '2026-02-05 12:59:45'),
(2667, 9, 44, 42, 0, 0, '2026-02-05 12:59:45', '2026-02-05 12:59:45'),
(2668, 9, 45, 42, 0, 0, '2026-02-05 12:59:45', '2026-02-05 12:59:45'),
(2669, 9, 42, 43, 0, 0, '2026-02-05 12:59:45', '2026-02-05 12:59:45'),
(2670, 9, 43, 43, 0, 0, '2026-02-05 12:59:45', '2026-02-05 12:59:45'),
(2671, 9, 44, 43, 0, 0, '2026-02-05 12:59:45', '2026-02-05 12:59:45'),
(2672, 9, 45, 43, 0, 0, '2026-02-05 12:59:45', '2026-02-05 12:59:45'),
(2673, 9, 42, 44, 0, 0, '2026-02-05 12:59:45', '2026-02-05 12:59:45'),
(2674, 9, 43, 44, 0, 0, '2026-02-05 12:59:45', '2026-02-05 12:59:45'),
(2675, 9, 44, 44, 0, 0, '2026-02-05 12:59:45', '2026-02-05 12:59:45'),
(2676, 9, 45, 44, 0, 0, '2026-02-05 12:59:45', '2026-02-05 12:59:45'),
(2677, 9, 42, 45, 0, 0, '2026-02-05 12:59:45', '2026-02-05 12:59:45'),
(2678, 9, 43, 45, 0, 0, '2026-02-05 12:59:45', '2026-02-05 12:59:45'),
(2679, 9, 44, 45, 0, 0, '2026-02-05 12:59:45', '2026-02-05 12:59:45'),
(2680, 9, 45, 45, 0, 0, '2026-02-05 12:59:45', '2026-02-05 12:59:45'),
(2681, 9, 42, 46, 0, 0, '2026-02-05 12:59:45', '2026-02-05 12:59:45'),
(2682, 9, 43, 46, 0, 0, '2026-02-05 12:59:45', '2026-02-05 12:59:45'),
(2683, 9, 44, 46, 0, 0, '2026-02-05 12:59:45', '2026-02-05 12:59:45'),
(2684, 9, 45, 46, 0, 0, '2026-02-05 12:59:45', '2026-02-05 12:59:45'),
(2685, 9, 42, 47, 0, 0, '2026-02-05 12:59:45', '2026-02-05 12:59:45'),
(2686, 9, 43, 47, 0, 0, '2026-02-05 12:59:45', '2026-02-05 12:59:45'),
(2687, 9, 44, 47, 0, 0, '2026-02-05 12:59:45', '2026-02-05 12:59:45'),
(2688, 9, 45, 47, 0, 0, '2026-02-05 12:59:45', '2026-02-05 12:59:45'),
(2689, 10, 42, 23, 0, 0, '2026-02-05 12:59:45', '2026-02-05 12:59:45'),
(2690, 10, 43, 23, 0, 0, '2026-02-05 12:59:45', '2026-02-05 12:59:45'),
(2691, 10, 44, 23, 0, 0, '2026-02-05 12:59:45', '2026-02-05 12:59:45'),
(2692, 10, 45, 23, 0, 0, '2026-02-05 12:59:45', '2026-02-05 12:59:45'),
(2693, 10, 42, 25, 0, 0, '2026-02-05 12:59:45', '2026-02-05 12:59:45'),
(2694, 10, 43, 25, 0, 0, '2026-02-05 12:59:45', '2026-02-05 12:59:45'),
(2695, 10, 44, 25, 0, 0, '2026-02-05 12:59:45', '2026-02-05 12:59:45'),
(2696, 10, 45, 25, 0, 0, '2026-02-05 12:59:45', '2026-02-05 12:59:45'),
(2697, 10, 42, 27, 0, 0, '2026-02-05 12:59:45', '2026-02-05 12:59:45'),
(2698, 10, 43, 27, 0, 0, '2026-02-05 12:59:45', '2026-02-05 12:59:45'),
(2699, 10, 44, 27, 0, 0, '2026-02-05 12:59:45', '2026-02-05 12:59:45'),
(2700, 10, 45, 27, 0, 0, '2026-02-05 12:59:45', '2026-02-05 12:59:45'),
(2701, 10, 42, 39, 0, 0, '2026-02-05 12:59:45', '2026-02-05 12:59:45'),
(2702, 10, 43, 39, 0, 0, '2026-02-05 12:59:45', '2026-02-05 12:59:45'),
(2703, 10, 44, 39, 0, 0, '2026-02-05 12:59:45', '2026-02-05 12:59:45'),
(2704, 10, 45, 39, 0, 0, '2026-02-05 12:59:45', '2026-02-05 12:59:45'),
(2705, 10, 42, 40, 0, 0, '2026-02-05 12:59:45', '2026-02-05 12:59:45'),
(2706, 10, 43, 40, 0, 0, '2026-02-05 12:59:45', '2026-02-05 12:59:45'),
(2707, 10, 44, 40, 0, 0, '2026-02-05 12:59:45', '2026-02-05 12:59:45'),
(2708, 10, 45, 40, 0, 0, '2026-02-05 12:59:45', '2026-02-05 12:59:45'),
(2709, 10, 42, 41, 0, 0, '2026-02-05 12:59:45', '2026-02-05 12:59:45'),
(2710, 10, 43, 41, 0, 0, '2026-02-05 12:59:45', '2026-02-05 12:59:45'),
(2711, 10, 44, 41, 0, 0, '2026-02-05 12:59:45', '2026-02-05 12:59:45'),
(2712, 10, 45, 41, 0, 0, '2026-02-05 12:59:45', '2026-02-05 12:59:45'),
(2713, 10, 42, 42, 0, 0, '2026-02-05 12:59:45', '2026-02-05 12:59:45'),
(2714, 10, 43, 42, 0, 0, '2026-02-05 12:59:45', '2026-02-05 12:59:45'),
(2715, 10, 44, 42, 0, 0, '2026-02-05 12:59:45', '2026-02-05 12:59:45'),
(2716, 10, 45, 42, 0, 0, '2026-02-05 12:59:45', '2026-02-05 12:59:45'),
(2717, 10, 42, 43, 0, 0, '2026-02-05 12:59:45', '2026-02-05 12:59:45'),
(2718, 10, 43, 43, 0, 0, '2026-02-05 12:59:45', '2026-02-05 12:59:45'),
(2719, 10, 44, 43, 0, 0, '2026-02-05 12:59:45', '2026-02-05 12:59:45'),
(2720, 10, 45, 43, 0, 0, '2026-02-05 12:59:45', '2026-02-05 12:59:45'),
(2721, 10, 42, 44, 0, 0, '2026-02-05 12:59:45', '2026-02-05 12:59:45'),
(2722, 10, 43, 44, 0, 0, '2026-02-05 12:59:45', '2026-02-05 12:59:45'),
(2723, 10, 44, 44, 0, 0, '2026-02-05 12:59:45', '2026-02-05 12:59:45'),
(2724, 10, 45, 44, 0, 0, '2026-02-05 12:59:45', '2026-02-05 12:59:45'),
(2725, 10, 42, 45, 0, 0, '2026-02-05 12:59:45', '2026-02-05 12:59:45'),
(2726, 10, 43, 45, 0, 0, '2026-02-05 12:59:45', '2026-02-05 12:59:45'),
(2727, 10, 44, 45, 0, 0, '2026-02-05 12:59:45', '2026-02-05 12:59:45'),
(2728, 10, 45, 45, 0, 0, '2026-02-05 12:59:45', '2026-02-05 12:59:45'),
(2729, 10, 42, 46, 0, 0, '2026-02-05 12:59:45', '2026-02-05 12:59:45'),
(2730, 10, 43, 46, 0, 0, '2026-02-05 12:59:45', '2026-02-05 12:59:45'),
(2731, 10, 44, 46, 0, 0, '2026-02-05 12:59:45', '2026-02-05 12:59:45'),
(2732, 10, 45, 46, 0, 0, '2026-02-05 12:59:45', '2026-02-05 12:59:45'),
(2733, 10, 42, 47, 0, 0, '2026-02-05 12:59:45', '2026-02-05 12:59:45'),
(2734, 10, 43, 47, 0, 0, '2026-02-05 12:59:45', '2026-02-05 12:59:45'),
(2735, 10, 44, 47, 0, 0, '2026-02-05 12:59:45', '2026-02-05 12:59:45'),
(2736, 10, 45, 47, 0, 0, '2026-02-05 12:59:45', '2026-02-05 12:59:45'),
(2737, 11, 42, 23, 0, 0, '2026-02-05 12:59:45', '2026-02-05 12:59:45'),
(2738, 11, 43, 23, 0, 0, '2026-02-05 12:59:45', '2026-02-05 12:59:45'),
(2739, 11, 44, 23, 0, 0, '2026-02-05 12:59:45', '2026-02-05 12:59:45'),
(2740, 11, 45, 23, 0, 0, '2026-02-05 12:59:45', '2026-02-05 12:59:45'),
(2741, 11, 42, 25, 0, 0, '2026-02-05 12:59:45', '2026-02-05 12:59:45'),
(2742, 11, 43, 25, 0, 0, '2026-02-05 12:59:45', '2026-02-05 12:59:45'),
(2743, 11, 44, 25, 0, 0, '2026-02-05 12:59:45', '2026-02-05 12:59:45'),
(2744, 11, 45, 25, 0, 0, '2026-02-05 12:59:45', '2026-02-05 12:59:45'),
(2745, 11, 42, 27, 0, 0, '2026-02-05 12:59:45', '2026-02-05 12:59:45'),
(2746, 11, 43, 27, 0, 0, '2026-02-05 12:59:45', '2026-02-05 12:59:45'),
(2747, 11, 44, 27, 0, 0, '2026-02-05 12:59:45', '2026-02-05 12:59:45'),
(2748, 11, 45, 27, 0, 0, '2026-02-05 12:59:45', '2026-02-05 12:59:45'),
(2749, 11, 42, 39, 0, 0, '2026-02-05 12:59:45', '2026-02-05 12:59:45'),
(2750, 11, 43, 39, 0, 0, '2026-02-05 12:59:45', '2026-02-05 12:59:45'),
(2751, 11, 44, 39, 0, 0, '2026-02-05 12:59:45', '2026-02-05 12:59:45'),
(2752, 11, 45, 39, 0, 0, '2026-02-05 12:59:45', '2026-02-05 12:59:45'),
(2753, 11, 42, 40, 0, 0, '2026-02-05 12:59:46', '2026-02-05 12:59:46'),
(2754, 11, 43, 40, 0, 0, '2026-02-05 12:59:46', '2026-02-05 12:59:46'),
(2755, 11, 44, 40, 0, 0, '2026-02-05 12:59:46', '2026-02-05 12:59:46'),
(2756, 11, 45, 40, 0, 0, '2026-02-05 12:59:46', '2026-02-05 12:59:46'),
(2757, 11, 42, 41, 0, 0, '2026-02-05 12:59:46', '2026-02-05 12:59:46'),
(2758, 11, 43, 41, 0, 0, '2026-02-05 12:59:46', '2026-02-05 12:59:46'),
(2759, 11, 44, 41, 0, 0, '2026-02-05 12:59:46', '2026-02-05 12:59:46'),
(2760, 11, 45, 41, 0, 0, '2026-02-05 12:59:46', '2026-02-05 12:59:46'),
(2761, 11, 42, 42, 0, 0, '2026-02-05 12:59:46', '2026-02-05 12:59:46'),
(2762, 11, 43, 42, 0, 0, '2026-02-05 12:59:46', '2026-02-05 12:59:46'),
(2763, 11, 44, 42, 0, 0, '2026-02-05 12:59:46', '2026-02-05 12:59:46'),
(2764, 11, 45, 42, 0, 0, '2026-02-05 12:59:46', '2026-02-05 12:59:46'),
(2765, 11, 42, 43, 0, 0, '2026-02-05 12:59:46', '2026-02-05 12:59:46'),
(2766, 11, 43, 43, 0, 0, '2026-02-05 12:59:46', '2026-02-05 12:59:46'),
(2767, 11, 44, 43, 0, 0, '2026-02-05 12:59:46', '2026-02-05 12:59:46'),
(2768, 11, 45, 43, 0, 0, '2026-02-05 12:59:46', '2026-02-05 12:59:46'),
(2769, 11, 42, 44, 0, 0, '2026-02-05 12:59:46', '2026-02-05 12:59:46'),
(2770, 11, 43, 44, 0, 0, '2026-02-05 12:59:46', '2026-02-05 12:59:46'),
(2771, 11, 44, 44, 0, 0, '2026-02-05 12:59:46', '2026-02-05 12:59:46'),
(2772, 11, 45, 44, 0, 0, '2026-02-05 12:59:46', '2026-02-05 12:59:46'),
(2773, 11, 42, 45, 0, 0, '2026-02-05 12:59:46', '2026-02-05 12:59:46'),
(2774, 11, 43, 45, 0, 0, '2026-02-05 12:59:46', '2026-02-05 12:59:46'),
(2775, 11, 44, 45, 0, 0, '2026-02-05 12:59:46', '2026-02-05 12:59:46'),
(2776, 11, 45, 45, 0, 0, '2026-02-05 12:59:46', '2026-02-05 12:59:46'),
(2777, 11, 42, 46, 0, 0, '2026-02-05 12:59:46', '2026-02-05 12:59:46'),
(2778, 11, 43, 46, 0, 0, '2026-02-05 12:59:46', '2026-02-05 12:59:46'),
(2779, 11, 44, 46, 0, 0, '2026-02-05 12:59:46', '2026-02-05 12:59:46'),
(2780, 11, 45, 46, 0, 0, '2026-02-05 12:59:46', '2026-02-05 12:59:46'),
(2781, 11, 42, 47, 0, 0, '2026-02-05 12:59:46', '2026-02-05 12:59:46'),
(2782, 11, 43, 47, 0, 0, '2026-02-05 12:59:46', '2026-02-05 12:59:46'),
(2783, 11, 44, 47, 0, 0, '2026-02-05 12:59:46', '2026-02-05 12:59:46'),
(2784, 11, 45, 47, 0, 0, '2026-02-05 12:59:46', '2026-02-05 12:59:46'),
(2785, 12, 42, 23, 0, 0, '2026-02-05 12:59:46', '2026-02-05 12:59:46'),
(2786, 12, 43, 23, 0, 0, '2026-02-05 12:59:46', '2026-02-05 12:59:46'),
(2787, 12, 44, 23, 0, 0, '2026-02-05 12:59:46', '2026-02-05 12:59:46'),
(2788, 12, 45, 23, 0, 0, '2026-02-05 12:59:46', '2026-02-05 12:59:46'),
(2789, 12, 42, 25, 0, 0, '2026-02-05 12:59:46', '2026-02-05 12:59:46'),
(2790, 12, 43, 25, 0, 0, '2026-02-05 12:59:46', '2026-02-05 12:59:46'),
(2791, 12, 44, 25, 0, 0, '2026-02-05 12:59:46', '2026-02-05 12:59:46'),
(2792, 12, 45, 25, 0, 0, '2026-02-05 12:59:46', '2026-02-05 12:59:46'),
(2793, 12, 42, 27, 0, 0, '2026-02-05 12:59:46', '2026-02-05 12:59:46'),
(2794, 12, 43, 27, 0, 0, '2026-02-05 12:59:46', '2026-02-05 12:59:46'),
(2795, 12, 44, 27, 0, 0, '2026-02-05 12:59:46', '2026-02-05 12:59:46'),
(2796, 12, 45, 27, 0, 0, '2026-02-05 12:59:46', '2026-02-05 12:59:46'),
(2797, 12, 42, 39, 0, 0, '2026-02-05 12:59:46', '2026-02-05 12:59:46'),
(2798, 12, 43, 39, 0, 0, '2026-02-05 12:59:46', '2026-02-05 12:59:46'),
(2799, 12, 44, 39, 0, 0, '2026-02-05 12:59:46', '2026-02-05 12:59:46'),
(2800, 12, 45, 39, 0, 0, '2026-02-05 12:59:46', '2026-02-05 12:59:46'),
(2801, 12, 42, 40, 0, 0, '2026-02-05 12:59:46', '2026-02-05 12:59:46'),
(2802, 12, 43, 40, 0, 0, '2026-02-05 12:59:46', '2026-02-05 12:59:46'),
(2803, 12, 44, 40, 0, 0, '2026-02-05 12:59:46', '2026-02-05 12:59:46'),
(2804, 12, 45, 40, 0, 0, '2026-02-05 12:59:46', '2026-02-05 12:59:46'),
(2805, 12, 42, 41, 0, 0, '2026-02-05 12:59:46', '2026-02-05 12:59:46'),
(2806, 12, 43, 41, 0, 0, '2026-02-05 12:59:46', '2026-02-05 12:59:46'),
(2807, 12, 44, 41, 0, 0, '2026-02-05 12:59:46', '2026-02-05 12:59:46'),
(2808, 12, 45, 41, 0, 0, '2026-02-05 12:59:46', '2026-02-05 12:59:46'),
(2809, 12, 42, 42, 0, 0, '2026-02-05 12:59:46', '2026-02-05 12:59:46'),
(2810, 12, 43, 42, 0, 0, '2026-02-05 12:59:46', '2026-02-05 12:59:46'),
(2811, 12, 44, 42, 0, 0, '2026-02-05 12:59:46', '2026-02-05 12:59:46'),
(2812, 12, 45, 42, 0, 0, '2026-02-05 12:59:46', '2026-02-05 12:59:46'),
(2813, 12, 42, 43, 0, 0, '2026-02-05 12:59:46', '2026-02-05 12:59:46'),
(2814, 12, 43, 43, 0, 0, '2026-02-05 12:59:46', '2026-02-05 12:59:46'),
(2815, 12, 44, 43, 0, 0, '2026-02-05 12:59:46', '2026-02-05 12:59:46'),
(2816, 12, 45, 43, 0, 0, '2026-02-05 12:59:46', '2026-02-05 12:59:46'),
(2817, 12, 42, 44, 0, 0, '2026-02-05 12:59:46', '2026-02-05 12:59:46'),
(2818, 12, 43, 44, 0, 0, '2026-02-05 12:59:46', '2026-02-05 12:59:46'),
(2819, 12, 44, 44, 0, 0, '2026-02-05 12:59:46', '2026-02-05 12:59:46'),
(2820, 12, 45, 44, 0, 0, '2026-02-05 12:59:46', '2026-02-05 12:59:46'),
(2821, 12, 42, 45, 0, 0, '2026-02-05 12:59:46', '2026-02-05 12:59:46'),
(2822, 12, 43, 45, 0, 0, '2026-02-05 12:59:46', '2026-02-05 12:59:46'),
(2823, 12, 44, 45, 0, 0, '2026-02-05 12:59:46', '2026-02-05 12:59:46'),
(2824, 12, 45, 45, 0, 0, '2026-02-05 12:59:46', '2026-02-05 12:59:46'),
(2825, 12, 42, 46, 0, 0, '2026-02-05 12:59:46', '2026-02-05 12:59:46'),
(2826, 12, 43, 46, 0, 0, '2026-02-05 12:59:46', '2026-02-05 12:59:46'),
(2827, 12, 44, 46, 0, 0, '2026-02-05 12:59:46', '2026-02-05 12:59:46'),
(2828, 12, 45, 46, 0, 0, '2026-02-05 12:59:46', '2026-02-05 12:59:46'),
(2829, 12, 42, 47, 0, 0, '2026-02-05 12:59:46', '2026-02-05 12:59:46'),
(2830, 12, 43, 47, 0, 0, '2026-02-05 12:59:46', '2026-02-05 12:59:46'),
(2831, 12, 44, 47, 0, 0, '2026-02-05 12:59:46', '2026-02-05 12:59:46'),
(2832, 12, 45, 47, 0, 0, '2026-02-05 12:59:46', '2026-02-05 12:59:46'),
(2833, 1, 50, 23, 0, 0, '2026-02-05 13:17:58', '2026-02-05 13:17:58'),
(2834, 1, 51, 23, 0, 0, '2026-02-05 13:17:58', '2026-02-05 13:17:58'),
(2835, 1, 52, 23, 0, 0, '2026-02-05 13:17:58', '2026-02-05 13:17:58'),
(2836, 1, 53, 23, 0, 0, '2026-02-05 13:17:58', '2026-02-05 13:17:58'),
(2837, 1, 50, 25, 0, 0, '2026-02-05 13:17:58', '2026-02-05 13:17:58'),
(2838, 1, 51, 25, 0, 0, '2026-02-05 13:17:58', '2026-02-05 13:17:58'),
(2839, 1, 52, 25, 0, 0, '2026-02-05 13:17:58', '2026-02-05 13:17:58'),
(2840, 1, 53, 25, 0, 0, '2026-02-05 13:17:59', '2026-02-05 13:17:59'),
(2841, 1, 50, 27, 0, 0, '2026-02-05 13:17:59', '2026-02-05 13:17:59'),
(2842, 1, 51, 27, 0, 0, '2026-02-05 13:17:59', '2026-02-05 13:17:59'),
(2843, 1, 52, 27, 0, 0, '2026-02-05 13:17:59', '2026-02-05 13:17:59'),
(2844, 1, 53, 27, 0, 0, '2026-02-05 13:17:59', '2026-02-05 13:17:59'),
(2845, 1, 50, 39, 0, 0, '2026-02-05 13:17:59', '2026-02-05 13:17:59'),
(2846, 1, 51, 39, 0, 0, '2026-02-05 13:17:59', '2026-02-05 13:17:59'),
(2847, 1, 52, 39, 0, 0, '2026-02-05 13:17:59', '2026-02-05 13:17:59'),
(2848, 1, 53, 39, 0, 0, '2026-02-05 13:17:59', '2026-02-05 13:17:59'),
(2849, 1, 50, 40, 0, 0, '2026-02-05 13:17:59', '2026-02-05 13:17:59'),
(2850, 1, 51, 40, 0, 0, '2026-02-05 13:17:59', '2026-02-05 13:17:59'),
(2851, 1, 52, 40, 0, 0, '2026-02-05 13:17:59', '2026-02-05 13:17:59'),
(2852, 1, 53, 40, 0, 0, '2026-02-05 13:17:59', '2026-02-05 13:17:59'),
(2853, 1, 50, 41, 0, 0, '2026-02-05 13:17:59', '2026-02-05 13:17:59'),
(2854, 1, 51, 41, 0, 0, '2026-02-05 13:17:59', '2026-02-05 13:17:59'),
(2855, 1, 52, 41, 0, 0, '2026-02-05 13:17:59', '2026-02-05 13:17:59'),
(2856, 1, 53, 41, 0, 0, '2026-02-05 13:17:59', '2026-02-05 13:17:59'),
(2857, 1, 50, 42, 0, 0, '2026-02-05 13:17:59', '2026-02-05 13:17:59'),
(2858, 1, 51, 42, 0, 0, '2026-02-05 13:17:59', '2026-02-05 13:17:59'),
(2859, 1, 52, 42, 0, 0, '2026-02-05 13:17:59', '2026-02-05 13:17:59'),
(2860, 1, 53, 42, 0, 0, '2026-02-05 13:17:59', '2026-02-05 13:17:59'),
(2861, 1, 50, 43, 0, 0, '2026-02-05 13:17:59', '2026-02-05 13:17:59'),
(2862, 1, 51, 43, 0, 0, '2026-02-05 13:17:59', '2026-02-05 13:17:59'),
(2863, 1, 52, 43, 0, 0, '2026-02-05 13:17:59', '2026-02-05 13:17:59'),
(2864, 1, 53, 43, 0, 0, '2026-02-05 13:17:59', '2026-02-05 13:17:59'),
(2865, 1, 50, 44, 0, 0, '2026-02-05 13:17:59', '2026-02-05 13:17:59'),
(2866, 1, 51, 44, 0, 0, '2026-02-05 13:17:59', '2026-02-05 13:17:59'),
(2867, 1, 52, 44, 0, 0, '2026-02-05 13:17:59', '2026-02-05 13:17:59'),
(2868, 1, 53, 44, 0, 0, '2026-02-05 13:17:59', '2026-02-05 13:17:59'),
(2869, 1, 50, 45, 0, 0, '2026-02-05 13:17:59', '2026-02-05 13:17:59'),
(2870, 1, 51, 45, 0, 0, '2026-02-05 13:17:59', '2026-02-05 13:17:59'),
(2871, 1, 52, 45, 0, 0, '2026-02-05 13:17:59', '2026-02-05 13:17:59'),
(2872, 1, 53, 45, 0, 0, '2026-02-05 13:17:59', '2026-02-05 13:17:59'),
(2873, 1, 50, 46, 0, 0, '2026-02-05 13:17:59', '2026-02-05 13:17:59'),
(2874, 1, 51, 46, 0, 0, '2026-02-05 13:17:59', '2026-02-05 13:17:59'),
(2875, 1, 52, 46, 0, 0, '2026-02-05 13:17:59', '2026-02-05 13:17:59'),
(2876, 1, 53, 46, 0, 0, '2026-02-05 13:17:59', '2026-02-05 13:17:59'),
(2877, 1, 50, 47, 0, 0, '2026-02-05 13:17:59', '2026-02-05 13:17:59'),
(2878, 1, 51, 47, 0, 0, '2026-02-05 13:17:59', '2026-02-05 13:17:59'),
(2879, 1, 52, 47, 0, 0, '2026-02-05 13:17:59', '2026-02-05 13:17:59'),
(2880, 1, 53, 47, 0, 0, '2026-02-05 13:17:59', '2026-02-05 13:17:59'),
(2881, 2, 50, 23, 0, 0, '2026-02-05 13:17:59', '2026-02-05 13:17:59'),
(2882, 2, 51, 23, 0, 0, '2026-02-05 13:17:59', '2026-02-05 13:17:59'),
(2883, 2, 52, 23, 0, 0, '2026-02-05 13:17:59', '2026-02-05 13:17:59'),
(2884, 2, 53, 23, 0, 0, '2026-02-05 13:17:59', '2026-02-05 13:17:59'),
(2885, 2, 50, 25, 0, 0, '2026-02-05 13:17:59', '2026-02-05 13:17:59'),
(2886, 2, 51, 25, 0, 0, '2026-02-05 13:17:59', '2026-02-05 13:17:59'),
(2887, 2, 52, 25, 0, 0, '2026-02-05 13:17:59', '2026-02-05 13:17:59'),
(2888, 2, 53, 25, 0, 0, '2026-02-05 13:17:59', '2026-02-05 13:17:59'),
(2889, 2, 50, 27, 0, 0, '2026-02-05 13:17:59', '2026-02-05 13:17:59'),
(2890, 2, 51, 27, 0, 0, '2026-02-05 13:17:59', '2026-02-05 13:17:59'),
(2891, 2, 52, 27, 0, 0, '2026-02-05 13:17:59', '2026-02-05 13:17:59'),
(2892, 2, 53, 27, 0, 0, '2026-02-05 13:17:59', '2026-02-05 13:17:59'),
(2893, 2, 50, 39, 0, 0, '2026-02-05 13:17:59', '2026-02-05 13:17:59'),
(2894, 2, 51, 39, 0, 0, '2026-02-05 13:17:59', '2026-02-05 13:17:59'),
(2895, 2, 52, 39, 0, 0, '2026-02-05 13:17:59', '2026-02-05 13:17:59'),
(2896, 2, 53, 39, 0, 0, '2026-02-05 13:17:59', '2026-02-05 13:17:59'),
(2897, 2, 50, 40, 0, 0, '2026-02-05 13:17:59', '2026-02-05 13:17:59'),
(2898, 2, 51, 40, 0, 0, '2026-02-05 13:17:59', '2026-02-05 13:17:59'),
(2899, 2, 52, 40, 0, 0, '2026-02-05 13:17:59', '2026-02-05 13:17:59'),
(2900, 2, 53, 40, 0, 0, '2026-02-05 13:17:59', '2026-02-05 13:17:59'),
(2901, 2, 50, 41, 0, 0, '2026-02-05 13:17:59', '2026-02-05 13:17:59'),
(2902, 2, 51, 41, 0, 0, '2026-02-05 13:17:59', '2026-02-05 13:17:59'),
(2903, 2, 52, 41, 0, 0, '2026-02-05 13:17:59', '2026-02-05 13:17:59'),
(2904, 2, 53, 41, 0, 0, '2026-02-05 13:17:59', '2026-02-05 13:17:59'),
(2905, 2, 50, 42, 0, 0, '2026-02-05 13:17:59', '2026-02-05 13:17:59'),
(2906, 2, 51, 42, 0, 0, '2026-02-05 13:17:59', '2026-02-05 13:17:59'),
(2907, 2, 52, 42, 0, 0, '2026-02-05 13:17:59', '2026-02-05 13:17:59'),
(2908, 2, 53, 42, 0, 0, '2026-02-05 13:17:59', '2026-02-05 13:17:59'),
(2909, 2, 50, 43, 0, 0, '2026-02-05 13:17:59', '2026-02-05 13:17:59'),
(2910, 2, 51, 43, 0, 0, '2026-02-05 13:17:59', '2026-02-05 13:17:59'),
(2911, 2, 52, 43, 0, 0, '2026-02-05 13:17:59', '2026-02-05 13:17:59'),
(2912, 2, 53, 43, 0, 0, '2026-02-05 13:17:59', '2026-02-05 13:17:59'),
(2913, 2, 50, 44, 0, 0, '2026-02-05 13:17:59', '2026-02-05 13:17:59'),
(2914, 2, 51, 44, 0, 0, '2026-02-05 13:17:59', '2026-02-05 13:17:59'),
(2915, 2, 52, 44, 0, 0, '2026-02-05 13:17:59', '2026-02-05 13:17:59'),
(2916, 2, 53, 44, 0, 0, '2026-02-05 13:17:59', '2026-02-05 13:17:59'),
(2917, 2, 50, 45, 0, 0, '2026-02-05 13:17:59', '2026-02-05 13:17:59'),
(2918, 2, 51, 45, 0, 0, '2026-02-05 13:17:59', '2026-02-05 13:17:59'),
(2919, 2, 52, 45, 0, 0, '2026-02-05 13:17:59', '2026-02-05 13:17:59'),
(2920, 2, 53, 45, 0, 0, '2026-02-05 13:17:59', '2026-02-05 13:17:59'),
(2921, 2, 50, 46, 0, 0, '2026-02-05 13:17:59', '2026-02-05 13:17:59'),
(2922, 2, 51, 46, 0, 0, '2026-02-05 13:17:59', '2026-02-05 13:17:59'),
(2923, 2, 52, 46, 0, 0, '2026-02-05 13:17:59', '2026-02-05 13:17:59'),
(2924, 2, 53, 46, 0, 0, '2026-02-05 13:17:59', '2026-02-05 13:17:59'),
(2925, 2, 50, 47, 0, 0, '2026-02-05 13:17:59', '2026-02-05 13:17:59'),
(2926, 2, 51, 47, 0, 0, '2026-02-05 13:17:59', '2026-02-05 13:17:59'),
(2927, 2, 52, 47, 0, 0, '2026-02-05 13:17:59', '2026-02-05 13:17:59'),
(2928, 2, 53, 47, 0, 0, '2026-02-05 13:17:59', '2026-02-05 13:17:59'),
(2929, 3, 50, 23, 0, 0, '2026-02-05 13:17:59', '2026-02-05 13:17:59'),
(2930, 3, 51, 23, 0, 0, '2026-02-05 13:17:59', '2026-02-05 13:17:59'),
(2931, 3, 52, 23, 0, 0, '2026-02-05 13:17:59', '2026-02-05 13:17:59'),
(2932, 3, 53, 23, 0, 0, '2026-02-05 13:17:59', '2026-02-05 13:17:59'),
(2933, 3, 50, 25, 0, 0, '2026-02-05 13:17:59', '2026-02-05 13:17:59'),
(2934, 3, 51, 25, 0, 0, '2026-02-05 13:17:59', '2026-02-05 13:17:59'),
(2935, 3, 52, 25, 0, 0, '2026-02-05 13:17:59', '2026-02-05 13:17:59'),
(2936, 3, 53, 25, 0, 0, '2026-02-05 13:17:59', '2026-02-05 13:17:59'),
(2937, 3, 50, 27, 0, 0, '2026-02-05 13:17:59', '2026-02-05 13:17:59'),
(2938, 3, 51, 27, 0, 0, '2026-02-05 13:17:59', '2026-02-05 13:17:59'),
(2939, 3, 52, 27, 0, 0, '2026-02-05 13:17:59', '2026-02-05 13:17:59'),
(2940, 3, 53, 27, 0, 0, '2026-02-05 13:17:59', '2026-02-05 13:17:59'),
(2941, 3, 50, 39, 0, 0, '2026-02-05 13:17:59', '2026-02-05 13:17:59'),
(2942, 3, 51, 39, 0, 0, '2026-02-05 13:17:59', '2026-02-05 13:17:59'),
(2943, 3, 52, 39, 0, 0, '2026-02-05 13:17:59', '2026-02-05 13:17:59'),
(2944, 3, 53, 39, 0, 0, '2026-02-05 13:17:59', '2026-02-05 13:17:59'),
(2945, 3, 50, 40, 0, 0, '2026-02-05 13:17:59', '2026-02-05 13:17:59'),
(2946, 3, 51, 40, 0, 0, '2026-02-05 13:17:59', '2026-02-05 13:17:59'),
(2947, 3, 52, 40, 0, 0, '2026-02-05 13:17:59', '2026-02-05 13:17:59'),
(2948, 3, 53, 40, 0, 0, '2026-02-05 13:17:59', '2026-02-05 13:17:59'),
(2949, 3, 50, 41, 0, 0, '2026-02-05 13:17:59', '2026-02-05 13:17:59'),
(2950, 3, 51, 41, 0, 0, '2026-02-05 13:17:59', '2026-02-05 13:17:59'),
(2951, 3, 52, 41, 0, 0, '2026-02-05 13:17:59', '2026-02-05 13:17:59'),
(2952, 3, 53, 41, 0, 0, '2026-02-05 13:17:59', '2026-02-05 13:17:59'),
(2953, 3, 50, 42, 0, 0, '2026-02-05 13:17:59', '2026-02-05 13:17:59'),
(2954, 3, 51, 42, 0, 0, '2026-02-05 13:17:59', '2026-02-05 13:17:59'),
(2955, 3, 52, 42, 0, 0, '2026-02-05 13:17:59', '2026-02-05 13:17:59'),
(2956, 3, 53, 42, 0, 0, '2026-02-05 13:17:59', '2026-02-05 13:17:59'),
(2957, 3, 50, 43, 0, 0, '2026-02-05 13:17:59', '2026-02-05 13:17:59'),
(2958, 3, 51, 43, 0, 0, '2026-02-05 13:17:59', '2026-02-05 13:17:59'),
(2959, 3, 52, 43, 0, 0, '2026-02-05 13:17:59', '2026-02-05 13:17:59'),
(2960, 3, 53, 43, 0, 0, '2026-02-05 13:17:59', '2026-02-05 13:17:59'),
(2961, 3, 50, 44, 0, 0, '2026-02-05 13:17:59', '2026-02-05 13:17:59'),
(2962, 3, 51, 44, 0, 0, '2026-02-05 13:17:59', '2026-02-05 13:17:59'),
(2963, 3, 52, 44, 0, 0, '2026-02-05 13:17:59', '2026-02-05 13:17:59'),
(2964, 3, 53, 44, 0, 0, '2026-02-05 13:17:59', '2026-02-05 13:17:59'),
(2965, 3, 50, 45, 0, 0, '2026-02-05 13:17:59', '2026-02-05 13:17:59'),
(2966, 3, 51, 45, 0, 0, '2026-02-05 13:17:59', '2026-02-05 13:17:59'),
(2967, 3, 52, 45, 0, 0, '2026-02-05 13:17:59', '2026-02-05 13:17:59'),
(2968, 3, 53, 45, 0, 0, '2026-02-05 13:17:59', '2026-02-05 13:17:59'),
(2969, 3, 50, 46, 0, 0, '2026-02-05 13:17:59', '2026-02-05 13:17:59'),
(2970, 3, 51, 46, 0, 0, '2026-02-05 13:17:59', '2026-02-05 13:17:59'),
(2971, 3, 52, 46, 0, 0, '2026-02-05 13:17:59', '2026-02-05 13:17:59'),
(2972, 3, 53, 46, 0, 0, '2026-02-05 13:17:59', '2026-02-05 13:17:59'),
(2973, 3, 50, 47, 0, 0, '2026-02-05 13:17:59', '2026-02-05 13:17:59'),
(2974, 3, 51, 47, 0, 0, '2026-02-05 13:17:59', '2026-02-05 13:17:59'),
(2975, 3, 52, 47, 0, 0, '2026-02-05 13:17:59', '2026-02-05 13:17:59'),
(2976, 3, 53, 47, 0, 0, '2026-02-05 13:17:59', '2026-02-05 13:17:59'),
(2977, 8, 46, 48, 0, 0, '2026-02-05 13:45:18', '2026-02-05 13:45:18'),
(2978, 8, 47, 48, 0, 0, '2026-02-05 13:45:18', '2026-02-05 13:45:18'),
(2979, 8, 48, 48, 0, 0, '2026-02-05 13:45:18', '2026-02-05 13:45:18'),
(2980, 8, 49, 48, 0, 0, '2026-02-05 13:45:18', '2026-02-05 13:45:18'),
(2981, 8, 46, 49, 0, 0, '2026-02-05 13:45:18', '2026-02-05 13:45:18'),
(2982, 8, 47, 49, 0, 0, '2026-02-05 13:45:18', '2026-02-05 13:45:18'),
(2983, 8, 48, 49, 0, 0, '2026-02-05 13:45:18', '2026-02-05 13:45:18'),
(2984, 8, 49, 49, 0, 0, '2026-02-05 13:45:18', '2026-02-05 13:45:18'),
(2985, 8, 46, 50, 0, 0, '2026-02-05 13:45:18', '2026-02-05 13:45:18'),
(2986, 8, 47, 50, 0, 0, '2026-02-05 13:45:18', '2026-02-05 13:45:18'),
(2987, 8, 48, 50, 0, 0, '2026-02-05 13:45:18', '2026-02-05 13:45:18'),
(2988, 8, 49, 50, 0, 0, '2026-02-05 13:45:18', '2026-02-05 13:45:18'),
(2989, 8, 46, 51, 0, 0, '2026-02-05 13:45:18', '2026-02-05 13:45:18'),
(2990, 8, 47, 51, 0, 0, '2026-02-05 13:45:18', '2026-02-05 13:45:18'),
(2991, 8, 48, 51, 0, 0, '2026-02-05 13:45:18', '2026-02-05 13:45:18'),
(2992, 8, 49, 51, 0, 0, '2026-02-05 13:45:18', '2026-02-05 13:45:18'),
(2993, 8, 46, 52, 0, 0, '2026-02-05 13:45:18', '2026-02-05 13:45:18'),
(2994, 8, 47, 52, 0, 0, '2026-02-05 13:45:18', '2026-02-05 13:45:18'),
(2995, 8, 48, 52, 0, 0, '2026-02-05 13:45:18', '2026-02-05 13:45:18'),
(2996, 8, 49, 52, 0, 0, '2026-02-05 13:45:18', '2026-02-05 13:45:18'),
(2997, 8, 46, 53, 0, 0, '2026-02-05 13:45:18', '2026-02-05 13:45:18'),
(2998, 8, 47, 53, 0, 0, '2026-02-05 13:45:18', '2026-02-05 13:45:18'),
(2999, 8, 48, 53, 0, 0, '2026-02-05 13:45:18', '2026-02-05 13:45:18'),
(3000, 8, 49, 53, 0, 0, '2026-02-05 13:45:18', '2026-02-05 13:45:18'),
(3001, 8, 46, 54, 0, 0, '2026-02-05 13:45:18', '2026-02-05 13:45:18'),
(3002, 8, 47, 54, 0, 0, '2026-02-05 13:45:18', '2026-02-05 13:45:18'),
(3003, 8, 48, 54, 0, 0, '2026-02-05 13:45:18', '2026-02-05 13:45:18'),
(3004, 8, 49, 54, 0, 0, '2026-02-05 13:45:18', '2026-02-05 13:45:18'),
(3005, 8, 46, 55, 0, 0, '2026-02-05 13:45:18', '2026-02-05 13:45:18'),
(3006, 8, 47, 55, 0, 0, '2026-02-05 13:45:18', '2026-02-05 13:45:18'),
(3007, 8, 48, 55, 0, 0, '2026-02-05 13:45:18', '2026-02-05 13:45:18'),
(3008, 8, 49, 55, 0, 0, '2026-02-05 13:45:18', '2026-02-05 13:45:18'),
(3009, 8, 46, 56, 0, 0, '2026-02-05 13:45:18', '2026-02-05 13:45:18'),
(3010, 8, 47, 56, 0, 0, '2026-02-05 13:45:18', '2026-02-05 13:45:18'),
(3011, 8, 48, 56, 0, 0, '2026-02-05 13:45:18', '2026-02-05 13:45:18'),
(3012, 8, 49, 56, 0, 0, '2026-02-05 13:45:18', '2026-02-05 13:45:18'),
(3013, 8, 46, 57, 0, 0, '2026-02-05 13:45:18', '2026-02-05 13:45:18'),
(3014, 8, 47, 57, 0, 0, '2026-02-05 13:45:18', '2026-02-05 13:45:18'),
(3015, 8, 48, 57, 0, 0, '2026-02-05 13:45:18', '2026-02-05 13:45:18'),
(3016, 8, 49, 57, 0, 0, '2026-02-05 13:45:18', '2026-02-05 13:45:18'),
(3017, 8, 46, 58, 0, 0, '2026-02-05 13:45:18', '2026-02-05 13:45:18'),
(3018, 8, 47, 58, 0, 0, '2026-02-05 13:45:18', '2026-02-05 13:45:18'),
(3019, 8, 48, 58, 0, 0, '2026-02-05 13:45:18', '2026-02-05 13:45:18'),
(3020, 8, 49, 58, 0, 0, '2026-02-05 13:45:18', '2026-02-05 13:45:18'),
(3021, 8, 46, 59, 0, 0, '2026-02-05 13:45:18', '2026-02-05 13:45:18'),
(3022, 8, 47, 59, 0, 0, '2026-02-05 13:45:18', '2026-02-05 13:45:18'),
(3023, 8, 48, 59, 0, 0, '2026-02-05 13:45:18', '2026-02-05 13:45:18'),
(3024, 8, 49, 59, 0, 0, '2026-02-05 13:45:18', '2026-02-05 13:45:18'),
(3025, 9, 46, 48, 0, 0, '2026-02-05 13:45:18', '2026-02-05 13:45:18'),
(3026, 9, 47, 48, 0, 0, '2026-02-05 13:45:18', '2026-02-05 13:45:18'),
(3027, 9, 48, 48, 0, 0, '2026-02-05 13:45:18', '2026-02-05 13:45:18'),
(3028, 9, 49, 48, 0, 0, '2026-02-05 13:45:18', '2026-02-05 13:45:18'),
(3029, 9, 46, 49, 0, 0, '2026-02-05 13:45:18', '2026-02-05 13:45:18'),
(3030, 9, 47, 49, 0, 0, '2026-02-05 13:45:18', '2026-02-05 13:45:18'),
(3031, 9, 48, 49, 0, 0, '2026-02-05 13:45:18', '2026-02-05 13:45:18'),
(3032, 9, 49, 49, 0, 0, '2026-02-05 13:45:18', '2026-02-05 13:45:18'),
(3033, 9, 46, 50, 0, 0, '2026-02-05 13:45:18', '2026-02-05 13:45:18'),
(3034, 9, 47, 50, 0, 0, '2026-02-05 13:45:18', '2026-02-05 13:45:18'),
(3035, 9, 48, 50, 0, 0, '2026-02-05 13:45:18', '2026-02-05 13:45:18'),
(3036, 9, 49, 50, 0, 0, '2026-02-05 13:45:18', '2026-02-05 13:45:18'),
(3037, 9, 46, 51, 0, 0, '2026-02-05 13:45:18', '2026-02-05 13:45:18'),
(3038, 9, 47, 51, 0, 0, '2026-02-05 13:45:18', '2026-02-05 13:45:18'),
(3039, 9, 48, 51, 0, 0, '2026-02-05 13:45:18', '2026-02-05 13:45:18'),
(3040, 9, 49, 51, 0, 0, '2026-02-05 13:45:18', '2026-02-05 13:45:18'),
(3041, 9, 46, 52, 0, 0, '2026-02-05 13:45:18', '2026-02-05 13:45:18'),
(3042, 9, 47, 52, 0, 0, '2026-02-05 13:45:18', '2026-02-05 13:45:18'),
(3043, 9, 48, 52, 0, 0, '2026-02-05 13:45:18', '2026-02-05 13:45:18'),
(3044, 9, 49, 52, 0, 0, '2026-02-05 13:45:18', '2026-02-05 13:45:18'),
(3045, 9, 46, 53, 0, 0, '2026-02-05 13:45:18', '2026-02-05 13:45:18'),
(3046, 9, 47, 53, 0, 0, '2026-02-05 13:45:18', '2026-02-05 13:45:18'),
(3047, 9, 48, 53, 0, 0, '2026-02-05 13:45:18', '2026-02-05 13:45:18'),
(3048, 9, 49, 53, 0, 0, '2026-02-05 13:45:18', '2026-02-05 13:45:18'),
(3049, 9, 46, 54, 0, 0, '2026-02-05 13:45:18', '2026-02-05 13:45:18'),
(3050, 9, 47, 54, 0, 0, '2026-02-05 13:45:18', '2026-02-05 13:45:18'),
(3051, 9, 48, 54, 0, 0, '2026-02-05 13:45:18', '2026-02-05 13:45:18'),
(3052, 9, 49, 54, 0, 0, '2026-02-05 13:45:18', '2026-02-05 13:45:18'),
(3053, 9, 46, 55, 0, 0, '2026-02-05 13:45:18', '2026-02-05 13:45:18'),
(3054, 9, 47, 55, 0, 0, '2026-02-05 13:45:18', '2026-02-05 13:45:18'),
(3055, 9, 48, 55, 0, 0, '2026-02-05 13:45:18', '2026-02-05 13:45:18'),
(3056, 9, 49, 55, 0, 0, '2026-02-05 13:45:18', '2026-02-05 13:45:18'),
(3057, 9, 46, 56, 0, 0, '2026-02-05 13:45:18', '2026-02-05 13:45:18'),
(3058, 9, 47, 56, 0, 0, '2026-02-05 13:45:18', '2026-02-05 13:45:18'),
(3059, 9, 48, 56, 0, 0, '2026-02-05 13:45:18', '2026-02-05 13:45:18'),
(3060, 9, 49, 56, 0, 0, '2026-02-05 13:45:18', '2026-02-05 13:45:18'),
(3061, 9, 46, 57, 0, 0, '2026-02-05 13:45:18', '2026-02-05 13:45:18'),
(3062, 9, 47, 57, 0, 0, '2026-02-05 13:45:18', '2026-02-05 13:45:18'),
(3063, 9, 48, 57, 0, 0, '2026-02-05 13:45:18', '2026-02-05 13:45:18'),
(3064, 9, 49, 57, 0, 0, '2026-02-05 13:45:18', '2026-02-05 13:45:18'),
(3065, 9, 46, 58, 0, 0, '2026-02-05 13:45:18', '2026-02-05 13:45:18'),
(3066, 9, 47, 58, 0, 0, '2026-02-05 13:45:18', '2026-02-05 13:45:18'),
(3067, 9, 48, 58, 0, 0, '2026-02-05 13:45:18', '2026-02-05 13:45:18'),
(3068, 9, 49, 58, 0, 0, '2026-02-05 13:45:18', '2026-02-05 13:45:18'),
(3069, 9, 46, 59, 0, 0, '2026-02-05 13:45:18', '2026-02-05 13:45:18'),
(3070, 9, 47, 59, 0, 0, '2026-02-05 13:45:18', '2026-02-05 13:45:18'),
(3071, 9, 48, 59, 0, 0, '2026-02-05 13:45:18', '2026-02-05 13:45:18'),
(3072, 9, 49, 59, 0, 0, '2026-02-05 13:45:18', '2026-02-05 13:45:18'),
(3073, 10, 46, 48, 0, 0, '2026-02-05 13:45:18', '2026-02-05 13:45:18'),
(3074, 10, 47, 48, 0, 0, '2026-02-05 13:45:18', '2026-02-05 13:45:18'),
(3075, 10, 48, 48, 0, 0, '2026-02-05 13:45:18', '2026-02-05 13:45:18'),
(3076, 10, 49, 48, 0, 0, '2026-02-05 13:45:18', '2026-02-05 13:45:18'),
(3077, 10, 46, 49, 0, 0, '2026-02-05 13:45:18', '2026-02-05 13:45:18'),
(3078, 10, 47, 49, 0, 0, '2026-02-05 13:45:18', '2026-02-05 13:45:18'),
(3079, 10, 48, 49, 0, 0, '2026-02-05 13:45:18', '2026-02-05 13:45:18'),
(3080, 10, 49, 49, 0, 0, '2026-02-05 13:45:18', '2026-02-05 13:45:18'),
(3081, 10, 46, 50, 0, 0, '2026-02-05 13:45:18', '2026-02-05 13:45:18'),
(3082, 10, 47, 50, 0, 0, '2026-02-05 13:45:18', '2026-02-05 13:45:18'),
(3083, 10, 48, 50, 0, 0, '2026-02-05 13:45:18', '2026-02-05 13:45:18'),
(3084, 10, 49, 50, 0, 0, '2026-02-05 13:45:18', '2026-02-05 13:45:18'),
(3085, 10, 46, 51, 0, 0, '2026-02-05 13:45:18', '2026-02-05 13:45:18'),
(3086, 10, 47, 51, 0, 0, '2026-02-05 13:45:18', '2026-02-05 13:45:18'),
(3087, 10, 48, 51, 0, 0, '2026-02-05 13:45:18', '2026-02-05 13:45:18'),
(3088, 10, 49, 51, 0, 0, '2026-02-05 13:45:18', '2026-02-05 13:45:18'),
(3089, 10, 46, 52, 0, 0, '2026-02-05 13:45:18', '2026-02-05 13:45:18'),
(3090, 10, 47, 52, 0, 0, '2026-02-05 13:45:18', '2026-02-05 13:45:18'),
(3091, 10, 48, 52, 0, 0, '2026-02-05 13:45:18', '2026-02-05 13:45:18'),
(3092, 10, 49, 52, 0, 0, '2026-02-05 13:45:18', '2026-02-05 13:45:18'),
(3093, 10, 46, 53, 0, 0, '2026-02-05 13:45:18', '2026-02-05 13:45:18'),
(3094, 10, 47, 53, 0, 0, '2026-02-05 13:45:18', '2026-02-05 13:45:18'),
(3095, 10, 48, 53, 0, 0, '2026-02-05 13:45:18', '2026-02-05 13:45:18'),
(3096, 10, 49, 53, 0, 0, '2026-02-05 13:45:18', '2026-02-05 13:45:18'),
(3097, 10, 46, 54, 0, 0, '2026-02-05 13:45:18', '2026-02-05 13:45:18'),
(3098, 10, 47, 54, 0, 0, '2026-02-05 13:45:18', '2026-02-05 13:45:18'),
(3099, 10, 48, 54, 0, 0, '2026-02-05 13:45:18', '2026-02-05 13:45:18'),
(3100, 10, 49, 54, 0, 0, '2026-02-05 13:45:18', '2026-02-05 13:45:18'),
(3101, 10, 46, 55, 0, 0, '2026-02-05 13:45:18', '2026-02-05 13:45:18'),
(3102, 10, 47, 55, 0, 0, '2026-02-05 13:45:18', '2026-02-05 13:45:18'),
(3103, 10, 48, 55, 0, 0, '2026-02-05 13:45:18', '2026-02-05 13:45:18'),
(3104, 10, 49, 55, 0, 0, '2026-02-05 13:45:18', '2026-02-05 13:45:18'),
(3105, 10, 46, 56, 0, 0, '2026-02-05 13:45:18', '2026-02-05 13:45:18'),
(3106, 10, 47, 56, 0, 0, '2026-02-05 13:45:18', '2026-02-05 13:45:18'),
(3107, 10, 48, 56, 0, 0, '2026-02-05 13:45:18', '2026-02-05 13:45:18'),
(3108, 10, 49, 56, 0, 0, '2026-02-05 13:45:18', '2026-02-05 13:45:18'),
(3109, 10, 46, 57, 0, 0, '2026-02-05 13:45:18', '2026-02-05 13:45:18'),
(3110, 10, 47, 57, 0, 0, '2026-02-05 13:45:18', '2026-02-05 13:45:18'),
(3111, 10, 48, 57, 0, 0, '2026-02-05 13:45:18', '2026-02-05 13:45:18'),
(3112, 10, 49, 57, 0, 0, '2026-02-05 13:45:18', '2026-02-05 13:45:18'),
(3113, 10, 46, 58, 0, 0, '2026-02-05 13:45:18', '2026-02-05 13:45:18'),
(3114, 10, 47, 58, 0, 0, '2026-02-05 13:45:18', '2026-02-05 13:45:18'),
(3115, 10, 48, 58, 0, 0, '2026-02-05 13:45:18', '2026-02-05 13:45:18'),
(3116, 10, 49, 58, 0, 0, '2026-02-05 13:45:18', '2026-02-05 13:45:18'),
(3117, 10, 46, 59, 0, 0, '2026-02-05 13:45:18', '2026-02-05 13:45:18'),
(3118, 10, 47, 59, 0, 0, '2026-02-05 13:45:18', '2026-02-05 13:45:18'),
(3119, 10, 48, 59, 0, 0, '2026-02-05 13:45:18', '2026-02-05 13:45:18'),
(3120, 10, 49, 59, 0, 0, '2026-02-05 13:45:19', '2026-02-05 13:45:19'),
(3121, 11, 46, 48, 0, 0, '2026-02-05 13:45:19', '2026-02-05 13:45:19'),
(3122, 11, 47, 48, 0, 0, '2026-02-05 13:45:19', '2026-02-05 13:45:19'),
(3123, 11, 48, 48, 0, 0, '2026-02-05 13:45:19', '2026-02-05 13:45:19'),
(3124, 11, 49, 48, 0, 0, '2026-02-05 13:45:19', '2026-02-05 13:45:19'),
(3125, 11, 46, 49, 0, 0, '2026-02-05 13:45:19', '2026-02-05 13:45:19'),
(3126, 11, 47, 49, 0, 0, '2026-02-05 13:45:19', '2026-02-05 13:45:19'),
(3127, 11, 48, 49, 0, 0, '2026-02-05 13:45:19', '2026-02-05 13:45:19'),
(3128, 11, 49, 49, 0, 0, '2026-02-05 13:45:19', '2026-02-05 13:45:19'),
(3129, 11, 46, 50, 0, 0, '2026-02-05 13:45:19', '2026-02-05 13:45:19'),
(3130, 11, 47, 50, 0, 0, '2026-02-05 13:45:19', '2026-02-05 13:45:19'),
(3131, 11, 48, 50, 0, 0, '2026-02-05 13:45:19', '2026-02-05 13:45:19'),
(3132, 11, 49, 50, 0, 0, '2026-02-05 13:45:19', '2026-02-05 13:45:19'),
(3133, 11, 46, 51, 0, 0, '2026-02-05 13:45:19', '2026-02-05 13:45:19'),
(3134, 11, 47, 51, 0, 0, '2026-02-05 13:45:19', '2026-02-05 13:45:19'),
(3135, 11, 48, 51, 0, 0, '2026-02-05 13:45:19', '2026-02-05 13:45:19'),
(3136, 11, 49, 51, 0, 0, '2026-02-05 13:45:19', '2026-02-05 13:45:19'),
(3137, 11, 46, 52, 0, 0, '2026-02-05 13:45:19', '2026-02-05 13:45:19'),
(3138, 11, 47, 52, 0, 0, '2026-02-05 13:45:19', '2026-02-05 13:45:19'),
(3139, 11, 48, 52, 0, 0, '2026-02-05 13:45:19', '2026-02-05 13:45:19'),
(3140, 11, 49, 52, 0, 0, '2026-02-05 13:45:19', '2026-02-05 13:45:19'),
(3141, 11, 46, 53, 0, 0, '2026-02-05 13:45:19', '2026-02-05 13:45:19'),
(3142, 11, 47, 53, 0, 0, '2026-02-05 13:45:19', '2026-02-05 13:45:19'),
(3143, 11, 48, 53, 0, 0, '2026-02-05 13:45:19', '2026-02-05 13:45:19'),
(3144, 11, 49, 53, 0, 0, '2026-02-05 13:45:19', '2026-02-05 13:45:19'),
(3145, 11, 46, 54, 0, 0, '2026-02-05 13:45:19', '2026-02-05 13:45:19'),
(3146, 11, 47, 54, 0, 0, '2026-02-05 13:45:19', '2026-02-05 13:45:19'),
(3147, 11, 48, 54, 0, 0, '2026-02-05 13:45:19', '2026-02-05 13:45:19'),
(3148, 11, 49, 54, 0, 0, '2026-02-05 13:45:19', '2026-02-05 13:45:19'),
(3149, 11, 46, 55, 0, 0, '2026-02-05 13:45:19', '2026-02-05 13:45:19'),
(3150, 11, 47, 55, 0, 0, '2026-02-05 13:45:19', '2026-02-05 13:45:19'),
(3151, 11, 48, 55, 0, 0, '2026-02-05 13:45:19', '2026-02-05 13:45:19'),
(3152, 11, 49, 55, 0, 0, '2026-02-05 13:45:19', '2026-02-05 13:45:19'),
(3153, 11, 46, 56, 0, 0, '2026-02-05 13:45:19', '2026-02-05 13:45:19'),
(3154, 11, 47, 56, 0, 0, '2026-02-05 13:45:19', '2026-02-05 13:45:19'),
(3155, 11, 48, 56, 0, 0, '2026-02-05 13:45:19', '2026-02-05 13:45:19'),
(3156, 11, 49, 56, 0, 0, '2026-02-05 13:45:19', '2026-02-05 13:45:19'),
(3157, 11, 46, 57, 0, 0, '2026-02-05 13:45:19', '2026-02-05 13:45:19'),
(3158, 11, 47, 57, 0, 0, '2026-02-05 13:45:19', '2026-02-05 13:45:19'),
(3159, 11, 48, 57, 0, 0, '2026-02-05 13:45:19', '2026-02-05 13:45:19'),
(3160, 11, 49, 57, 0, 0, '2026-02-05 13:45:19', '2026-02-05 13:45:19'),
(3161, 11, 46, 58, 0, 0, '2026-02-05 13:45:19', '2026-02-05 13:45:19'),
(3162, 11, 47, 58, 0, 0, '2026-02-05 13:45:19', '2026-02-05 13:45:19'),
(3163, 11, 48, 58, 0, 0, '2026-02-05 13:45:19', '2026-02-05 13:45:19'),
(3164, 11, 49, 58, 0, 0, '2026-02-05 13:45:19', '2026-02-05 13:45:19'),
(3165, 11, 46, 59, 0, 0, '2026-02-05 13:45:19', '2026-02-05 13:45:19'),
(3166, 11, 47, 59, 0, 0, '2026-02-05 13:45:19', '2026-02-05 13:45:19'),
(3167, 11, 48, 59, 0, 0, '2026-02-05 13:45:19', '2026-02-05 13:45:19'),
(3168, 11, 49, 59, 0, 0, '2026-02-05 13:45:19', '2026-02-05 13:45:19'),
(3169, 12, 46, 48, 0, 0, '2026-02-05 13:45:19', '2026-02-05 13:45:19'),
(3170, 12, 47, 48, 0, 0, '2026-02-05 13:45:19', '2026-02-05 13:45:19'),
(3171, 12, 48, 48, 0, 0, '2026-02-05 13:45:19', '2026-02-05 13:45:19'),
(3172, 12, 49, 48, 0, 0, '2026-02-05 13:45:19', '2026-02-05 13:45:19'),
(3173, 12, 46, 49, 0, 0, '2026-02-05 13:45:19', '2026-02-05 13:45:19'),
(3174, 12, 47, 49, 0, 0, '2026-02-05 13:45:19', '2026-02-05 13:45:19'),
(3175, 12, 48, 49, 0, 0, '2026-02-05 13:45:19', '2026-02-05 13:45:19'),
(3176, 12, 49, 49, 0, 0, '2026-02-05 13:45:19', '2026-02-05 13:45:19'),
(3177, 12, 46, 50, 0, 0, '2026-02-05 13:45:19', '2026-02-05 13:45:19'),
(3178, 12, 47, 50, 0, 0, '2026-02-05 13:45:19', '2026-02-05 13:45:19'),
(3179, 12, 48, 50, 0, 0, '2026-02-05 13:45:19', '2026-02-05 13:45:19'),
(3180, 12, 49, 50, 0, 0, '2026-02-05 13:45:19', '2026-02-05 13:45:19'),
(3181, 12, 46, 51, 0, 0, '2026-02-05 13:45:19', '2026-02-05 13:45:19'),
(3182, 12, 47, 51, 0, 0, '2026-02-05 13:45:19', '2026-02-05 13:45:19'),
(3183, 12, 48, 51, 0, 0, '2026-02-05 13:45:19', '2026-02-05 13:45:19'),
(3184, 12, 49, 51, 0, 0, '2026-02-05 13:45:19', '2026-02-05 13:45:19'),
(3185, 12, 46, 52, 0, 0, '2026-02-05 13:45:19', '2026-02-05 13:45:19'),
(3186, 12, 47, 52, 0, 0, '2026-02-05 13:45:19', '2026-02-05 13:45:19'),
(3187, 12, 48, 52, 0, 0, '2026-02-05 13:45:19', '2026-02-05 13:45:19'),
(3188, 12, 49, 52, 0, 0, '2026-02-05 13:45:19', '2026-02-05 13:45:19'),
(3189, 12, 46, 53, 0, 0, '2026-02-05 13:45:19', '2026-02-05 13:45:19'),
(3190, 12, 47, 53, 0, 0, '2026-02-05 13:45:19', '2026-02-05 13:45:19'),
(3191, 12, 48, 53, 0, 0, '2026-02-05 13:45:19', '2026-02-05 13:45:19'),
(3192, 12, 49, 53, 0, 0, '2026-02-05 13:45:19', '2026-02-05 13:45:19'),
(3193, 12, 46, 54, 0, 0, '2026-02-05 13:45:19', '2026-02-05 13:45:19'),
(3194, 12, 47, 54, 0, 0, '2026-02-05 13:45:19', '2026-02-05 13:45:19'),
(3195, 12, 48, 54, 0, 0, '2026-02-05 13:45:19', '2026-02-05 13:45:19'),
(3196, 12, 49, 54, 0, 0, '2026-02-05 13:45:19', '2026-02-05 13:45:19'),
(3197, 12, 46, 55, 0, 0, '2026-02-05 13:45:19', '2026-02-05 13:45:19'),
(3198, 12, 47, 55, 0, 0, '2026-02-05 13:45:19', '2026-02-05 13:45:19'),
(3199, 12, 48, 55, 0, 0, '2026-02-05 13:45:19', '2026-02-05 13:45:19'),
(3200, 12, 49, 55, 0, 0, '2026-02-05 13:45:19', '2026-02-05 13:45:19'),
(3201, 12, 46, 56, 0, 0, '2026-02-05 13:45:19', '2026-02-05 13:45:19'),
(3202, 12, 47, 56, 0, 0, '2026-02-05 13:45:19', '2026-02-05 13:45:19'),
(3203, 12, 48, 56, 0, 0, '2026-02-05 13:45:19', '2026-02-05 13:45:19'),
(3204, 12, 49, 56, 0, 0, '2026-02-05 13:45:19', '2026-02-05 13:45:19'),
(3205, 12, 46, 57, 0, 0, '2026-02-05 13:45:19', '2026-02-05 13:45:19'),
(3206, 12, 47, 57, 0, 0, '2026-02-05 13:45:19', '2026-02-05 13:45:19'),
(3207, 12, 48, 57, 0, 0, '2026-02-05 13:45:19', '2026-02-05 13:45:19'),
(3208, 12, 49, 57, 0, 0, '2026-02-05 13:45:19', '2026-02-05 13:45:19'),
(3209, 12, 46, 58, 0, 0, '2026-02-05 13:45:19', '2026-02-05 13:45:19'),
(3210, 12, 47, 58, 0, 0, '2026-02-05 13:45:19', '2026-02-05 13:45:19'),
(3211, 12, 48, 58, 0, 0, '2026-02-05 13:45:19', '2026-02-05 13:45:19'),
(3212, 12, 49, 58, 0, 0, '2026-02-05 13:45:19', '2026-02-05 13:45:19'),
(3213, 12, 46, 59, 0, 0, '2026-02-05 13:45:19', '2026-02-05 13:45:19'),
(3214, 12, 47, 59, 0, 0, '2026-02-05 13:45:19', '2026-02-05 13:45:19'),
(3215, 12, 48, 59, 0, 0, '2026-02-05 13:45:19', '2026-02-05 13:45:19'),
(3216, 12, 49, 59, 0, 0, '2026-02-05 13:45:19', '2026-02-05 13:45:19'),
(3217, 4, 54, 48, 0, 0, '2026-02-05 13:45:19', '2026-02-05 13:45:19'),
(3218, 4, 55, 48, 0, 0, '2026-02-05 13:45:19', '2026-02-05 13:45:19'),
(3219, 4, 56, 48, 0, 0, '2026-02-05 13:45:19', '2026-02-05 13:45:19'),
(3220, 4, 57, 48, 0, 0, '2026-02-05 13:45:19', '2026-02-05 13:45:19'),
(3221, 4, 54, 49, 0, 0, '2026-02-05 13:45:19', '2026-02-05 13:45:19'),
(3222, 4, 55, 49, 0, 0, '2026-02-05 13:45:19', '2026-02-05 13:45:19'),
(3223, 4, 56, 49, 0, 0, '2026-02-05 13:45:19', '2026-02-05 13:45:19'),
(3224, 4, 57, 49, 0, 0, '2026-02-05 13:45:19', '2026-02-05 13:45:19'),
(3225, 4, 54, 50, 0, 0, '2026-02-05 13:45:19', '2026-02-05 13:45:19'),
(3226, 4, 55, 50, 0, 0, '2026-02-05 13:45:19', '2026-02-05 13:45:19'),
(3227, 4, 56, 50, 0, 0, '2026-02-05 13:45:19', '2026-02-05 13:45:19'),
(3228, 4, 57, 50, 0, 0, '2026-02-05 13:45:19', '2026-02-05 13:45:19'),
(3229, 4, 54, 51, 0, 0, '2026-02-05 13:45:19', '2026-02-05 13:45:19'),
(3230, 4, 55, 51, 0, 0, '2026-02-05 13:45:19', '2026-02-05 13:45:19'),
(3231, 4, 56, 51, 0, 0, '2026-02-05 13:45:19', '2026-02-05 13:45:19'),
(3232, 4, 57, 51, 0, 0, '2026-02-05 13:45:19', '2026-02-05 13:45:19'),
(3233, 4, 54, 52, 0, 0, '2026-02-05 13:45:19', '2026-02-05 13:45:19'),
(3234, 4, 55, 52, 0, 0, '2026-02-05 13:45:19', '2026-02-05 13:45:19'),
(3235, 4, 56, 52, 0, 0, '2026-02-05 13:45:19', '2026-02-05 13:45:19'),
(3236, 4, 57, 52, 0, 0, '2026-02-05 13:45:19', '2026-02-05 13:45:19'),
(3237, 4, 54, 53, 0, 0, '2026-02-05 13:45:19', '2026-02-05 13:45:19'),
(3238, 4, 55, 53, 0, 0, '2026-02-05 13:45:19', '2026-02-05 13:45:19'),
(3239, 4, 56, 53, 0, 0, '2026-02-05 13:45:19', '2026-02-05 13:45:19'),
(3240, 4, 57, 53, 0, 0, '2026-02-05 13:45:19', '2026-02-05 13:45:19'),
(3241, 4, 54, 54, 0, 0, '2026-02-05 13:45:19', '2026-02-05 13:45:19'),
(3242, 4, 55, 54, 0, 0, '2026-02-05 13:45:19', '2026-02-05 13:45:19'),
(3243, 4, 56, 54, 0, 0, '2026-02-05 13:45:19', '2026-02-05 13:45:19'),
(3244, 4, 57, 54, 0, 0, '2026-02-05 13:45:19', '2026-02-05 13:45:19'),
(3245, 4, 54, 55, 0, 0, '2026-02-05 13:45:19', '2026-02-05 13:45:19'),
(3246, 4, 55, 55, 0, 0, '2026-02-05 13:45:19', '2026-02-05 13:45:19'),
(3247, 4, 56, 55, 0, 0, '2026-02-05 13:45:19', '2026-02-05 13:45:19'),
(3248, 4, 57, 55, 0, 0, '2026-02-05 13:45:19', '2026-02-05 13:45:19'),
(3249, 4, 54, 56, 0, 0, '2026-02-05 13:45:19', '2026-02-05 13:45:19'),
(3250, 4, 55, 56, 0, 0, '2026-02-05 13:45:19', '2026-02-05 13:45:19'),
(3251, 4, 56, 56, 0, 0, '2026-02-05 13:45:19', '2026-02-05 13:45:19'),
(3252, 4, 57, 56, 0, 0, '2026-02-05 13:45:19', '2026-02-05 13:45:19'),
(3253, 4, 54, 57, 0, 0, '2026-02-05 13:45:19', '2026-02-05 13:45:19'),
(3254, 4, 55, 57, 0, 0, '2026-02-05 13:45:19', '2026-02-05 13:45:19'),
(3255, 4, 56, 57, 0, 0, '2026-02-05 13:45:19', '2026-02-05 13:45:19'),
(3256, 4, 57, 57, 0, 0, '2026-02-05 13:45:19', '2026-02-05 13:45:19'),
(3257, 4, 54, 58, 0, 0, '2026-02-05 13:45:19', '2026-02-05 13:45:19'),
(3258, 4, 55, 58, 0, 0, '2026-02-05 13:45:19', '2026-02-05 13:45:19'),
(3259, 4, 56, 58, 0, 0, '2026-02-05 13:45:19', '2026-02-05 13:45:19'),
(3260, 4, 57, 58, 0, 0, '2026-02-05 13:45:19', '2026-02-05 13:45:19'),
(3261, 4, 54, 59, 0, 0, '2026-02-05 13:45:19', '2026-02-05 13:45:19'),
(3262, 4, 55, 59, 0, 0, '2026-02-05 13:45:19', '2026-02-05 13:45:19'),
(3263, 4, 56, 59, 0, 0, '2026-02-05 13:45:19', '2026-02-05 13:45:19'),
(3264, 4, 57, 59, 0, 0, '2026-02-05 13:45:19', '2026-02-05 13:45:19'),
(3265, 5, 54, 48, 0, 0, '2026-02-05 13:45:19', '2026-02-05 13:45:19'),
(3266, 5, 55, 48, 0, 0, '2026-02-05 13:45:19', '2026-02-05 13:45:19'),
(3267, 5, 56, 48, 0, 0, '2026-02-05 13:45:19', '2026-02-05 13:45:19'),
(3268, 5, 57, 48, 0, 0, '2026-02-05 13:45:19', '2026-02-05 13:45:19'),
(3269, 5, 54, 49, 0, 0, '2026-02-05 13:45:19', '2026-02-05 13:45:19'),
(3270, 5, 55, 49, 0, 0, '2026-02-05 13:45:19', '2026-02-05 13:45:19'),
(3271, 5, 56, 49, 0, 0, '2026-02-05 13:45:19', '2026-02-05 13:45:19'),
(3272, 5, 57, 49, 0, 0, '2026-02-05 13:45:19', '2026-02-05 13:45:19'),
(3273, 5, 54, 50, 0, 0, '2026-02-05 13:45:19', '2026-02-05 13:45:19'),
(3274, 5, 55, 50, 0, 0, '2026-02-05 13:45:19', '2026-02-05 13:45:19'),
(3275, 5, 56, 50, 0, 0, '2026-02-05 13:45:19', '2026-02-05 13:45:19'),
(3276, 5, 57, 50, 0, 0, '2026-02-05 13:45:19', '2026-02-05 13:45:19'),
(3277, 5, 54, 51, 0, 0, '2026-02-05 13:45:19', '2026-02-05 13:45:19'),
(3278, 5, 55, 51, 0, 0, '2026-02-05 13:45:19', '2026-02-05 13:45:19'),
(3279, 5, 56, 51, 0, 0, '2026-02-05 13:45:19', '2026-02-05 13:45:19'),
(3280, 5, 57, 51, 0, 0, '2026-02-05 13:45:19', '2026-02-05 13:45:19'),
(3281, 5, 54, 52, 0, 0, '2026-02-05 13:45:19', '2026-02-05 13:45:19'),
(3282, 5, 55, 52, 0, 0, '2026-02-05 13:45:19', '2026-02-05 13:45:19'),
(3283, 5, 56, 52, 0, 0, '2026-02-05 13:45:19', '2026-02-05 13:45:19'),
(3284, 5, 57, 52, 0, 0, '2026-02-05 13:45:19', '2026-02-05 13:45:19'),
(3285, 5, 54, 53, 0, 0, '2026-02-05 13:45:19', '2026-02-05 13:45:19'),
(3286, 5, 55, 53, 0, 0, '2026-02-05 13:45:19', '2026-02-05 13:45:19'),
(3287, 5, 56, 53, 0, 0, '2026-02-05 13:45:19', '2026-02-05 13:45:19'),
(3288, 5, 57, 53, 0, 0, '2026-02-05 13:45:20', '2026-02-05 13:45:20'),
(3289, 5, 54, 54, 0, 0, '2026-02-05 13:45:20', '2026-02-05 13:45:20'),
(3290, 5, 55, 54, 0, 0, '2026-02-05 13:45:20', '2026-02-05 13:45:20'),
(3291, 5, 56, 54, 0, 0, '2026-02-05 13:45:20', '2026-02-05 13:45:20'),
(3292, 5, 57, 54, 0, 0, '2026-02-05 13:45:20', '2026-02-05 13:45:20'),
(3293, 5, 54, 55, 0, 0, '2026-02-05 13:45:20', '2026-02-05 13:45:20'),
(3294, 5, 55, 55, 0, 0, '2026-02-05 13:45:20', '2026-02-05 13:45:20'),
(3295, 5, 56, 55, 0, 0, '2026-02-05 13:45:20', '2026-02-05 13:45:20'),
(3296, 5, 57, 55, 0, 0, '2026-02-05 13:45:20', '2026-02-05 13:45:20'),
(3297, 5, 54, 56, 0, 0, '2026-02-05 13:45:20', '2026-02-05 13:45:20'),
(3298, 5, 55, 56, 0, 0, '2026-02-05 13:45:20', '2026-02-05 13:45:20'),
(3299, 5, 56, 56, 0, 0, '2026-02-05 13:45:20', '2026-02-05 13:45:20'),
(3300, 5, 57, 56, 0, 0, '2026-02-05 13:45:20', '2026-02-05 13:45:20'),
(3301, 5, 54, 57, 0, 0, '2026-02-05 13:45:20', '2026-02-05 13:45:20'),
(3302, 5, 55, 57, 0, 0, '2026-02-05 13:45:20', '2026-02-05 13:45:20'),
(3303, 5, 56, 57, 0, 0, '2026-02-05 13:45:20', '2026-02-05 13:45:20'),
(3304, 5, 57, 57, 0, 0, '2026-02-05 13:45:20', '2026-02-05 13:45:20'),
(3305, 5, 54, 58, 0, 0, '2026-02-05 13:45:20', '2026-02-05 13:45:20'),
(3306, 5, 55, 58, 0, 0, '2026-02-05 13:45:20', '2026-02-05 13:45:20'),
(3307, 5, 56, 58, 0, 0, '2026-02-05 13:45:20', '2026-02-05 13:45:20'),
(3308, 5, 57, 58, 0, 0, '2026-02-05 13:45:20', '2026-02-05 13:45:20'),
(3309, 5, 54, 59, 0, 0, '2026-02-05 13:45:20', '2026-02-05 13:45:20'),
(3310, 5, 55, 59, 0, 0, '2026-02-05 13:45:20', '2026-02-05 13:45:20');
INSERT INTO `ratings` (`id`, `judge_id`, `criteria_id`, `team_id`, `value`, `is_locked`, `created_at`, `updated_at`) VALUES
(3311, 5, 56, 59, 0, 0, '2026-02-05 13:45:20', '2026-02-05 13:45:20'),
(3312, 5, 57, 59, 0, 0, '2026-02-05 13:45:20', '2026-02-05 13:45:20'),
(3313, 6, 54, 48, 0, 0, '2026-02-05 13:45:20', '2026-02-05 13:45:20'),
(3314, 6, 55, 48, 0, 0, '2026-02-05 13:45:20', '2026-02-05 13:45:20'),
(3315, 6, 56, 48, 0, 0, '2026-02-05 13:45:20', '2026-02-05 13:45:20'),
(3316, 6, 57, 48, 0, 0, '2026-02-05 13:45:20', '2026-02-05 13:45:20'),
(3317, 6, 54, 49, 0, 0, '2026-02-05 13:45:20', '2026-02-05 13:45:20'),
(3318, 6, 55, 49, 0, 0, '2026-02-05 13:45:20', '2026-02-05 13:45:20'),
(3319, 6, 56, 49, 0, 0, '2026-02-05 13:45:20', '2026-02-05 13:45:20'),
(3320, 6, 57, 49, 0, 0, '2026-02-05 13:45:20', '2026-02-05 13:45:20'),
(3321, 6, 54, 50, 0, 0, '2026-02-05 13:45:20', '2026-02-05 13:45:20'),
(3322, 6, 55, 50, 0, 0, '2026-02-05 13:45:20', '2026-02-05 13:45:20'),
(3323, 6, 56, 50, 0, 0, '2026-02-05 13:45:20', '2026-02-05 13:45:20'),
(3324, 6, 57, 50, 0, 0, '2026-02-05 13:45:20', '2026-02-05 13:45:20'),
(3325, 6, 54, 51, 0, 0, '2026-02-05 13:45:20', '2026-02-05 13:45:20'),
(3326, 6, 55, 51, 0, 0, '2026-02-05 13:45:20', '2026-02-05 13:45:20'),
(3327, 6, 56, 51, 0, 0, '2026-02-05 13:45:20', '2026-02-05 13:45:20'),
(3328, 6, 57, 51, 0, 0, '2026-02-05 13:45:20', '2026-02-05 13:45:20'),
(3329, 6, 54, 52, 0, 0, '2026-02-05 13:45:20', '2026-02-05 13:45:20'),
(3330, 6, 55, 52, 0, 0, '2026-02-05 13:45:20', '2026-02-05 13:45:20'),
(3331, 6, 56, 52, 0, 0, '2026-02-05 13:45:20', '2026-02-05 13:45:20'),
(3332, 6, 57, 52, 0, 0, '2026-02-05 13:45:20', '2026-02-05 13:45:20'),
(3333, 6, 54, 53, 0, 0, '2026-02-05 13:45:20', '2026-02-05 13:45:20'),
(3334, 6, 55, 53, 0, 0, '2026-02-05 13:45:20', '2026-02-05 13:45:20'),
(3335, 6, 56, 53, 0, 0, '2026-02-05 13:45:20', '2026-02-05 13:45:20'),
(3336, 6, 57, 53, 0, 0, '2026-02-05 13:45:20', '2026-02-05 13:45:20'),
(3337, 6, 54, 54, 0, 0, '2026-02-05 13:45:20', '2026-02-05 13:45:20'),
(3338, 6, 55, 54, 0, 0, '2026-02-05 13:45:20', '2026-02-05 13:45:20'),
(3339, 6, 56, 54, 0, 0, '2026-02-05 13:45:20', '2026-02-05 13:45:20'),
(3340, 6, 57, 54, 0, 0, '2026-02-05 13:45:20', '2026-02-05 13:45:20'),
(3341, 6, 54, 55, 0, 0, '2026-02-05 13:45:20', '2026-02-05 13:45:20'),
(3342, 6, 55, 55, 0, 0, '2026-02-05 13:45:20', '2026-02-05 13:45:20'),
(3343, 6, 56, 55, 0, 0, '2026-02-05 13:45:20', '2026-02-05 13:45:20'),
(3344, 6, 57, 55, 0, 0, '2026-02-05 13:45:20', '2026-02-05 13:45:20'),
(3345, 6, 54, 56, 0, 0, '2026-02-05 13:45:20', '2026-02-05 13:45:20'),
(3346, 6, 55, 56, 0, 0, '2026-02-05 13:45:20', '2026-02-05 13:45:20'),
(3347, 6, 56, 56, 0, 0, '2026-02-05 13:45:20', '2026-02-05 13:45:20'),
(3348, 6, 57, 56, 0, 0, '2026-02-05 13:45:20', '2026-02-05 13:45:20'),
(3349, 6, 54, 57, 0, 0, '2026-02-05 13:45:20', '2026-02-05 13:45:20'),
(3350, 6, 55, 57, 0, 0, '2026-02-05 13:45:20', '2026-02-05 13:45:20'),
(3351, 6, 56, 57, 0, 0, '2026-02-05 13:45:20', '2026-02-05 13:45:20'),
(3352, 6, 57, 57, 0, 0, '2026-02-05 13:45:20', '2026-02-05 13:45:20'),
(3353, 6, 54, 58, 0, 0, '2026-02-05 13:45:20', '2026-02-05 13:45:20'),
(3354, 6, 55, 58, 0, 0, '2026-02-05 13:45:20', '2026-02-05 13:45:20'),
(3355, 6, 56, 58, 0, 0, '2026-02-05 13:45:20', '2026-02-05 13:45:20'),
(3356, 6, 57, 58, 0, 0, '2026-02-05 13:45:20', '2026-02-05 13:45:20'),
(3357, 6, 54, 59, 0, 0, '2026-02-05 13:45:20', '2026-02-05 13:45:20'),
(3358, 6, 55, 59, 0, 0, '2026-02-05 13:45:20', '2026-02-05 13:45:20'),
(3359, 6, 56, 59, 0, 0, '2026-02-05 13:45:20', '2026-02-05 13:45:20'),
(3360, 6, 57, 59, 0, 0, '2026-02-05 13:45:20', '2026-02-05 13:45:20'),
(3361, 4, 62, 48, 0, 0, '2026-02-05 13:45:20', '2026-02-05 13:45:20'),
(3362, 4, 63, 48, 0, 0, '2026-02-05 13:45:20', '2026-02-05 13:45:20'),
(3363, 4, 64, 48, 0, 0, '2026-02-05 13:45:20', '2026-02-05 13:45:20'),
(3364, 4, 65, 48, 0, 0, '2026-02-05 13:45:20', '2026-02-05 13:45:20'),
(3365, 4, 62, 49, 0, 0, '2026-02-05 13:45:20', '2026-02-05 13:45:20'),
(3366, 4, 63, 49, 0, 0, '2026-02-05 13:45:20', '2026-02-05 13:45:20'),
(3367, 4, 64, 49, 0, 0, '2026-02-05 13:45:20', '2026-02-05 13:45:20'),
(3368, 4, 65, 49, 0, 0, '2026-02-05 13:45:20', '2026-02-05 13:45:20'),
(3369, 4, 62, 50, 0, 0, '2026-02-05 13:45:20', '2026-02-05 13:45:20'),
(3370, 4, 63, 50, 0, 0, '2026-02-05 13:45:20', '2026-02-05 13:45:20'),
(3371, 4, 64, 50, 0, 0, '2026-02-05 13:45:20', '2026-02-05 13:45:20'),
(3372, 4, 65, 50, 0, 0, '2026-02-05 13:45:20', '2026-02-05 13:45:20'),
(3373, 4, 62, 51, 0, 0, '2026-02-05 13:45:20', '2026-02-05 13:45:20'),
(3374, 4, 63, 51, 0, 0, '2026-02-05 13:45:20', '2026-02-05 13:45:20'),
(3375, 4, 64, 51, 0, 0, '2026-02-05 13:45:20', '2026-02-05 13:45:20'),
(3376, 4, 65, 51, 0, 0, '2026-02-05 13:45:20', '2026-02-05 13:45:20'),
(3377, 4, 62, 52, 0, 0, '2026-02-05 13:45:20', '2026-02-05 13:45:20'),
(3378, 4, 63, 52, 0, 0, '2026-02-05 13:45:20', '2026-02-05 13:45:20'),
(3379, 4, 64, 52, 0, 0, '2026-02-05 13:45:20', '2026-02-05 13:45:20'),
(3380, 4, 65, 52, 0, 0, '2026-02-05 13:45:20', '2026-02-05 13:45:20'),
(3381, 4, 62, 53, 0, 0, '2026-02-05 13:45:20', '2026-02-05 13:45:20'),
(3382, 4, 63, 53, 0, 0, '2026-02-05 13:45:20', '2026-02-05 13:45:20'),
(3383, 4, 64, 53, 0, 0, '2026-02-05 13:45:20', '2026-02-05 13:45:20'),
(3384, 4, 65, 53, 0, 0, '2026-02-05 13:45:20', '2026-02-05 13:45:20'),
(3385, 4, 62, 54, 0, 0, '2026-02-05 13:45:20', '2026-02-05 13:45:20'),
(3386, 4, 63, 54, 0, 0, '2026-02-05 13:45:20', '2026-02-05 13:45:20'),
(3387, 4, 64, 54, 0, 0, '2026-02-05 13:45:20', '2026-02-05 13:45:20'),
(3388, 4, 65, 54, 0, 0, '2026-02-05 13:45:20', '2026-02-05 13:45:20'),
(3389, 4, 62, 55, 0, 0, '2026-02-05 13:45:20', '2026-02-05 13:45:20'),
(3390, 4, 63, 55, 0, 0, '2026-02-05 13:45:20', '2026-02-05 13:45:20'),
(3391, 4, 64, 55, 0, 0, '2026-02-05 13:45:20', '2026-02-05 13:45:20'),
(3392, 4, 65, 55, 0, 0, '2026-02-05 13:45:20', '2026-02-05 13:45:20'),
(3393, 4, 62, 56, 0, 0, '2026-02-05 13:45:20', '2026-02-05 13:45:20'),
(3394, 4, 63, 56, 0, 0, '2026-02-05 13:45:20', '2026-02-05 13:45:20'),
(3395, 4, 64, 56, 0, 0, '2026-02-05 13:45:20', '2026-02-05 13:45:20'),
(3396, 4, 65, 56, 0, 0, '2026-02-05 13:45:20', '2026-02-05 13:45:20'),
(3397, 4, 62, 57, 0, 0, '2026-02-05 13:45:20', '2026-02-05 13:45:20'),
(3398, 4, 63, 57, 0, 0, '2026-02-05 13:45:20', '2026-02-05 13:45:20'),
(3399, 4, 64, 57, 0, 0, '2026-02-05 13:45:20', '2026-02-05 13:45:20'),
(3400, 4, 65, 57, 0, 0, '2026-02-05 13:45:20', '2026-02-05 13:45:20'),
(3401, 4, 62, 58, 0, 0, '2026-02-05 13:45:20', '2026-02-05 13:45:20'),
(3402, 4, 63, 58, 0, 0, '2026-02-05 13:45:20', '2026-02-05 13:45:20'),
(3403, 4, 64, 58, 0, 0, '2026-02-05 13:45:20', '2026-02-05 13:45:20'),
(3404, 4, 65, 58, 0, 0, '2026-02-05 13:45:20', '2026-02-05 13:45:20'),
(3405, 4, 62, 59, 0, 0, '2026-02-05 13:45:20', '2026-02-05 13:45:20'),
(3406, 4, 63, 59, 0, 0, '2026-02-05 13:45:20', '2026-02-05 13:45:20'),
(3407, 4, 64, 59, 0, 0, '2026-02-05 13:45:20', '2026-02-05 13:45:20'),
(3408, 4, 65, 59, 0, 0, '2026-02-05 13:45:20', '2026-02-05 13:45:20'),
(3409, 5, 62, 48, 0, 0, '2026-02-05 13:45:20', '2026-02-05 13:45:20'),
(3410, 5, 63, 48, 0, 0, '2026-02-05 13:45:20', '2026-02-05 13:45:20'),
(3411, 5, 64, 48, 0, 0, '2026-02-05 13:45:20', '2026-02-05 13:45:20'),
(3412, 5, 65, 48, 0, 0, '2026-02-05 13:45:20', '2026-02-05 13:45:20'),
(3413, 5, 62, 49, 0, 0, '2026-02-05 13:45:20', '2026-02-05 13:45:20'),
(3414, 5, 63, 49, 0, 0, '2026-02-05 13:45:20', '2026-02-05 13:45:20'),
(3415, 5, 64, 49, 0, 0, '2026-02-05 13:45:20', '2026-02-05 13:45:20'),
(3416, 5, 65, 49, 0, 0, '2026-02-05 13:45:20', '2026-02-05 13:45:20'),
(3417, 5, 62, 50, 0, 0, '2026-02-05 13:45:20', '2026-02-05 13:45:20'),
(3418, 5, 63, 50, 0, 0, '2026-02-05 13:45:20', '2026-02-05 13:45:20'),
(3419, 5, 64, 50, 0, 0, '2026-02-05 13:45:20', '2026-02-05 13:45:20'),
(3420, 5, 65, 50, 0, 0, '2026-02-05 13:45:21', '2026-02-05 13:45:21'),
(3421, 5, 62, 51, 0, 0, '2026-02-05 13:45:21', '2026-02-05 13:45:21'),
(3422, 5, 63, 51, 0, 0, '2026-02-05 13:45:21', '2026-02-05 13:45:21'),
(3423, 5, 64, 51, 0, 0, '2026-02-05 13:45:21', '2026-02-05 13:45:21'),
(3424, 5, 65, 51, 0, 0, '2026-02-05 13:45:21', '2026-02-05 13:45:21'),
(3425, 5, 62, 52, 0, 0, '2026-02-05 13:45:21', '2026-02-05 13:45:21'),
(3426, 5, 63, 52, 0, 0, '2026-02-05 13:45:21', '2026-02-05 13:45:21'),
(3427, 5, 64, 52, 0, 0, '2026-02-05 13:45:21', '2026-02-05 13:45:21'),
(3428, 5, 65, 52, 0, 0, '2026-02-05 13:45:21', '2026-02-05 13:45:21'),
(3429, 5, 62, 53, 0, 0, '2026-02-05 13:45:21', '2026-02-05 13:45:21'),
(3430, 5, 63, 53, 0, 0, '2026-02-05 13:45:21', '2026-02-05 13:45:21'),
(3431, 5, 64, 53, 0, 0, '2026-02-05 13:45:21', '2026-02-05 13:45:21'),
(3432, 5, 65, 53, 0, 0, '2026-02-05 13:45:21', '2026-02-05 13:45:21'),
(3433, 5, 62, 54, 0, 0, '2026-02-05 13:45:21', '2026-02-05 13:45:21'),
(3434, 5, 63, 54, 0, 0, '2026-02-05 13:45:21', '2026-02-05 13:45:21'),
(3435, 5, 64, 54, 0, 0, '2026-02-05 13:45:21', '2026-02-05 13:45:21'),
(3436, 5, 65, 54, 0, 0, '2026-02-05 13:45:21', '2026-02-05 13:45:21'),
(3437, 5, 62, 55, 0, 0, '2026-02-05 13:45:21', '2026-02-05 13:45:21'),
(3438, 5, 63, 55, 0, 0, '2026-02-05 13:45:21', '2026-02-05 13:45:21'),
(3439, 5, 64, 55, 0, 0, '2026-02-05 13:45:21', '2026-02-05 13:45:21'),
(3440, 5, 65, 55, 0, 0, '2026-02-05 13:45:21', '2026-02-05 13:45:21'),
(3441, 5, 62, 56, 0, 0, '2026-02-05 13:45:21', '2026-02-05 13:45:21'),
(3442, 5, 63, 56, 0, 0, '2026-02-05 13:45:21', '2026-02-05 13:45:21'),
(3443, 5, 64, 56, 0, 0, '2026-02-05 13:45:21', '2026-02-05 13:45:21'),
(3444, 5, 65, 56, 0, 0, '2026-02-05 13:45:21', '2026-02-05 13:45:21'),
(3445, 5, 62, 57, 0, 0, '2026-02-05 13:45:21', '2026-02-05 13:45:21'),
(3446, 5, 63, 57, 0, 0, '2026-02-05 13:45:21', '2026-02-05 13:45:21'),
(3447, 5, 64, 57, 0, 0, '2026-02-05 13:45:21', '2026-02-05 13:45:21'),
(3448, 5, 65, 57, 0, 0, '2026-02-05 13:45:21', '2026-02-05 13:45:21'),
(3449, 5, 62, 58, 0, 0, '2026-02-05 13:45:21', '2026-02-05 13:45:21'),
(3450, 5, 63, 58, 0, 0, '2026-02-05 13:45:21', '2026-02-05 13:45:21'),
(3451, 5, 64, 58, 0, 0, '2026-02-05 13:45:21', '2026-02-05 13:45:21'),
(3452, 5, 65, 58, 0, 0, '2026-02-05 13:45:21', '2026-02-05 13:45:21'),
(3453, 5, 62, 59, 0, 0, '2026-02-05 13:45:21', '2026-02-05 13:45:21'),
(3454, 5, 63, 59, 0, 0, '2026-02-05 13:45:21', '2026-02-05 13:45:21'),
(3455, 5, 64, 59, 0, 0, '2026-02-05 13:45:21', '2026-02-05 13:45:21'),
(3456, 5, 65, 59, 0, 0, '2026-02-05 13:45:21', '2026-02-05 13:45:21'),
(3457, 6, 62, 48, 0, 0, '2026-02-05 13:45:21', '2026-02-05 13:45:21'),
(3458, 6, 63, 48, 0, 0, '2026-02-05 13:45:21', '2026-02-05 13:45:21'),
(3459, 6, 64, 48, 0, 0, '2026-02-05 13:45:21', '2026-02-05 13:45:21'),
(3460, 6, 65, 48, 0, 0, '2026-02-05 13:45:21', '2026-02-05 13:45:21'),
(3461, 6, 62, 49, 0, 0, '2026-02-05 13:45:21', '2026-02-05 13:45:21'),
(3462, 6, 63, 49, 0, 0, '2026-02-05 13:45:21', '2026-02-05 13:45:21'),
(3463, 6, 64, 49, 0, 0, '2026-02-05 13:45:21', '2026-02-05 13:45:21'),
(3464, 6, 65, 49, 0, 0, '2026-02-05 13:45:21', '2026-02-05 13:45:21'),
(3465, 6, 62, 50, 0, 0, '2026-02-05 13:45:21', '2026-02-05 13:45:21'),
(3466, 6, 63, 50, 0, 0, '2026-02-05 13:45:21', '2026-02-05 13:45:21'),
(3467, 6, 64, 50, 0, 0, '2026-02-05 13:45:21', '2026-02-05 13:45:21'),
(3468, 6, 65, 50, 0, 0, '2026-02-05 13:45:21', '2026-02-05 13:45:21'),
(3469, 6, 62, 51, 0, 0, '2026-02-05 13:45:21', '2026-02-05 13:45:21'),
(3470, 6, 63, 51, 0, 0, '2026-02-05 13:45:21', '2026-02-05 13:45:21'),
(3471, 6, 64, 51, 0, 0, '2026-02-05 13:45:21', '2026-02-05 13:45:21'),
(3472, 6, 65, 51, 0, 0, '2026-02-05 13:45:21', '2026-02-05 13:45:21'),
(3473, 6, 62, 52, 0, 0, '2026-02-05 13:45:21', '2026-02-05 13:45:21'),
(3474, 6, 63, 52, 0, 0, '2026-02-05 13:45:21', '2026-02-05 13:45:21'),
(3475, 6, 64, 52, 0, 0, '2026-02-05 13:45:21', '2026-02-05 13:45:21'),
(3476, 6, 65, 52, 0, 0, '2026-02-05 13:45:21', '2026-02-05 13:45:21'),
(3477, 6, 62, 53, 0, 0, '2026-02-05 13:45:21', '2026-02-05 13:45:21'),
(3478, 6, 63, 53, 0, 0, '2026-02-05 13:45:21', '2026-02-05 13:45:21'),
(3479, 6, 64, 53, 0, 0, '2026-02-05 13:45:21', '2026-02-05 13:45:21'),
(3480, 6, 65, 53, 0, 0, '2026-02-05 13:45:21', '2026-02-05 13:45:21'),
(3481, 6, 62, 54, 0, 0, '2026-02-05 13:45:21', '2026-02-05 13:45:21'),
(3482, 6, 63, 54, 0, 0, '2026-02-05 13:45:21', '2026-02-05 13:45:21'),
(3483, 6, 64, 54, 0, 0, '2026-02-05 13:45:21', '2026-02-05 13:45:21'),
(3484, 6, 65, 54, 0, 0, '2026-02-05 13:45:21', '2026-02-05 13:45:21'),
(3485, 6, 62, 55, 0, 0, '2026-02-05 13:45:21', '2026-02-05 13:45:21'),
(3486, 6, 63, 55, 0, 0, '2026-02-05 13:45:21', '2026-02-05 13:45:21'),
(3487, 6, 64, 55, 0, 0, '2026-02-05 13:45:21', '2026-02-05 13:45:21'),
(3488, 6, 65, 55, 0, 0, '2026-02-05 13:45:21', '2026-02-05 13:45:21'),
(3489, 6, 62, 56, 0, 0, '2026-02-05 13:45:21', '2026-02-05 13:45:21'),
(3490, 6, 63, 56, 0, 0, '2026-02-05 13:45:21', '2026-02-05 13:45:21'),
(3491, 6, 64, 56, 0, 0, '2026-02-05 13:45:21', '2026-02-05 13:45:21'),
(3492, 6, 65, 56, 0, 0, '2026-02-05 13:45:21', '2026-02-05 13:45:21'),
(3493, 6, 62, 57, 0, 0, '2026-02-05 13:45:21', '2026-02-05 13:45:21'),
(3494, 6, 63, 57, 0, 0, '2026-02-05 13:45:21', '2026-02-05 13:45:21'),
(3495, 6, 64, 57, 0, 0, '2026-02-05 13:45:21', '2026-02-05 13:45:21'),
(3496, 6, 65, 57, 0, 0, '2026-02-05 13:45:21', '2026-02-05 13:45:21'),
(3497, 6, 62, 58, 0, 0, '2026-02-05 13:45:21', '2026-02-05 13:45:21'),
(3498, 6, 63, 58, 0, 0, '2026-02-05 13:45:21', '2026-02-05 13:45:21'),
(3499, 6, 64, 58, 0, 0, '2026-02-05 13:45:21', '2026-02-05 13:45:21'),
(3500, 6, 65, 58, 0, 0, '2026-02-05 13:45:21', '2026-02-05 13:45:21'),
(3501, 6, 62, 59, 0, 0, '2026-02-05 13:45:21', '2026-02-05 13:45:21'),
(3502, 6, 63, 59, 0, 0, '2026-02-05 13:45:21', '2026-02-05 13:45:21'),
(3503, 6, 64, 59, 0, 0, '2026-02-05 13:45:21', '2026-02-05 13:45:21'),
(3504, 6, 65, 59, 0, 0, '2026-02-05 13:45:21', '2026-02-05 13:45:21'),
(3505, 4, 70, 48, 0, 0, '2026-02-05 13:45:21', '2026-02-05 13:45:21'),
(3506, 4, 71, 48, 0, 0, '2026-02-05 13:45:21', '2026-02-05 13:45:21'),
(3507, 4, 72, 48, 0, 0, '2026-02-05 13:45:21', '2026-02-05 13:45:21'),
(3508, 4, 73, 48, 0, 0, '2026-02-05 13:45:21', '2026-02-05 13:45:21'),
(3509, 4, 70, 49, 0, 0, '2026-02-05 13:45:21', '2026-02-05 13:45:21'),
(3510, 4, 71, 49, 0, 0, '2026-02-05 13:45:21', '2026-02-05 13:45:21'),
(3511, 4, 72, 49, 0, 0, '2026-02-05 13:45:21', '2026-02-05 13:45:21'),
(3512, 4, 73, 49, 0, 0, '2026-02-05 13:45:21', '2026-02-05 13:45:21'),
(3513, 4, 70, 50, 0, 0, '2026-02-05 13:45:21', '2026-02-05 13:45:21'),
(3514, 4, 71, 50, 0, 0, '2026-02-05 13:45:21', '2026-02-05 13:45:21'),
(3515, 4, 72, 50, 0, 0, '2026-02-05 13:45:21', '2026-02-05 13:45:21'),
(3516, 4, 73, 50, 0, 0, '2026-02-05 13:45:21', '2026-02-05 13:45:21'),
(3517, 4, 70, 51, 0, 0, '2026-02-05 13:45:21', '2026-02-05 13:45:21'),
(3518, 4, 71, 51, 0, 0, '2026-02-05 13:45:21', '2026-02-05 13:45:21'),
(3519, 4, 72, 51, 0, 0, '2026-02-05 13:45:21', '2026-02-05 13:45:21'),
(3520, 4, 73, 51, 0, 0, '2026-02-05 13:45:21', '2026-02-05 13:45:21'),
(3521, 4, 70, 52, 0, 0, '2026-02-05 13:45:21', '2026-02-05 13:45:21'),
(3522, 4, 71, 52, 0, 0, '2026-02-05 13:45:21', '2026-02-05 13:45:21'),
(3523, 4, 72, 52, 0, 0, '2026-02-05 13:45:21', '2026-02-05 13:45:21'),
(3524, 4, 73, 52, 0, 0, '2026-02-05 13:45:21', '2026-02-05 13:45:21'),
(3525, 4, 70, 53, 0, 0, '2026-02-05 13:45:21', '2026-02-05 13:45:21'),
(3526, 4, 71, 53, 0, 0, '2026-02-05 13:45:21', '2026-02-05 13:45:21'),
(3527, 4, 72, 53, 0, 0, '2026-02-05 13:45:21', '2026-02-05 13:45:21'),
(3528, 4, 73, 53, 0, 0, '2026-02-05 13:45:21', '2026-02-05 13:45:21'),
(3529, 4, 70, 54, 0, 0, '2026-02-05 13:45:21', '2026-02-05 13:45:21'),
(3530, 4, 71, 54, 0, 0, '2026-02-05 13:45:21', '2026-02-05 13:45:21'),
(3531, 4, 72, 54, 0, 0, '2026-02-05 13:45:21', '2026-02-05 13:45:21'),
(3532, 4, 73, 54, 0, 0, '2026-02-05 13:45:21', '2026-02-05 13:45:21'),
(3533, 4, 70, 55, 0, 0, '2026-02-05 13:45:21', '2026-02-05 13:45:21'),
(3534, 4, 71, 55, 0, 0, '2026-02-05 13:45:21', '2026-02-05 13:45:21'),
(3535, 4, 72, 55, 0, 0, '2026-02-05 13:45:21', '2026-02-05 13:45:21'),
(3536, 4, 73, 55, 0, 0, '2026-02-05 13:45:21', '2026-02-05 13:45:21'),
(3537, 4, 70, 56, 0, 0, '2026-02-05 13:45:21', '2026-02-05 13:45:21'),
(3538, 4, 71, 56, 0, 0, '2026-02-05 13:45:21', '2026-02-05 13:45:21'),
(3539, 4, 72, 56, 0, 0, '2026-02-05 13:45:21', '2026-02-05 13:45:21'),
(3540, 4, 73, 56, 0, 0, '2026-02-05 13:45:21', '2026-02-05 13:45:21'),
(3541, 4, 70, 57, 0, 0, '2026-02-05 13:45:21', '2026-02-05 13:45:21'),
(3542, 4, 71, 57, 0, 0, '2026-02-05 13:45:21', '2026-02-05 13:45:21'),
(3543, 4, 72, 57, 0, 0, '2026-02-05 13:45:21', '2026-02-05 13:45:21'),
(3544, 4, 73, 57, 0, 0, '2026-02-05 13:45:21', '2026-02-05 13:45:21'),
(3545, 4, 70, 58, 0, 0, '2026-02-05 13:45:21', '2026-02-05 13:45:21'),
(3546, 4, 71, 58, 0, 0, '2026-02-05 13:45:21', '2026-02-05 13:45:21'),
(3547, 4, 72, 58, 0, 0, '2026-02-05 13:45:21', '2026-02-05 13:45:21'),
(3548, 4, 73, 58, 0, 0, '2026-02-05 13:45:21', '2026-02-05 13:45:21'),
(3549, 4, 70, 59, 0, 0, '2026-02-05 13:45:21', '2026-02-05 13:45:21'),
(3550, 4, 71, 59, 0, 0, '2026-02-05 13:45:21', '2026-02-05 13:45:21'),
(3551, 4, 72, 59, 0, 0, '2026-02-05 13:45:21', '2026-02-05 13:45:21'),
(3552, 4, 73, 59, 0, 0, '2026-02-05 13:45:21', '2026-02-05 13:45:21'),
(3553, 5, 70, 48, 0, 0, '2026-02-05 13:45:21', '2026-02-05 13:45:21'),
(3554, 5, 71, 48, 0, 0, '2026-02-05 13:45:21', '2026-02-05 13:45:21'),
(3555, 5, 72, 48, 0, 0, '2026-02-05 13:45:21', '2026-02-05 13:45:21'),
(3556, 5, 73, 48, 0, 0, '2026-02-05 13:45:21', '2026-02-05 13:45:21'),
(3557, 5, 70, 49, 0, 0, '2026-02-05 13:45:21', '2026-02-05 13:45:21'),
(3558, 5, 71, 49, 0, 0, '2026-02-05 13:45:21', '2026-02-05 13:45:21'),
(3559, 5, 72, 49, 0, 0, '2026-02-05 13:45:21', '2026-02-05 13:45:21'),
(3560, 5, 73, 49, 0, 0, '2026-02-05 13:45:21', '2026-02-05 13:45:21'),
(3561, 5, 70, 50, 0, 0, '2026-02-05 13:45:21', '2026-02-05 13:45:21'),
(3562, 5, 71, 50, 0, 0, '2026-02-05 13:45:21', '2026-02-05 13:45:21'),
(3563, 5, 72, 50, 0, 0, '2026-02-05 13:45:21', '2026-02-05 13:45:21'),
(3564, 5, 73, 50, 0, 0, '2026-02-05 13:45:21', '2026-02-05 13:45:21'),
(3565, 5, 70, 51, 0, 0, '2026-02-05 13:45:21', '2026-02-05 13:45:21'),
(3566, 5, 71, 51, 0, 0, '2026-02-05 13:45:21', '2026-02-05 13:45:21'),
(3567, 5, 72, 51, 0, 0, '2026-02-05 13:45:21', '2026-02-05 13:45:21'),
(3568, 5, 73, 51, 0, 0, '2026-02-05 13:45:21', '2026-02-05 13:45:21'),
(3569, 5, 70, 52, 0, 0, '2026-02-05 13:45:21', '2026-02-05 13:45:21'),
(3570, 5, 71, 52, 0, 0, '2026-02-05 13:45:21', '2026-02-05 13:45:21'),
(3571, 5, 72, 52, 0, 0, '2026-02-05 13:45:21', '2026-02-05 13:45:21'),
(3572, 5, 73, 52, 0, 0, '2026-02-05 13:45:21', '2026-02-05 13:45:21'),
(3573, 5, 70, 53, 0, 0, '2026-02-05 13:45:22', '2026-02-05 13:45:22'),
(3574, 5, 71, 53, 0, 0, '2026-02-05 13:45:22', '2026-02-05 13:45:22'),
(3575, 5, 72, 53, 0, 0, '2026-02-05 13:45:22', '2026-02-05 13:45:22'),
(3576, 5, 73, 53, 0, 0, '2026-02-05 13:45:22', '2026-02-05 13:45:22'),
(3577, 5, 70, 54, 0, 0, '2026-02-05 13:45:22', '2026-02-05 13:45:22'),
(3578, 5, 71, 54, 0, 0, '2026-02-05 13:45:22', '2026-02-05 13:45:22'),
(3579, 5, 72, 54, 0, 0, '2026-02-05 13:45:22', '2026-02-05 13:45:22'),
(3580, 5, 73, 54, 0, 0, '2026-02-05 13:45:22', '2026-02-05 13:45:22'),
(3581, 5, 70, 55, 0, 0, '2026-02-05 13:45:22', '2026-02-05 13:45:22'),
(3582, 5, 71, 55, 0, 0, '2026-02-05 13:45:22', '2026-02-05 13:45:22'),
(3583, 5, 72, 55, 0, 0, '2026-02-05 13:45:22', '2026-02-05 13:45:22'),
(3584, 5, 73, 55, 0, 0, '2026-02-05 13:45:22', '2026-02-05 13:45:22'),
(3585, 5, 70, 56, 0, 0, '2026-02-05 13:45:22', '2026-02-05 13:45:22'),
(3586, 5, 71, 56, 0, 0, '2026-02-05 13:45:22', '2026-02-05 13:45:22'),
(3587, 5, 72, 56, 0, 0, '2026-02-05 13:45:22', '2026-02-05 13:45:22'),
(3588, 5, 73, 56, 0, 0, '2026-02-05 13:45:22', '2026-02-05 13:45:22'),
(3589, 5, 70, 57, 0, 0, '2026-02-05 13:45:22', '2026-02-05 13:45:22'),
(3590, 5, 71, 57, 0, 0, '2026-02-05 13:45:22', '2026-02-05 13:45:22'),
(3591, 5, 72, 57, 0, 0, '2026-02-05 13:45:22', '2026-02-05 13:45:22'),
(3592, 5, 73, 57, 0, 0, '2026-02-05 13:45:22', '2026-02-05 13:45:22'),
(3593, 5, 70, 58, 0, 0, '2026-02-05 13:45:22', '2026-02-05 13:45:22'),
(3594, 5, 71, 58, 0, 0, '2026-02-05 13:45:22', '2026-02-05 13:45:22'),
(3595, 5, 72, 58, 0, 0, '2026-02-05 13:45:22', '2026-02-05 13:45:22'),
(3596, 5, 73, 58, 0, 0, '2026-02-05 13:45:22', '2026-02-05 13:45:22'),
(3597, 5, 70, 59, 0, 0, '2026-02-05 13:45:22', '2026-02-05 13:45:22'),
(3598, 5, 71, 59, 0, 0, '2026-02-05 13:45:22', '2026-02-05 13:45:22'),
(3599, 5, 72, 59, 0, 0, '2026-02-05 13:45:22', '2026-02-05 13:45:22'),
(3600, 5, 73, 59, 0, 0, '2026-02-05 13:45:22', '2026-02-05 13:45:22'),
(3601, 6, 70, 48, 0, 0, '2026-02-05 13:45:22', '2026-02-05 13:45:22'),
(3602, 6, 71, 48, 0, 0, '2026-02-05 13:45:22', '2026-02-05 13:45:22'),
(3603, 6, 72, 48, 0, 0, '2026-02-05 13:45:22', '2026-02-05 13:45:22'),
(3604, 6, 73, 48, 0, 0, '2026-02-05 13:45:22', '2026-02-05 13:45:22'),
(3605, 6, 70, 49, 0, 0, '2026-02-05 13:45:22', '2026-02-05 13:45:22'),
(3606, 6, 71, 49, 0, 0, '2026-02-05 13:45:22', '2026-02-05 13:45:22'),
(3607, 6, 72, 49, 0, 0, '2026-02-05 13:45:22', '2026-02-05 13:45:22'),
(3608, 6, 73, 49, 0, 0, '2026-02-05 13:45:22', '2026-02-05 13:45:22'),
(3609, 6, 70, 50, 0, 0, '2026-02-05 13:45:22', '2026-02-05 13:45:22'),
(3610, 6, 71, 50, 0, 0, '2026-02-05 13:45:22', '2026-02-05 13:45:22'),
(3611, 6, 72, 50, 0, 0, '2026-02-05 13:45:22', '2026-02-05 13:45:22'),
(3612, 6, 73, 50, 0, 0, '2026-02-05 13:45:22', '2026-02-05 13:45:22'),
(3613, 6, 70, 51, 0, 0, '2026-02-05 13:45:22', '2026-02-05 13:45:22'),
(3614, 6, 71, 51, 0, 0, '2026-02-05 13:45:22', '2026-02-05 13:45:22'),
(3615, 6, 72, 51, 0, 0, '2026-02-05 13:45:22', '2026-02-05 13:45:22'),
(3616, 6, 73, 51, 0, 0, '2026-02-05 13:45:22', '2026-02-05 13:45:22'),
(3617, 6, 70, 52, 0, 0, '2026-02-05 13:45:22', '2026-02-05 13:45:22'),
(3618, 6, 71, 52, 0, 0, '2026-02-05 13:45:22', '2026-02-05 13:45:22'),
(3619, 6, 72, 52, 0, 0, '2026-02-05 13:45:22', '2026-02-05 13:45:22'),
(3620, 6, 73, 52, 0, 0, '2026-02-05 13:45:22', '2026-02-05 13:45:22'),
(3621, 6, 70, 53, 0, 0, '2026-02-05 13:45:22', '2026-02-05 13:45:22'),
(3622, 6, 71, 53, 0, 0, '2026-02-05 13:45:22', '2026-02-05 13:45:22'),
(3623, 6, 72, 53, 0, 0, '2026-02-05 13:45:22', '2026-02-05 13:45:22'),
(3624, 6, 73, 53, 0, 0, '2026-02-05 13:45:22', '2026-02-05 13:45:22'),
(3625, 6, 70, 54, 0, 0, '2026-02-05 13:45:22', '2026-02-05 13:45:22'),
(3626, 6, 71, 54, 0, 0, '2026-02-05 13:45:22', '2026-02-05 13:45:22'),
(3627, 6, 72, 54, 0, 0, '2026-02-05 13:45:22', '2026-02-05 13:45:22'),
(3628, 6, 73, 54, 0, 0, '2026-02-05 13:45:22', '2026-02-05 13:45:22'),
(3629, 6, 70, 55, 0, 0, '2026-02-05 13:45:22', '2026-02-05 13:45:22'),
(3630, 6, 71, 55, 0, 0, '2026-02-05 13:45:22', '2026-02-05 13:45:22'),
(3631, 6, 72, 55, 0, 0, '2026-02-05 13:45:22', '2026-02-05 13:45:22'),
(3632, 6, 73, 55, 0, 0, '2026-02-05 13:45:22', '2026-02-05 13:45:22'),
(3633, 6, 70, 56, 0, 0, '2026-02-05 13:45:22', '2026-02-05 13:45:22'),
(3634, 6, 71, 56, 0, 0, '2026-02-05 13:45:22', '2026-02-05 13:45:22'),
(3635, 6, 72, 56, 0, 0, '2026-02-05 13:45:22', '2026-02-05 13:45:22'),
(3636, 6, 73, 56, 0, 0, '2026-02-05 13:45:22', '2026-02-05 13:45:22'),
(3637, 6, 70, 57, 0, 0, '2026-02-05 13:45:22', '2026-02-05 13:45:22'),
(3638, 6, 71, 57, 0, 0, '2026-02-05 13:45:22', '2026-02-05 13:45:22'),
(3639, 6, 72, 57, 0, 0, '2026-02-05 13:45:22', '2026-02-05 13:45:22'),
(3640, 6, 73, 57, 0, 0, '2026-02-05 13:45:22', '2026-02-05 13:45:22'),
(3641, 6, 70, 58, 0, 0, '2026-02-05 13:45:22', '2026-02-05 13:45:22'),
(3642, 6, 71, 58, 0, 0, '2026-02-05 13:45:22', '2026-02-05 13:45:22'),
(3643, 6, 72, 58, 0, 0, '2026-02-05 13:45:22', '2026-02-05 13:45:22'),
(3644, 6, 73, 58, 0, 0, '2026-02-05 13:45:22', '2026-02-05 13:45:22'),
(3645, 6, 70, 59, 0, 0, '2026-02-05 13:45:22', '2026-02-05 13:45:22'),
(3646, 6, 71, 59, 0, 0, '2026-02-05 13:45:22', '2026-02-05 13:45:22'),
(3647, 6, 72, 59, 0, 0, '2026-02-05 13:45:22', '2026-02-05 13:45:22'),
(3648, 6, 73, 59, 0, 0, '2026-02-05 13:45:22', '2026-02-05 13:45:22'),
(3649, 4, 78, 48, 0, 0, '2026-02-05 13:45:22', '2026-02-05 13:45:22'),
(3650, 4, 79, 48, 0, 0, '2026-02-05 13:45:22', '2026-02-05 13:45:22'),
(3651, 4, 80, 48, 0, 0, '2026-02-05 13:45:22', '2026-02-05 13:45:22'),
(3652, 4, 81, 48, 0, 0, '2026-02-05 13:45:22', '2026-02-05 13:45:22'),
(3653, 4, 78, 49, 0, 0, '2026-02-05 13:45:22', '2026-02-05 13:45:22'),
(3654, 4, 79, 49, 0, 0, '2026-02-05 13:45:22', '2026-02-05 13:45:22'),
(3655, 4, 80, 49, 0, 0, '2026-02-05 13:45:22', '2026-02-05 13:45:22'),
(3656, 4, 81, 49, 0, 0, '2026-02-05 13:45:22', '2026-02-05 13:45:22'),
(3657, 4, 78, 50, 0, 0, '2026-02-05 13:45:22', '2026-02-05 13:45:22'),
(3658, 4, 79, 50, 0, 0, '2026-02-05 13:45:22', '2026-02-05 13:45:22'),
(3659, 4, 80, 50, 0, 0, '2026-02-05 13:45:22', '2026-02-05 13:45:22'),
(3660, 4, 81, 50, 0, 0, '2026-02-05 13:45:22', '2026-02-05 13:45:22'),
(3661, 4, 78, 51, 0, 0, '2026-02-05 13:45:22', '2026-02-05 13:45:22'),
(3662, 4, 79, 51, 0, 0, '2026-02-05 13:45:22', '2026-02-05 13:45:22'),
(3663, 4, 80, 51, 0, 0, '2026-02-05 13:45:22', '2026-02-05 13:45:22'),
(3664, 4, 81, 51, 0, 0, '2026-02-05 13:45:22', '2026-02-05 13:45:22'),
(3665, 4, 78, 52, 0, 0, '2026-02-05 13:45:22', '2026-02-05 13:45:22'),
(3666, 4, 79, 52, 0, 0, '2026-02-05 13:45:22', '2026-02-05 13:45:22'),
(3667, 4, 80, 52, 0, 0, '2026-02-05 13:45:22', '2026-02-05 13:45:22'),
(3668, 4, 81, 52, 0, 0, '2026-02-05 13:45:22', '2026-02-05 13:45:22'),
(3669, 4, 78, 53, 0, 0, '2026-02-05 13:45:22', '2026-02-05 13:45:22'),
(3670, 4, 79, 53, 0, 0, '2026-02-05 13:45:22', '2026-02-05 13:45:22'),
(3671, 4, 80, 53, 0, 0, '2026-02-05 13:45:22', '2026-02-05 13:45:22'),
(3672, 4, 81, 53, 0, 0, '2026-02-05 13:45:22', '2026-02-05 13:45:22'),
(3673, 4, 78, 54, 0, 0, '2026-02-05 13:45:22', '2026-02-05 13:45:22'),
(3674, 4, 79, 54, 0, 0, '2026-02-05 13:45:22', '2026-02-05 13:45:22'),
(3675, 4, 80, 54, 0, 0, '2026-02-05 13:45:22', '2026-02-05 13:45:22'),
(3676, 4, 81, 54, 0, 0, '2026-02-05 13:45:22', '2026-02-05 13:45:22'),
(3677, 4, 78, 55, 0, 0, '2026-02-05 13:45:22', '2026-02-05 13:45:22'),
(3678, 4, 79, 55, 0, 0, '2026-02-05 13:45:22', '2026-02-05 13:45:22'),
(3679, 4, 80, 55, 0, 0, '2026-02-05 13:45:22', '2026-02-05 13:45:22'),
(3680, 4, 81, 55, 0, 0, '2026-02-05 13:45:22', '2026-02-05 13:45:22'),
(3681, 4, 78, 56, 0, 0, '2026-02-05 13:45:22', '2026-02-05 13:45:22'),
(3682, 4, 79, 56, 0, 0, '2026-02-05 13:45:22', '2026-02-05 13:45:22'),
(3683, 4, 80, 56, 0, 0, '2026-02-05 13:45:22', '2026-02-05 13:45:22'),
(3684, 4, 81, 56, 0, 0, '2026-02-05 13:45:22', '2026-02-05 13:45:22'),
(3685, 4, 78, 57, 0, 0, '2026-02-05 13:45:22', '2026-02-05 13:45:22'),
(3686, 4, 79, 57, 0, 0, '2026-02-05 13:45:22', '2026-02-05 13:45:22'),
(3687, 4, 80, 57, 0, 0, '2026-02-05 13:45:22', '2026-02-05 13:45:22'),
(3688, 4, 81, 57, 0, 0, '2026-02-05 13:45:22', '2026-02-05 13:45:22'),
(3689, 4, 78, 58, 0, 0, '2026-02-05 13:45:22', '2026-02-05 13:45:22'),
(3690, 4, 79, 58, 0, 0, '2026-02-05 13:45:22', '2026-02-05 13:45:22'),
(3691, 4, 80, 58, 0, 0, '2026-02-05 13:45:22', '2026-02-05 13:45:22'),
(3692, 4, 81, 58, 0, 0, '2026-02-05 13:45:22', '2026-02-05 13:45:22'),
(3693, 4, 78, 59, 0, 0, '2026-02-05 13:45:22', '2026-02-05 13:45:22'),
(3694, 4, 79, 59, 0, 0, '2026-02-05 13:45:22', '2026-02-05 13:45:22'),
(3695, 4, 80, 59, 0, 0, '2026-02-05 13:45:22', '2026-02-05 13:45:22'),
(3696, 4, 81, 59, 0, 0, '2026-02-05 13:45:22', '2026-02-05 13:45:22'),
(3697, 5, 78, 48, 0, 0, '2026-02-05 13:45:22', '2026-02-05 13:45:22'),
(3698, 5, 79, 48, 0, 0, '2026-02-05 13:45:22', '2026-02-05 13:45:22'),
(3699, 5, 80, 48, 0, 0, '2026-02-05 13:45:22', '2026-02-05 13:45:22'),
(3700, 5, 81, 48, 0, 0, '2026-02-05 13:45:22', '2026-02-05 13:45:22'),
(3701, 5, 78, 49, 0, 0, '2026-02-05 13:45:22', '2026-02-05 13:45:22'),
(3702, 5, 79, 49, 0, 0, '2026-02-05 13:45:22', '2026-02-05 13:45:22'),
(3703, 5, 80, 49, 0, 0, '2026-02-05 13:45:22', '2026-02-05 13:45:22'),
(3704, 5, 81, 49, 0, 0, '2026-02-05 13:45:22', '2026-02-05 13:45:22'),
(3705, 5, 78, 50, 0, 0, '2026-02-05 13:45:22', '2026-02-05 13:45:22'),
(3706, 5, 79, 50, 0, 0, '2026-02-05 13:45:22', '2026-02-05 13:45:22'),
(3707, 5, 80, 50, 0, 0, '2026-02-05 13:45:22', '2026-02-05 13:45:22'),
(3708, 5, 81, 50, 0, 0, '2026-02-05 13:45:22', '2026-02-05 13:45:22'),
(3709, 5, 78, 51, 0, 0, '2026-02-05 13:45:22', '2026-02-05 13:45:22'),
(3710, 5, 79, 51, 0, 0, '2026-02-05 13:45:22', '2026-02-05 13:45:22'),
(3711, 5, 80, 51, 0, 0, '2026-02-05 13:45:22', '2026-02-05 13:45:22'),
(3712, 5, 81, 51, 0, 0, '2026-02-05 13:45:22', '2026-02-05 13:45:22'),
(3713, 5, 78, 52, 0, 0, '2026-02-05 13:45:22', '2026-02-05 13:45:22'),
(3714, 5, 79, 52, 0, 0, '2026-02-05 13:45:22', '2026-02-05 13:45:22'),
(3715, 5, 80, 52, 0, 0, '2026-02-05 13:45:22', '2026-02-05 13:45:22'),
(3716, 5, 81, 52, 0, 0, '2026-02-05 13:45:22', '2026-02-05 13:45:22'),
(3717, 5, 78, 53, 0, 0, '2026-02-05 13:45:22', '2026-02-05 13:45:22'),
(3718, 5, 79, 53, 0, 0, '2026-02-05 13:45:22', '2026-02-05 13:45:22'),
(3719, 5, 80, 53, 0, 0, '2026-02-05 13:45:22', '2026-02-05 13:45:22'),
(3720, 5, 81, 53, 0, 0, '2026-02-05 13:45:22', '2026-02-05 13:45:22'),
(3721, 5, 78, 54, 0, 0, '2026-02-05 13:45:22', '2026-02-05 13:45:22'),
(3722, 5, 79, 54, 0, 0, '2026-02-05 13:45:22', '2026-02-05 13:45:22'),
(3723, 5, 80, 54, 0, 0, '2026-02-05 13:45:22', '2026-02-05 13:45:22'),
(3724, 5, 81, 54, 0, 0, '2026-02-05 13:45:22', '2026-02-05 13:45:22'),
(3725, 5, 78, 55, 0, 0, '2026-02-05 13:45:22', '2026-02-05 13:45:22'),
(3726, 5, 79, 55, 0, 0, '2026-02-05 13:45:22', '2026-02-05 13:45:22'),
(3727, 5, 80, 55, 0, 0, '2026-02-05 13:45:22', '2026-02-05 13:45:22'),
(3728, 5, 81, 55, 0, 0, '2026-02-05 13:45:22', '2026-02-05 13:45:22'),
(3729, 5, 78, 56, 0, 0, '2026-02-05 13:45:22', '2026-02-05 13:45:22'),
(3730, 5, 79, 56, 0, 0, '2026-02-05 13:45:22', '2026-02-05 13:45:22'),
(3731, 5, 80, 56, 0, 0, '2026-02-05 13:45:22', '2026-02-05 13:45:22'),
(3732, 5, 81, 56, 0, 0, '2026-02-05 13:45:22', '2026-02-05 13:45:22'),
(3733, 5, 78, 57, 0, 0, '2026-02-05 13:45:23', '2026-02-05 13:45:23'),
(3734, 5, 79, 57, 0, 0, '2026-02-05 13:45:23', '2026-02-05 13:45:23'),
(3735, 5, 80, 57, 0, 0, '2026-02-05 13:45:23', '2026-02-05 13:45:23'),
(3736, 5, 81, 57, 0, 0, '2026-02-05 13:45:23', '2026-02-05 13:45:23'),
(3737, 5, 78, 58, 0, 0, '2026-02-05 13:45:23', '2026-02-05 13:45:23'),
(3738, 5, 79, 58, 0, 0, '2026-02-05 13:45:23', '2026-02-05 13:45:23'),
(3739, 5, 80, 58, 0, 0, '2026-02-05 13:45:23', '2026-02-05 13:45:23'),
(3740, 5, 81, 58, 0, 0, '2026-02-05 13:45:23', '2026-02-05 13:45:23'),
(3741, 5, 78, 59, 0, 0, '2026-02-05 13:45:23', '2026-02-05 13:45:23'),
(3742, 5, 79, 59, 0, 0, '2026-02-05 13:45:23', '2026-02-05 13:45:23'),
(3743, 5, 80, 59, 0, 0, '2026-02-05 13:45:23', '2026-02-05 13:45:23'),
(3744, 5, 81, 59, 0, 0, '2026-02-05 13:45:23', '2026-02-05 13:45:23'),
(3745, 6, 78, 48, 0, 0, '2026-02-05 13:45:23', '2026-02-05 13:45:23'),
(3746, 6, 79, 48, 0, 0, '2026-02-05 13:45:23', '2026-02-05 13:45:23'),
(3747, 6, 80, 48, 0, 0, '2026-02-05 13:45:23', '2026-02-05 13:45:23'),
(3748, 6, 81, 48, 0, 0, '2026-02-05 13:45:23', '2026-02-05 13:45:23'),
(3749, 6, 78, 49, 0, 0, '2026-02-05 13:45:23', '2026-02-05 13:45:23'),
(3750, 6, 79, 49, 0, 0, '2026-02-05 13:45:23', '2026-02-05 13:45:23'),
(3751, 6, 80, 49, 0, 0, '2026-02-05 13:45:23', '2026-02-05 13:45:23'),
(3752, 6, 81, 49, 0, 0, '2026-02-05 13:45:23', '2026-02-05 13:45:23'),
(3753, 6, 78, 50, 0, 0, '2026-02-05 13:45:23', '2026-02-05 13:45:23'),
(3754, 6, 79, 50, 0, 0, '2026-02-05 13:45:23', '2026-02-05 13:45:23'),
(3755, 6, 80, 50, 0, 0, '2026-02-05 13:45:23', '2026-02-05 13:45:23'),
(3756, 6, 81, 50, 0, 0, '2026-02-05 13:45:23', '2026-02-05 13:45:23'),
(3757, 6, 78, 51, 0, 0, '2026-02-05 13:45:23', '2026-02-05 13:45:23'),
(3758, 6, 79, 51, 0, 0, '2026-02-05 13:45:23', '2026-02-05 13:45:23'),
(3759, 6, 80, 51, 0, 0, '2026-02-05 13:45:23', '2026-02-05 13:45:23'),
(3760, 6, 81, 51, 0, 0, '2026-02-05 13:45:23', '2026-02-05 13:45:23'),
(3761, 6, 78, 52, 0, 0, '2026-02-05 13:45:23', '2026-02-05 13:45:23'),
(3762, 6, 79, 52, 0, 0, '2026-02-05 13:45:23', '2026-02-05 13:45:23'),
(3763, 6, 80, 52, 0, 0, '2026-02-05 13:45:23', '2026-02-05 13:45:23'),
(3764, 6, 81, 52, 0, 0, '2026-02-05 13:45:23', '2026-02-05 13:45:23'),
(3765, 6, 78, 53, 0, 0, '2026-02-05 13:45:23', '2026-02-05 13:45:23'),
(3766, 6, 79, 53, 0, 0, '2026-02-05 13:45:23', '2026-02-05 13:45:23'),
(3767, 6, 80, 53, 0, 0, '2026-02-05 13:45:23', '2026-02-05 13:45:23'),
(3768, 6, 81, 53, 0, 0, '2026-02-05 13:45:23', '2026-02-05 13:45:23'),
(3769, 6, 78, 54, 0, 0, '2026-02-05 13:45:23', '2026-02-05 13:45:23'),
(3770, 6, 79, 54, 0, 0, '2026-02-05 13:45:23', '2026-02-05 13:45:23'),
(3771, 6, 80, 54, 0, 0, '2026-02-05 13:45:23', '2026-02-05 13:45:23'),
(3772, 6, 81, 54, 0, 0, '2026-02-05 13:45:23', '2026-02-05 13:45:23'),
(3773, 6, 78, 55, 0, 0, '2026-02-05 13:45:23', '2026-02-05 13:45:23'),
(3774, 6, 79, 55, 0, 0, '2026-02-05 13:45:23', '2026-02-05 13:45:23'),
(3775, 6, 80, 55, 0, 0, '2026-02-05 13:45:23', '2026-02-05 13:45:23'),
(3776, 6, 81, 55, 0, 0, '2026-02-05 13:45:23', '2026-02-05 13:45:23'),
(3777, 6, 78, 56, 0, 0, '2026-02-05 13:45:23', '2026-02-05 13:45:23'),
(3778, 6, 79, 56, 0, 0, '2026-02-05 13:45:23', '2026-02-05 13:45:23'),
(3779, 6, 80, 56, 0, 0, '2026-02-05 13:45:23', '2026-02-05 13:45:23'),
(3780, 6, 81, 56, 0, 0, '2026-02-05 13:45:23', '2026-02-05 13:45:23'),
(3781, 6, 78, 57, 0, 0, '2026-02-05 13:45:23', '2026-02-05 13:45:23'),
(3782, 6, 79, 57, 0, 0, '2026-02-05 13:45:23', '2026-02-05 13:45:23'),
(3783, 6, 80, 57, 0, 0, '2026-02-05 13:45:23', '2026-02-05 13:45:23'),
(3784, 6, 81, 57, 0, 0, '2026-02-05 13:45:23', '2026-02-05 13:45:23'),
(3785, 6, 78, 58, 0, 0, '2026-02-05 13:45:23', '2026-02-05 13:45:23'),
(3786, 6, 79, 58, 0, 0, '2026-02-05 13:45:23', '2026-02-05 13:45:23'),
(3787, 6, 80, 58, 0, 0, '2026-02-05 13:45:23', '2026-02-05 13:45:23'),
(3788, 6, 81, 58, 0, 0, '2026-02-05 13:45:23', '2026-02-05 13:45:23'),
(3789, 6, 78, 59, 0, 0, '2026-02-05 13:45:23', '2026-02-05 13:45:23'),
(3790, 6, 79, 59, 0, 0, '2026-02-05 13:45:23', '2026-02-05 13:45:23'),
(3791, 6, 80, 59, 0, 0, '2026-02-05 13:45:23', '2026-02-05 13:45:23'),
(3792, 6, 81, 59, 0, 0, '2026-02-05 13:45:23', '2026-02-05 13:45:23'),
(3793, 1, 58, 23, 0, 0, '2026-02-06 09:41:02', '2026-02-06 09:41:02'),
(3794, 1, 59, 23, 0, 0, '2026-02-06 09:41:02', '2026-02-06 09:41:02'),
(3795, 1, 60, 23, 0, 0, '2026-02-06 09:41:02', '2026-02-06 09:41:02'),
(3796, 1, 61, 23, 0, 0, '2026-02-06 09:41:02', '2026-02-06 09:41:02'),
(3797, 1, 58, 25, 0, 0, '2026-02-06 09:41:02', '2026-02-06 09:41:02'),
(3798, 1, 59, 25, 0, 0, '2026-02-06 09:41:02', '2026-02-06 09:41:02'),
(3799, 1, 60, 25, 0, 0, '2026-02-06 09:41:02', '2026-02-06 09:41:02'),
(3800, 1, 61, 25, 0, 0, '2026-02-06 09:41:02', '2026-02-06 09:41:02'),
(3801, 1, 58, 27, 0, 0, '2026-02-06 09:41:02', '2026-02-06 09:41:02'),
(3802, 1, 59, 27, 0, 0, '2026-02-06 09:41:02', '2026-02-06 09:41:02'),
(3803, 1, 60, 27, 0, 0, '2026-02-06 09:41:02', '2026-02-06 09:41:02'),
(3804, 1, 61, 27, 0, 0, '2026-02-06 09:41:02', '2026-02-06 09:41:02'),
(3805, 1, 58, 39, 0, 0, '2026-02-06 09:41:02', '2026-02-06 09:41:02'),
(3806, 1, 59, 39, 0, 0, '2026-02-06 09:41:02', '2026-02-06 09:41:02'),
(3807, 1, 60, 39, 0, 0, '2026-02-06 09:41:02', '2026-02-06 09:41:02'),
(3808, 1, 61, 39, 0, 0, '2026-02-06 09:41:02', '2026-02-06 09:41:02'),
(3809, 1, 58, 40, 0, 0, '2026-02-06 09:41:02', '2026-02-06 09:41:02'),
(3810, 1, 59, 40, 0, 0, '2026-02-06 09:41:02', '2026-02-06 09:41:02'),
(3811, 1, 60, 40, 0, 0, '2026-02-06 09:41:02', '2026-02-06 09:41:02'),
(3812, 1, 61, 40, 0, 0, '2026-02-06 09:41:02', '2026-02-06 09:41:02'),
(3813, 1, 58, 41, 0, 0, '2026-02-06 09:41:02', '2026-02-06 09:41:02'),
(3814, 1, 59, 41, 0, 0, '2026-02-06 09:41:02', '2026-02-06 09:41:02'),
(3815, 1, 60, 41, 0, 0, '2026-02-06 09:41:02', '2026-02-06 09:41:02'),
(3816, 1, 61, 41, 0, 0, '2026-02-06 09:41:02', '2026-02-06 09:41:02'),
(3817, 1, 58, 42, 0, 0, '2026-02-06 09:41:02', '2026-02-06 09:41:02'),
(3818, 1, 59, 42, 0, 0, '2026-02-06 09:41:02', '2026-02-06 09:41:02'),
(3819, 1, 60, 42, 0, 0, '2026-02-06 09:41:02', '2026-02-06 09:41:02'),
(3820, 1, 61, 42, 0, 0, '2026-02-06 09:41:02', '2026-02-06 09:41:02'),
(3821, 1, 58, 43, 0, 0, '2026-02-06 09:41:02', '2026-02-06 09:41:02'),
(3822, 1, 59, 43, 0, 0, '2026-02-06 09:41:02', '2026-02-06 09:41:02'),
(3823, 1, 60, 43, 0, 0, '2026-02-06 09:41:02', '2026-02-06 09:41:02'),
(3824, 1, 61, 43, 0, 0, '2026-02-06 09:41:02', '2026-02-06 09:41:02'),
(3825, 1, 58, 44, 0, 0, '2026-02-06 09:41:02', '2026-02-06 09:41:02'),
(3826, 1, 59, 44, 0, 0, '2026-02-06 09:41:02', '2026-02-06 09:41:02'),
(3827, 1, 60, 44, 0, 0, '2026-02-06 09:41:02', '2026-02-06 09:41:02'),
(3828, 1, 61, 44, 0, 0, '2026-02-06 09:41:02', '2026-02-06 09:41:02'),
(3829, 1, 58, 45, 0, 0, '2026-02-06 09:41:02', '2026-02-06 09:41:02'),
(3830, 1, 59, 45, 0, 0, '2026-02-06 09:41:02', '2026-02-06 09:41:02'),
(3831, 1, 60, 45, 0, 0, '2026-02-06 09:41:02', '2026-02-06 09:41:02'),
(3832, 1, 61, 45, 0, 0, '2026-02-06 09:41:02', '2026-02-06 09:41:02'),
(3833, 1, 58, 46, 0, 0, '2026-02-06 09:41:02', '2026-02-06 09:41:02'),
(3834, 1, 59, 46, 0, 0, '2026-02-06 09:41:02', '2026-02-06 09:41:02'),
(3835, 1, 60, 46, 0, 0, '2026-02-06 09:41:02', '2026-02-06 09:41:02'),
(3836, 1, 61, 46, 0, 0, '2026-02-06 09:41:02', '2026-02-06 09:41:02'),
(3837, 1, 58, 47, 0, 0, '2026-02-06 09:41:02', '2026-02-06 09:41:02'),
(3838, 1, 59, 47, 0, 0, '2026-02-06 09:41:02', '2026-02-06 09:41:02'),
(3839, 1, 60, 47, 0, 0, '2026-02-06 09:41:02', '2026-02-06 09:41:02'),
(3840, 1, 61, 47, 0, 0, '2026-02-06 09:41:02', '2026-02-06 09:41:02'),
(3841, 2, 58, 23, 0, 0, '2026-02-06 09:41:02', '2026-02-06 09:41:02'),
(3842, 2, 59, 23, 0, 0, '2026-02-06 09:41:02', '2026-02-06 09:41:02'),
(3843, 2, 60, 23, 0, 0, '2026-02-06 09:41:02', '2026-02-06 09:41:02'),
(3844, 2, 61, 23, 0, 0, '2026-02-06 09:41:02', '2026-02-06 09:41:02'),
(3845, 2, 58, 25, 0, 0, '2026-02-06 09:41:02', '2026-02-06 09:41:02'),
(3846, 2, 59, 25, 0, 0, '2026-02-06 09:41:02', '2026-02-06 09:41:02'),
(3847, 2, 60, 25, 0, 0, '2026-02-06 09:41:02', '2026-02-06 09:41:02'),
(3848, 2, 61, 25, 0, 0, '2026-02-06 09:41:03', '2026-02-06 09:41:03'),
(3849, 2, 58, 27, 0, 0, '2026-02-06 09:41:03', '2026-02-06 09:41:03'),
(3850, 2, 59, 27, 0, 0, '2026-02-06 09:41:03', '2026-02-06 09:41:03'),
(3851, 2, 60, 27, 0, 0, '2026-02-06 09:41:03', '2026-02-06 09:41:03'),
(3852, 2, 61, 27, 0, 0, '2026-02-06 09:41:03', '2026-02-06 09:41:03'),
(3853, 2, 58, 39, 0, 0, '2026-02-06 09:41:03', '2026-02-06 09:41:03'),
(3854, 2, 59, 39, 0, 0, '2026-02-06 09:41:03', '2026-02-06 09:41:03'),
(3855, 2, 60, 39, 0, 0, '2026-02-06 09:41:03', '2026-02-06 09:41:03'),
(3856, 2, 61, 39, 0, 0, '2026-02-06 09:41:03', '2026-02-06 09:41:03'),
(3857, 2, 58, 40, 0, 0, '2026-02-06 09:41:03', '2026-02-06 09:41:03'),
(3858, 2, 59, 40, 0, 0, '2026-02-06 09:41:03', '2026-02-06 09:41:03'),
(3859, 2, 60, 40, 0, 0, '2026-02-06 09:41:03', '2026-02-06 09:41:03'),
(3860, 2, 61, 40, 0, 0, '2026-02-06 09:41:03', '2026-02-06 09:41:03'),
(3861, 2, 58, 41, 0, 0, '2026-02-06 09:41:03', '2026-02-06 09:41:03'),
(3862, 2, 59, 41, 0, 0, '2026-02-06 09:41:03', '2026-02-06 09:41:03'),
(3863, 2, 60, 41, 0, 0, '2026-02-06 09:41:03', '2026-02-06 09:41:03'),
(3864, 2, 61, 41, 0, 0, '2026-02-06 09:41:03', '2026-02-06 09:41:03'),
(3865, 2, 58, 42, 0, 0, '2026-02-06 09:41:03', '2026-02-06 09:41:03'),
(3866, 2, 59, 42, 0, 0, '2026-02-06 09:41:03', '2026-02-06 09:41:03'),
(3867, 2, 60, 42, 0, 0, '2026-02-06 09:41:03', '2026-02-06 09:41:03'),
(3868, 2, 61, 42, 0, 0, '2026-02-06 09:41:03', '2026-02-06 09:41:03'),
(3869, 2, 58, 43, 0, 0, '2026-02-06 09:41:03', '2026-02-06 09:41:03'),
(3870, 2, 59, 43, 0, 0, '2026-02-06 09:41:03', '2026-02-06 09:41:03'),
(3871, 2, 60, 43, 0, 0, '2026-02-06 09:41:03', '2026-02-06 09:41:03'),
(3872, 2, 61, 43, 0, 0, '2026-02-06 09:41:03', '2026-02-06 09:41:03'),
(3873, 2, 58, 44, 0, 0, '2026-02-06 09:41:03', '2026-02-06 09:41:03'),
(3874, 2, 59, 44, 0, 0, '2026-02-06 09:41:03', '2026-02-06 09:41:03'),
(3875, 2, 60, 44, 0, 0, '2026-02-06 09:41:03', '2026-02-06 09:41:03'),
(3876, 2, 61, 44, 0, 0, '2026-02-06 09:41:03', '2026-02-06 09:41:03'),
(3877, 2, 58, 45, 0, 0, '2026-02-06 09:41:03', '2026-02-06 09:41:03'),
(3878, 2, 59, 45, 0, 0, '2026-02-06 09:41:03', '2026-02-06 09:41:03'),
(3879, 2, 60, 45, 0, 0, '2026-02-06 09:41:03', '2026-02-06 09:41:03'),
(3880, 2, 61, 45, 0, 0, '2026-02-06 09:41:03', '2026-02-06 09:41:03'),
(3881, 2, 58, 46, 0, 0, '2026-02-06 09:41:03', '2026-02-06 09:41:03'),
(3882, 2, 59, 46, 0, 0, '2026-02-06 09:41:03', '2026-02-06 09:41:03'),
(3883, 2, 60, 46, 0, 0, '2026-02-06 09:41:03', '2026-02-06 09:41:03'),
(3884, 2, 61, 46, 0, 0, '2026-02-06 09:41:03', '2026-02-06 09:41:03'),
(3885, 2, 58, 47, 0, 0, '2026-02-06 09:41:03', '2026-02-06 09:41:03'),
(3886, 2, 59, 47, 0, 0, '2026-02-06 09:41:03', '2026-02-06 09:41:03'),
(3887, 2, 60, 47, 0, 0, '2026-02-06 09:41:03', '2026-02-06 09:41:03'),
(3888, 2, 61, 47, 0, 0, '2026-02-06 09:41:03', '2026-02-06 09:41:03'),
(3889, 3, 58, 23, 0, 0, '2026-02-06 09:41:03', '2026-02-06 09:41:03'),
(3890, 3, 59, 23, 0, 0, '2026-02-06 09:41:03', '2026-02-06 09:41:03'),
(3891, 3, 60, 23, 0, 0, '2026-02-06 09:41:03', '2026-02-06 09:41:03'),
(3892, 3, 61, 23, 0, 0, '2026-02-06 09:41:03', '2026-02-06 09:41:03'),
(3893, 3, 58, 25, 0, 0, '2026-02-06 09:41:03', '2026-02-06 09:41:03'),
(3894, 3, 59, 25, 0, 0, '2026-02-06 09:41:03', '2026-02-06 09:41:03'),
(3895, 3, 60, 25, 0, 0, '2026-02-06 09:41:03', '2026-02-06 09:41:03'),
(3896, 3, 61, 25, 0, 0, '2026-02-06 09:41:03', '2026-02-06 09:41:03'),
(3897, 3, 58, 27, 0, 0, '2026-02-06 09:41:03', '2026-02-06 09:41:03'),
(3898, 3, 59, 27, 0, 0, '2026-02-06 09:41:03', '2026-02-06 09:41:03'),
(3899, 3, 60, 27, 0, 0, '2026-02-06 09:41:03', '2026-02-06 09:41:03'),
(3900, 3, 61, 27, 0, 0, '2026-02-06 09:41:03', '2026-02-06 09:41:03'),
(3901, 3, 58, 39, 0, 0, '2026-02-06 09:41:03', '2026-02-06 09:41:03'),
(3902, 3, 59, 39, 0, 0, '2026-02-06 09:41:03', '2026-02-06 09:41:03'),
(3903, 3, 60, 39, 0, 0, '2026-02-06 09:41:03', '2026-02-06 09:41:03'),
(3904, 3, 61, 39, 0, 0, '2026-02-06 09:41:03', '2026-02-06 09:41:03'),
(3905, 3, 58, 40, 0, 0, '2026-02-06 09:41:03', '2026-02-06 09:41:03'),
(3906, 3, 59, 40, 0, 0, '2026-02-06 09:41:03', '2026-02-06 09:41:03'),
(3907, 3, 60, 40, 0, 0, '2026-02-06 09:41:03', '2026-02-06 09:41:03'),
(3908, 3, 61, 40, 0, 0, '2026-02-06 09:41:03', '2026-02-06 09:41:03'),
(3909, 3, 58, 41, 0, 0, '2026-02-06 09:41:03', '2026-02-06 09:41:03'),
(3910, 3, 59, 41, 0, 0, '2026-02-06 09:41:03', '2026-02-06 09:41:03'),
(3911, 3, 60, 41, 0, 0, '2026-02-06 09:41:03', '2026-02-06 09:41:03'),
(3912, 3, 61, 41, 0, 0, '2026-02-06 09:41:03', '2026-02-06 09:41:03'),
(3913, 3, 58, 42, 0, 0, '2026-02-06 09:41:03', '2026-02-06 09:41:03'),
(3914, 3, 59, 42, 0, 0, '2026-02-06 09:41:03', '2026-02-06 09:41:03'),
(3915, 3, 60, 42, 0, 0, '2026-02-06 09:41:03', '2026-02-06 09:41:03'),
(3916, 3, 61, 42, 0, 0, '2026-02-06 09:41:03', '2026-02-06 09:41:03'),
(3917, 3, 58, 43, 0, 0, '2026-02-06 09:41:03', '2026-02-06 09:41:03'),
(3918, 3, 59, 43, 0, 0, '2026-02-06 09:41:03', '2026-02-06 09:41:03'),
(3919, 3, 60, 43, 0, 0, '2026-02-06 09:41:03', '2026-02-06 09:41:03'),
(3920, 3, 61, 43, 0, 0, '2026-02-06 09:41:03', '2026-02-06 09:41:03'),
(3921, 3, 58, 44, 0, 0, '2026-02-06 09:41:03', '2026-02-06 09:41:03'),
(3922, 3, 59, 44, 0, 0, '2026-02-06 09:41:03', '2026-02-06 09:41:03'),
(3923, 3, 60, 44, 0, 0, '2026-02-06 09:41:03', '2026-02-06 09:41:03'),
(3924, 3, 61, 44, 0, 0, '2026-02-06 09:41:03', '2026-02-06 09:41:03'),
(3925, 3, 58, 45, 0, 0, '2026-02-06 09:41:03', '2026-02-06 09:41:03'),
(3926, 3, 59, 45, 0, 0, '2026-02-06 09:41:03', '2026-02-06 09:41:03'),
(3927, 3, 60, 45, 0, 0, '2026-02-06 09:41:03', '2026-02-06 09:41:03'),
(3928, 3, 61, 45, 0, 0, '2026-02-06 09:41:03', '2026-02-06 09:41:03'),
(3929, 3, 58, 46, 0, 0, '2026-02-06 09:41:03', '2026-02-06 09:41:03'),
(3930, 3, 59, 46, 0, 0, '2026-02-06 09:41:03', '2026-02-06 09:41:03'),
(3931, 3, 60, 46, 0, 0, '2026-02-06 09:41:03', '2026-02-06 09:41:03'),
(3932, 3, 61, 46, 0, 0, '2026-02-06 09:41:03', '2026-02-06 09:41:03'),
(3933, 3, 58, 47, 0, 0, '2026-02-06 09:41:03', '2026-02-06 09:41:03'),
(3934, 3, 59, 47, 0, 0, '2026-02-06 09:41:03', '2026-02-06 09:41:03'),
(3935, 3, 60, 47, 0, 0, '2026-02-06 09:41:03', '2026-02-06 09:41:03'),
(3936, 3, 61, 47, 0, 0, '2026-02-06 09:41:03', '2026-02-06 09:41:03'),
(3937, 1, 66, 23, 0, 0, '2026-02-06 09:41:03', '2026-02-06 09:41:03'),
(3938, 1, 67, 23, 0, 0, '2026-02-06 09:41:03', '2026-02-06 09:41:03'),
(3939, 1, 68, 23, 0, 0, '2026-02-06 09:41:03', '2026-02-06 09:41:03'),
(3940, 1, 69, 23, 0, 0, '2026-02-06 09:41:03', '2026-02-06 09:41:03'),
(3941, 1, 66, 25, 0, 0, '2026-02-06 09:41:03', '2026-02-06 09:41:03'),
(3942, 1, 67, 25, 0, 0, '2026-02-06 09:41:03', '2026-02-06 09:41:03'),
(3943, 1, 68, 25, 0, 0, '2026-02-06 09:41:03', '2026-02-06 09:41:03'),
(3944, 1, 69, 25, 0, 0, '2026-02-06 09:41:03', '2026-02-06 09:41:03'),
(3945, 1, 66, 27, 0, 0, '2026-02-06 09:41:03', '2026-02-06 09:41:03'),
(3946, 1, 67, 27, 0, 0, '2026-02-06 09:41:03', '2026-02-06 09:41:03'),
(3947, 1, 68, 27, 0, 0, '2026-02-06 09:41:03', '2026-02-06 09:41:03'),
(3948, 1, 69, 27, 0, 0, '2026-02-06 09:41:03', '2026-02-06 09:41:03'),
(3949, 1, 66, 39, 0, 0, '2026-02-06 09:41:03', '2026-02-06 09:41:03'),
(3950, 1, 67, 39, 0, 0, '2026-02-06 09:41:03', '2026-02-06 09:41:03'),
(3951, 1, 68, 39, 0, 0, '2026-02-06 09:41:03', '2026-02-06 09:41:03'),
(3952, 1, 69, 39, 0, 0, '2026-02-06 09:41:03', '2026-02-06 09:41:03'),
(3953, 1, 66, 40, 0, 0, '2026-02-06 09:41:03', '2026-02-06 09:41:03'),
(3954, 1, 67, 40, 0, 0, '2026-02-06 09:41:03', '2026-02-06 09:41:03'),
(3955, 1, 68, 40, 0, 0, '2026-02-06 09:41:03', '2026-02-06 09:41:03'),
(3956, 1, 69, 40, 0, 0, '2026-02-06 09:41:03', '2026-02-06 09:41:03'),
(3957, 1, 66, 41, 0, 0, '2026-02-06 09:41:03', '2026-02-06 09:41:03'),
(3958, 1, 67, 41, 0, 0, '2026-02-06 09:41:03', '2026-02-06 09:41:03'),
(3959, 1, 68, 41, 0, 0, '2026-02-06 09:41:03', '2026-02-06 09:41:03'),
(3960, 1, 69, 41, 0, 0, '2026-02-06 09:41:03', '2026-02-06 09:41:03'),
(3961, 1, 66, 42, 0, 0, '2026-02-06 09:41:03', '2026-02-06 09:41:03'),
(3962, 1, 67, 42, 0, 0, '2026-02-06 09:41:03', '2026-02-06 09:41:03'),
(3963, 1, 68, 42, 0, 0, '2026-02-06 09:41:03', '2026-02-06 09:41:03'),
(3964, 1, 69, 42, 0, 0, '2026-02-06 09:41:03', '2026-02-06 09:41:03'),
(3965, 1, 66, 43, 0, 0, '2026-02-06 09:41:03', '2026-02-06 09:41:03'),
(3966, 1, 67, 43, 0, 0, '2026-02-06 09:41:03', '2026-02-06 09:41:03'),
(3967, 1, 68, 43, 0, 0, '2026-02-06 09:41:03', '2026-02-06 09:41:03'),
(3968, 1, 69, 43, 0, 0, '2026-02-06 09:41:03', '2026-02-06 09:41:03'),
(3969, 1, 66, 44, 0, 0, '2026-02-06 09:41:03', '2026-02-06 09:41:03'),
(3970, 1, 67, 44, 0, 0, '2026-02-06 09:41:03', '2026-02-06 09:41:03'),
(3971, 1, 68, 44, 0, 0, '2026-02-06 09:41:03', '2026-02-06 09:41:03'),
(3972, 1, 69, 44, 0, 0, '2026-02-06 09:41:03', '2026-02-06 09:41:03'),
(3973, 1, 66, 45, 0, 0, '2026-02-06 09:41:03', '2026-02-06 09:41:03'),
(3974, 1, 67, 45, 0, 0, '2026-02-06 09:41:03', '2026-02-06 09:41:03'),
(3975, 1, 68, 45, 0, 0, '2026-02-06 09:41:03', '2026-02-06 09:41:03'),
(3976, 1, 69, 45, 0, 0, '2026-02-06 09:41:03', '2026-02-06 09:41:03'),
(3977, 1, 66, 46, 0, 0, '2026-02-06 09:41:03', '2026-02-06 09:41:03'),
(3978, 1, 67, 46, 0, 0, '2026-02-06 09:41:03', '2026-02-06 09:41:03'),
(3979, 1, 68, 46, 0, 0, '2026-02-06 09:41:03', '2026-02-06 09:41:03'),
(3980, 1, 69, 46, 0, 0, '2026-02-06 09:41:03', '2026-02-06 09:41:03'),
(3981, 1, 66, 47, 0, 0, '2026-02-06 09:41:03', '2026-02-06 09:41:03'),
(3982, 1, 67, 47, 0, 0, '2026-02-06 09:41:03', '2026-02-06 09:41:03'),
(3983, 1, 68, 47, 0, 0, '2026-02-06 09:41:03', '2026-02-06 09:41:03'),
(3984, 1, 69, 47, 0, 0, '2026-02-06 09:41:03', '2026-02-06 09:41:03'),
(3985, 2, 66, 23, 0, 0, '2026-02-06 09:41:03', '2026-02-06 09:41:03'),
(3986, 2, 67, 23, 0, 0, '2026-02-06 09:41:03', '2026-02-06 09:41:03'),
(3987, 2, 68, 23, 0, 0, '2026-02-06 09:41:03', '2026-02-06 09:41:03'),
(3988, 2, 69, 23, 0, 0, '2026-02-06 09:41:03', '2026-02-06 09:41:03'),
(3989, 2, 66, 25, 0, 0, '2026-02-06 09:41:03', '2026-02-06 09:41:03'),
(3990, 2, 67, 25, 0, 0, '2026-02-06 09:41:03', '2026-02-06 09:41:03'),
(3991, 2, 68, 25, 0, 0, '2026-02-06 09:41:03', '2026-02-06 09:41:03'),
(3992, 2, 69, 25, 0, 0, '2026-02-06 09:41:03', '2026-02-06 09:41:03'),
(3993, 2, 66, 27, 0, 0, '2026-02-06 09:41:03', '2026-02-06 09:41:03'),
(3994, 2, 67, 27, 0, 0, '2026-02-06 09:41:03', '2026-02-06 09:41:03'),
(3995, 2, 68, 27, 0, 0, '2026-02-06 09:41:03', '2026-02-06 09:41:03'),
(3996, 2, 69, 27, 0, 0, '2026-02-06 09:41:03', '2026-02-06 09:41:03'),
(3997, 2, 66, 39, 0, 0, '2026-02-06 09:41:03', '2026-02-06 09:41:03'),
(3998, 2, 67, 39, 0, 0, '2026-02-06 09:41:03', '2026-02-06 09:41:03'),
(3999, 2, 68, 39, 0, 0, '2026-02-06 09:41:03', '2026-02-06 09:41:03'),
(4000, 2, 69, 39, 0, 0, '2026-02-06 09:41:03', '2026-02-06 09:41:03'),
(4001, 2, 66, 40, 0, 0, '2026-02-06 09:41:03', '2026-02-06 09:41:03'),
(4002, 2, 67, 40, 0, 0, '2026-02-06 09:41:03', '2026-02-06 09:41:03'),
(4003, 2, 68, 40, 0, 0, '2026-02-06 09:41:03', '2026-02-06 09:41:03'),
(4004, 2, 69, 40, 0, 0, '2026-02-06 09:41:03', '2026-02-06 09:41:03'),
(4005, 2, 66, 41, 0, 0, '2026-02-06 09:41:03', '2026-02-06 09:41:03'),
(4006, 2, 67, 41, 0, 0, '2026-02-06 09:41:03', '2026-02-06 09:41:03'),
(4007, 2, 68, 41, 0, 0, '2026-02-06 09:41:03', '2026-02-06 09:41:03'),
(4008, 2, 69, 41, 0, 0, '2026-02-06 09:41:03', '2026-02-06 09:41:03'),
(4009, 2, 66, 42, 0, 0, '2026-02-06 09:41:03', '2026-02-06 09:41:03'),
(4010, 2, 67, 42, 0, 0, '2026-02-06 09:41:03', '2026-02-06 09:41:03'),
(4011, 2, 68, 42, 0, 0, '2026-02-06 09:41:03', '2026-02-06 09:41:03'),
(4012, 2, 69, 42, 0, 0, '2026-02-06 09:41:03', '2026-02-06 09:41:03'),
(4013, 2, 66, 43, 0, 0, '2026-02-06 09:41:03', '2026-02-06 09:41:03'),
(4014, 2, 67, 43, 0, 0, '2026-02-06 09:41:03', '2026-02-06 09:41:03'),
(4015, 2, 68, 43, 0, 0, '2026-02-06 09:41:03', '2026-02-06 09:41:03'),
(4016, 2, 69, 43, 0, 0, '2026-02-06 09:41:03', '2026-02-06 09:41:03'),
(4017, 2, 66, 44, 0, 0, '2026-02-06 09:41:03', '2026-02-06 09:41:03'),
(4018, 2, 67, 44, 0, 0, '2026-02-06 09:41:04', '2026-02-06 09:41:04'),
(4019, 2, 68, 44, 0, 0, '2026-02-06 09:41:04', '2026-02-06 09:41:04'),
(4020, 2, 69, 44, 0, 0, '2026-02-06 09:41:04', '2026-02-06 09:41:04'),
(4021, 2, 66, 45, 0, 0, '2026-02-06 09:41:04', '2026-02-06 09:41:04'),
(4022, 2, 67, 45, 0, 0, '2026-02-06 09:41:04', '2026-02-06 09:41:04'),
(4023, 2, 68, 45, 0, 0, '2026-02-06 09:41:04', '2026-02-06 09:41:04'),
(4024, 2, 69, 45, 0, 0, '2026-02-06 09:41:04', '2026-02-06 09:41:04'),
(4025, 2, 66, 46, 0, 0, '2026-02-06 09:41:04', '2026-02-06 09:41:04'),
(4026, 2, 67, 46, 0, 0, '2026-02-06 09:41:04', '2026-02-06 09:41:04'),
(4027, 2, 68, 46, 0, 0, '2026-02-06 09:41:04', '2026-02-06 09:41:04'),
(4028, 2, 69, 46, 0, 0, '2026-02-06 09:41:04', '2026-02-06 09:41:04'),
(4029, 2, 66, 47, 0, 0, '2026-02-06 09:41:04', '2026-02-06 09:41:04'),
(4030, 2, 67, 47, 0, 0, '2026-02-06 09:41:04', '2026-02-06 09:41:04'),
(4031, 2, 68, 47, 0, 0, '2026-02-06 09:41:04', '2026-02-06 09:41:04'),
(4032, 2, 69, 47, 0, 0, '2026-02-06 09:41:04', '2026-02-06 09:41:04');
INSERT INTO `ratings` (`id`, `judge_id`, `criteria_id`, `team_id`, `value`, `is_locked`, `created_at`, `updated_at`) VALUES
(4033, 3, 66, 23, 0, 0, '2026-02-06 09:41:04', '2026-02-06 09:41:04'),
(4034, 3, 67, 23, 0, 0, '2026-02-06 09:41:04', '2026-02-06 09:41:04'),
(4035, 3, 68, 23, 0, 0, '2026-02-06 09:41:04', '2026-02-06 09:41:04'),
(4036, 3, 69, 23, 0, 0, '2026-02-06 09:41:04', '2026-02-06 09:41:04'),
(4037, 3, 66, 25, 0, 0, '2026-02-06 09:41:04', '2026-02-06 09:41:04'),
(4038, 3, 67, 25, 0, 0, '2026-02-06 09:41:04', '2026-02-06 09:41:04'),
(4039, 3, 68, 25, 0, 0, '2026-02-06 09:41:04', '2026-02-06 09:41:04'),
(4040, 3, 69, 25, 0, 0, '2026-02-06 09:41:04', '2026-02-06 09:41:04'),
(4041, 3, 66, 27, 0, 0, '2026-02-06 09:41:04', '2026-02-06 09:41:04'),
(4042, 3, 67, 27, 0, 0, '2026-02-06 09:41:04', '2026-02-06 09:41:04'),
(4043, 3, 68, 27, 0, 0, '2026-02-06 09:41:04', '2026-02-06 09:41:04'),
(4044, 3, 69, 27, 0, 0, '2026-02-06 09:41:04', '2026-02-06 09:41:04'),
(4045, 3, 66, 39, 0, 0, '2026-02-06 09:41:04', '2026-02-06 09:41:04'),
(4046, 3, 67, 39, 0, 0, '2026-02-06 09:41:04', '2026-02-06 09:41:04'),
(4047, 3, 68, 39, 0, 0, '2026-02-06 09:41:04', '2026-02-06 09:41:04'),
(4048, 3, 69, 39, 0, 0, '2026-02-06 09:41:04', '2026-02-06 09:41:04'),
(4049, 3, 66, 40, 0, 0, '2026-02-06 09:41:04', '2026-02-06 09:41:04'),
(4050, 3, 67, 40, 0, 0, '2026-02-06 09:41:04', '2026-02-06 09:41:04'),
(4051, 3, 68, 40, 0, 0, '2026-02-06 09:41:04', '2026-02-06 09:41:04'),
(4052, 3, 69, 40, 0, 0, '2026-02-06 09:41:04', '2026-02-06 09:41:04'),
(4053, 3, 66, 41, 0, 0, '2026-02-06 09:41:04', '2026-02-06 09:41:04'),
(4054, 3, 67, 41, 0, 0, '2026-02-06 09:41:04', '2026-02-06 09:41:04'),
(4055, 3, 68, 41, 0, 0, '2026-02-06 09:41:04', '2026-02-06 09:41:04'),
(4056, 3, 69, 41, 0, 0, '2026-02-06 09:41:04', '2026-02-06 09:41:04'),
(4057, 3, 66, 42, 0, 0, '2026-02-06 09:41:04', '2026-02-06 09:41:04'),
(4058, 3, 67, 42, 0, 0, '2026-02-06 09:41:04', '2026-02-06 09:41:04'),
(4059, 3, 68, 42, 0, 0, '2026-02-06 09:41:04', '2026-02-06 09:41:04'),
(4060, 3, 69, 42, 0, 0, '2026-02-06 09:41:04', '2026-02-06 09:41:04'),
(4061, 3, 66, 43, 0, 0, '2026-02-06 09:41:04', '2026-02-06 09:41:04'),
(4062, 3, 67, 43, 0, 0, '2026-02-06 09:41:04', '2026-02-06 09:41:04'),
(4063, 3, 68, 43, 0, 0, '2026-02-06 09:41:04', '2026-02-06 09:41:04'),
(4064, 3, 69, 43, 0, 0, '2026-02-06 09:41:04', '2026-02-06 09:41:04'),
(4065, 3, 66, 44, 0, 0, '2026-02-06 09:41:04', '2026-02-06 09:41:04'),
(4066, 3, 67, 44, 0, 0, '2026-02-06 09:41:04', '2026-02-06 09:41:04'),
(4067, 3, 68, 44, 0, 0, '2026-02-06 09:41:04', '2026-02-06 09:41:04'),
(4068, 3, 69, 44, 0, 0, '2026-02-06 09:41:04', '2026-02-06 09:41:04'),
(4069, 3, 66, 45, 0, 0, '2026-02-06 09:41:04', '2026-02-06 09:41:04'),
(4070, 3, 67, 45, 0, 0, '2026-02-06 09:41:04', '2026-02-06 09:41:04'),
(4071, 3, 68, 45, 0, 0, '2026-02-06 09:41:04', '2026-02-06 09:41:04'),
(4072, 3, 69, 45, 0, 0, '2026-02-06 09:41:04', '2026-02-06 09:41:04'),
(4073, 3, 66, 46, 0, 0, '2026-02-06 09:41:04', '2026-02-06 09:41:04'),
(4074, 3, 67, 46, 0, 0, '2026-02-06 09:41:04', '2026-02-06 09:41:04'),
(4075, 3, 68, 46, 0, 0, '2026-02-06 09:41:04', '2026-02-06 09:41:04'),
(4076, 3, 69, 46, 0, 0, '2026-02-06 09:41:04', '2026-02-06 09:41:04'),
(4077, 3, 66, 47, 0, 0, '2026-02-06 09:41:04', '2026-02-06 09:41:04'),
(4078, 3, 67, 47, 0, 0, '2026-02-06 09:41:04', '2026-02-06 09:41:04'),
(4079, 3, 68, 47, 0, 0, '2026-02-06 09:41:04', '2026-02-06 09:41:04'),
(4080, 3, 69, 47, 0, 0, '2026-02-06 09:41:04', '2026-02-06 09:41:04'),
(4081, 1, 74, 23, 0, 0, '2026-02-06 09:41:04', '2026-02-06 09:41:04'),
(4082, 1, 75, 23, 0, 0, '2026-02-06 09:41:04', '2026-02-06 09:41:04'),
(4083, 1, 76, 23, 0, 0, '2026-02-06 09:41:04', '2026-02-06 09:41:04'),
(4084, 1, 77, 23, 0, 0, '2026-02-06 09:41:04', '2026-02-06 09:41:04'),
(4085, 1, 74, 25, 0, 0, '2026-02-06 09:41:04', '2026-02-06 09:41:04'),
(4086, 1, 75, 25, 0, 0, '2026-02-06 09:41:04', '2026-02-06 09:41:04'),
(4087, 1, 76, 25, 0, 0, '2026-02-06 09:41:04', '2026-02-06 09:41:04'),
(4088, 1, 77, 25, 0, 0, '2026-02-06 09:41:04', '2026-02-06 09:41:04'),
(4089, 1, 74, 27, 0, 0, '2026-02-06 09:41:04', '2026-02-06 09:41:04'),
(4090, 1, 75, 27, 0, 0, '2026-02-06 09:41:04', '2026-02-06 09:41:04'),
(4091, 1, 76, 27, 0, 0, '2026-02-06 09:41:04', '2026-02-06 09:41:04'),
(4092, 1, 77, 27, 0, 0, '2026-02-06 09:41:04', '2026-02-06 09:41:04'),
(4093, 1, 74, 39, 0, 0, '2026-02-06 09:41:04', '2026-02-06 09:41:04'),
(4094, 1, 75, 39, 0, 0, '2026-02-06 09:41:04', '2026-02-06 09:41:04'),
(4095, 1, 76, 39, 0, 0, '2026-02-06 09:41:04', '2026-02-06 09:41:04'),
(4096, 1, 77, 39, 0, 0, '2026-02-06 09:41:04', '2026-02-06 09:41:04'),
(4097, 1, 74, 40, 0, 0, '2026-02-06 09:41:04', '2026-02-06 09:41:04'),
(4098, 1, 75, 40, 0, 0, '2026-02-06 09:41:04', '2026-02-06 09:41:04'),
(4099, 1, 76, 40, 0, 0, '2026-02-06 09:41:04', '2026-02-06 09:41:04'),
(4100, 1, 77, 40, 0, 0, '2026-02-06 09:41:04', '2026-02-06 09:41:04'),
(4101, 1, 74, 41, 0, 0, '2026-02-06 09:41:04', '2026-02-06 09:41:04'),
(4102, 1, 75, 41, 0, 0, '2026-02-06 09:41:04', '2026-02-06 09:41:04'),
(4103, 1, 76, 41, 0, 0, '2026-02-06 09:41:04', '2026-02-06 09:41:04'),
(4104, 1, 77, 41, 0, 0, '2026-02-06 09:41:04', '2026-02-06 09:41:04'),
(4105, 1, 74, 42, 0, 0, '2026-02-06 09:41:04', '2026-02-06 09:41:04'),
(4106, 1, 75, 42, 0, 0, '2026-02-06 09:41:04', '2026-02-06 09:41:04'),
(4107, 1, 76, 42, 0, 0, '2026-02-06 09:41:04', '2026-02-06 09:41:04'),
(4108, 1, 77, 42, 0, 0, '2026-02-06 09:41:04', '2026-02-06 09:41:04'),
(4109, 1, 74, 43, 0, 0, '2026-02-06 09:41:04', '2026-02-06 09:41:04'),
(4110, 1, 75, 43, 0, 0, '2026-02-06 09:41:04', '2026-02-06 09:41:04'),
(4111, 1, 76, 43, 0, 0, '2026-02-06 09:41:04', '2026-02-06 09:41:04'),
(4112, 1, 77, 43, 0, 0, '2026-02-06 09:41:04', '2026-02-06 09:41:04'),
(4113, 1, 74, 44, 0, 0, '2026-02-06 09:41:04', '2026-02-06 09:41:04'),
(4114, 1, 75, 44, 0, 0, '2026-02-06 09:41:04', '2026-02-06 09:41:04'),
(4115, 1, 76, 44, 0, 0, '2026-02-06 09:41:04', '2026-02-06 09:41:04'),
(4116, 1, 77, 44, 0, 0, '2026-02-06 09:41:04', '2026-02-06 09:41:04'),
(4117, 1, 74, 45, 0, 0, '2026-02-06 09:41:04', '2026-02-06 09:41:04'),
(4118, 1, 75, 45, 0, 0, '2026-02-06 09:41:04', '2026-02-06 09:41:04'),
(4119, 1, 76, 45, 0, 0, '2026-02-06 09:41:04', '2026-02-06 09:41:04'),
(4120, 1, 77, 45, 0, 0, '2026-02-06 09:41:04', '2026-02-06 09:41:04'),
(4121, 1, 74, 46, 0, 0, '2026-02-06 09:41:04', '2026-02-06 09:41:04'),
(4122, 1, 75, 46, 0, 0, '2026-02-06 09:41:04', '2026-02-06 09:41:04'),
(4123, 1, 76, 46, 0, 0, '2026-02-06 09:41:04', '2026-02-06 09:41:04'),
(4124, 1, 77, 46, 0, 0, '2026-02-06 09:41:04', '2026-02-06 09:41:04'),
(4125, 1, 74, 47, 0, 0, '2026-02-06 09:41:04', '2026-02-06 09:41:04'),
(4126, 1, 75, 47, 0, 0, '2026-02-06 09:41:04', '2026-02-06 09:41:04'),
(4127, 1, 76, 47, 0, 0, '2026-02-06 09:41:04', '2026-02-06 09:41:04'),
(4128, 1, 77, 47, 0, 0, '2026-02-06 09:41:04', '2026-02-06 09:41:04'),
(4129, 2, 74, 23, 0, 0, '2026-02-06 09:41:04', '2026-02-06 09:41:04'),
(4130, 2, 75, 23, 0, 0, '2026-02-06 09:41:04', '2026-02-06 09:41:04'),
(4131, 2, 76, 23, 0, 0, '2026-02-06 09:41:04', '2026-02-06 09:41:04'),
(4132, 2, 77, 23, 0, 0, '2026-02-06 09:41:04', '2026-02-06 09:41:04'),
(4133, 2, 74, 25, 0, 0, '2026-02-06 09:41:04', '2026-02-06 09:41:04'),
(4134, 2, 75, 25, 0, 0, '2026-02-06 09:41:04', '2026-02-06 09:41:04'),
(4135, 2, 76, 25, 0, 0, '2026-02-06 09:41:04', '2026-02-06 09:41:04'),
(4136, 2, 77, 25, 0, 0, '2026-02-06 09:41:04', '2026-02-06 09:41:04'),
(4137, 2, 74, 27, 0, 0, '2026-02-06 09:41:04', '2026-02-06 09:41:04'),
(4138, 2, 75, 27, 0, 0, '2026-02-06 09:41:04', '2026-02-06 09:41:04'),
(4139, 2, 76, 27, 0, 0, '2026-02-06 09:41:04', '2026-02-06 09:41:04'),
(4140, 2, 77, 27, 0, 0, '2026-02-06 09:41:04', '2026-02-06 09:41:04'),
(4141, 2, 74, 39, 0, 0, '2026-02-06 09:41:04', '2026-02-06 09:41:04'),
(4142, 2, 75, 39, 0, 0, '2026-02-06 09:41:04', '2026-02-06 09:41:04'),
(4143, 2, 76, 39, 0, 0, '2026-02-06 09:41:04', '2026-02-06 09:41:04'),
(4144, 2, 77, 39, 0, 0, '2026-02-06 09:41:04', '2026-02-06 09:41:04'),
(4145, 2, 74, 40, 0, 0, '2026-02-06 09:41:04', '2026-02-06 09:41:04'),
(4146, 2, 75, 40, 0, 0, '2026-02-06 09:41:04', '2026-02-06 09:41:04'),
(4147, 2, 76, 40, 0, 0, '2026-02-06 09:41:04', '2026-02-06 09:41:04'),
(4148, 2, 77, 40, 0, 0, '2026-02-06 09:41:04', '2026-02-06 09:41:04'),
(4149, 2, 74, 41, 0, 0, '2026-02-06 09:41:04', '2026-02-06 09:41:04'),
(4150, 2, 75, 41, 0, 0, '2026-02-06 09:41:04', '2026-02-06 09:41:04'),
(4151, 2, 76, 41, 0, 0, '2026-02-06 09:41:04', '2026-02-06 09:41:04'),
(4152, 2, 77, 41, 0, 0, '2026-02-06 09:41:04', '2026-02-06 09:41:04'),
(4153, 2, 74, 42, 0, 0, '2026-02-06 09:41:04', '2026-02-06 09:41:04'),
(4154, 2, 75, 42, 0, 0, '2026-02-06 09:41:04', '2026-02-06 09:41:04'),
(4155, 2, 76, 42, 0, 0, '2026-02-06 09:41:04', '2026-02-06 09:41:04'),
(4156, 2, 77, 42, 0, 0, '2026-02-06 09:41:04', '2026-02-06 09:41:04'),
(4157, 2, 74, 43, 0, 0, '2026-02-06 09:41:04', '2026-02-06 09:41:04'),
(4158, 2, 75, 43, 0, 0, '2026-02-06 09:41:04', '2026-02-06 09:41:04'),
(4159, 2, 76, 43, 0, 0, '2026-02-06 09:41:04', '2026-02-06 09:41:04'),
(4160, 2, 77, 43, 0, 0, '2026-02-06 09:41:04', '2026-02-06 09:41:04'),
(4161, 2, 74, 44, 0, 0, '2026-02-06 09:41:04', '2026-02-06 09:41:04'),
(4162, 2, 75, 44, 0, 0, '2026-02-06 09:41:04', '2026-02-06 09:41:04'),
(4163, 2, 76, 44, 0, 0, '2026-02-06 09:41:04', '2026-02-06 09:41:04'),
(4164, 2, 77, 44, 0, 0, '2026-02-06 09:41:04', '2026-02-06 09:41:04'),
(4165, 2, 74, 45, 0, 0, '2026-02-06 09:41:04', '2026-02-06 09:41:04'),
(4166, 2, 75, 45, 0, 0, '2026-02-06 09:41:04', '2026-02-06 09:41:04'),
(4167, 2, 76, 45, 0, 0, '2026-02-06 09:41:04', '2026-02-06 09:41:04'),
(4168, 2, 77, 45, 0, 0, '2026-02-06 09:41:04', '2026-02-06 09:41:04'),
(4169, 2, 74, 46, 0, 0, '2026-02-06 09:41:04', '2026-02-06 09:41:04'),
(4170, 2, 75, 46, 0, 0, '2026-02-06 09:41:04', '2026-02-06 09:41:04'),
(4171, 2, 76, 46, 0, 0, '2026-02-06 09:41:04', '2026-02-06 09:41:04'),
(4172, 2, 77, 46, 0, 0, '2026-02-06 09:41:04', '2026-02-06 09:41:04'),
(4173, 2, 74, 47, 0, 0, '2026-02-06 09:41:04', '2026-02-06 09:41:04'),
(4174, 2, 75, 47, 0, 0, '2026-02-06 09:41:04', '2026-02-06 09:41:04'),
(4175, 2, 76, 47, 0, 0, '2026-02-06 09:41:04', '2026-02-06 09:41:04'),
(4176, 2, 77, 47, 0, 0, '2026-02-06 09:41:04', '2026-02-06 09:41:04'),
(4177, 3, 74, 23, 0, 0, '2026-02-06 09:41:04', '2026-02-06 09:41:04'),
(4178, 3, 75, 23, 0, 0, '2026-02-06 09:41:04', '2026-02-06 09:41:04'),
(4179, 3, 76, 23, 0, 0, '2026-02-06 09:41:04', '2026-02-06 09:41:04'),
(4180, 3, 77, 23, 0, 0, '2026-02-06 09:41:04', '2026-02-06 09:41:04'),
(4181, 3, 74, 25, 0, 0, '2026-02-06 09:41:04', '2026-02-06 09:41:04'),
(4182, 3, 75, 25, 0, 0, '2026-02-06 09:41:04', '2026-02-06 09:41:04'),
(4183, 3, 76, 25, 0, 0, '2026-02-06 09:41:04', '2026-02-06 09:41:04'),
(4184, 3, 77, 25, 0, 0, '2026-02-06 09:41:04', '2026-02-06 09:41:04'),
(4185, 3, 74, 27, 0, 0, '2026-02-06 09:41:04', '2026-02-06 09:41:04'),
(4186, 3, 75, 27, 0, 0, '2026-02-06 09:41:04', '2026-02-06 09:41:04'),
(4187, 3, 76, 27, 0, 0, '2026-02-06 09:41:04', '2026-02-06 09:41:04'),
(4188, 3, 77, 27, 0, 0, '2026-02-06 09:41:04', '2026-02-06 09:41:04'),
(4189, 3, 74, 39, 0, 0, '2026-02-06 09:41:04', '2026-02-06 09:41:04'),
(4190, 3, 75, 39, 0, 0, '2026-02-06 09:41:04', '2026-02-06 09:41:04'),
(4191, 3, 76, 39, 0, 0, '2026-02-06 09:41:04', '2026-02-06 09:41:04'),
(4192, 3, 77, 39, 0, 0, '2026-02-06 09:41:04', '2026-02-06 09:41:04'),
(4193, 3, 74, 40, 0, 0, '2026-02-06 09:41:05', '2026-02-06 09:41:05'),
(4194, 3, 75, 40, 0, 0, '2026-02-06 09:41:05', '2026-02-06 09:41:05'),
(4195, 3, 76, 40, 0, 0, '2026-02-06 09:41:05', '2026-02-06 09:41:05'),
(4196, 3, 77, 40, 0, 0, '2026-02-06 09:41:05', '2026-02-06 09:41:05'),
(4197, 3, 74, 41, 0, 0, '2026-02-06 09:41:05', '2026-02-06 09:41:05'),
(4198, 3, 75, 41, 0, 0, '2026-02-06 09:41:05', '2026-02-06 09:41:05'),
(4199, 3, 76, 41, 0, 0, '2026-02-06 09:41:05', '2026-02-06 09:41:05'),
(4200, 3, 77, 41, 0, 0, '2026-02-06 09:41:05', '2026-02-06 09:41:05'),
(4201, 3, 74, 42, 0, 0, '2026-02-06 09:41:05', '2026-02-06 09:41:05'),
(4202, 3, 75, 42, 0, 0, '2026-02-06 09:41:05', '2026-02-06 09:41:05'),
(4203, 3, 76, 42, 0, 0, '2026-02-06 09:41:05', '2026-02-06 09:41:05'),
(4204, 3, 77, 42, 0, 0, '2026-02-06 09:41:05', '2026-02-06 09:41:05'),
(4205, 3, 74, 43, 0, 0, '2026-02-06 09:41:05', '2026-02-06 09:41:05'),
(4206, 3, 75, 43, 0, 0, '2026-02-06 09:41:05', '2026-02-06 09:41:05'),
(4207, 3, 76, 43, 0, 0, '2026-02-06 09:41:05', '2026-02-06 09:41:05'),
(4208, 3, 77, 43, 0, 0, '2026-02-06 09:41:05', '2026-02-06 09:41:05'),
(4209, 3, 74, 44, 0, 0, '2026-02-06 09:41:05', '2026-02-06 09:41:05'),
(4210, 3, 75, 44, 0, 0, '2026-02-06 09:41:05', '2026-02-06 09:41:05'),
(4211, 3, 76, 44, 0, 0, '2026-02-06 09:41:05', '2026-02-06 09:41:05'),
(4212, 3, 77, 44, 0, 0, '2026-02-06 09:41:05', '2026-02-06 09:41:05'),
(4213, 3, 74, 45, 0, 0, '2026-02-06 09:41:05', '2026-02-06 09:41:05'),
(4214, 3, 75, 45, 0, 0, '2026-02-06 09:41:05', '2026-02-06 09:41:05'),
(4215, 3, 76, 45, 0, 0, '2026-02-06 09:41:05', '2026-02-06 09:41:05'),
(4216, 3, 77, 45, 0, 0, '2026-02-06 09:41:05', '2026-02-06 09:41:05'),
(4217, 3, 74, 46, 0, 0, '2026-02-06 09:41:05', '2026-02-06 09:41:05'),
(4218, 3, 75, 46, 0, 0, '2026-02-06 09:41:05', '2026-02-06 09:41:05'),
(4219, 3, 76, 46, 0, 0, '2026-02-06 09:41:05', '2026-02-06 09:41:05'),
(4220, 3, 77, 46, 0, 0, '2026-02-06 09:41:05', '2026-02-06 09:41:05'),
(4221, 3, 74, 47, 0, 0, '2026-02-06 09:41:05', '2026-02-06 09:41:05'),
(4222, 3, 75, 47, 0, 0, '2026-02-06 09:41:05', '2026-02-06 09:41:05'),
(4223, 3, 76, 47, 0, 0, '2026-02-06 09:41:05', '2026-02-06 09:41:05'),
(4224, 3, 77, 47, 0, 0, '2026-02-06 09:41:05', '2026-02-06 09:41:05');

-- --------------------------------------------------------

--
-- Table structure for table `teams`
--

CREATE TABLE `teams` (
  `id` tinyint(3) UNSIGNED NOT NULL,
  `number` tinyint(4) NOT NULL DEFAULT 0,
  `name` varchar(255) NOT NULL,
  `location` varchar(32) NOT NULL,
  `avatar` varchar(255) DEFAULT NULL,
  `created_at` timestamp NOT NULL DEFAULT current_timestamp(),
  `updated_at` timestamp NOT NULL DEFAULT current_timestamp() ON UPDATE current_timestamp()
) ENGINE=InnoDB DEFAULT CHARSET=utf8mb4 COLLATE=utf8mb4_general_ci;

--
-- Dumping data for table `teams`
--

INSERT INTO `teams` (`id`, `number`, `name`, `location`, `avatar`, `created_at`, `updated_at`) VALUES
(23, 1, 'HAZEL ANI A. BERJA', 'BALATAN', 'F_1.jpg', '2026-02-04 14:08:25', '2026-02-05 14:26:50'),
(25, 2, 'SHAYNE NESVERLIE S.SERMONA', 'BALATAN', 'F_2.jpg', '2026-02-04 14:37:56', '2026-02-05 14:30:30'),
(27, 3, 'ROHANNA MAE C. MUNOZ', 'IRIGA CITY', 'F_3.jpg', '2026-02-04 14:47:07', '2026-02-06 09:49:44'),
(39, 4, 'KYLA GRACE B. ANDALIS', 'BAAO', 'F_4.jpg', '2026-02-05 10:01:26', '2026-02-06 09:58:36'),
(40, 5, 'MARIAH MOIRA F. PARCO', 'BALATAN', 'F_5.jpg', '2026-02-05 10:03:32', '2026-02-06 09:58:43'),
(41, 6, 'SHANIA WENDY KATE G. ROS', 'LIBMANAN', 'F_6.jpg', '2026-02-05 10:04:00', '2026-02-06 09:58:53'),
(42, 7, 'KRISHA MAE B. MANGISTRADO', 'IRIGA CITY', 'F_7.jpg', '2026-02-05 10:04:18', '2026-02-06 09:59:01'),
(43, 8, 'PRINCESS MAUREEN R. DELFINO', 'LAGONOY', 'F_8.jpg', '2026-02-05 10:04:38', '2026-02-06 09:59:13'),
(44, 9, 'HANNA GRACE A. CLAVILLAS', 'BUHI', 'F_9.jpg', '2026-02-05 10:04:54', '2026-02-06 09:59:20'),
(45, 10, 'JENSEI S. SOLARES', 'BATO', 'F_10.jpg', '2026-02-05 10:05:09', '2026-02-06 09:59:50'),
(46, 11, 'JONA CRISTINA R. CESTINA', 'IRIGA CITY', 'F_11.jpg', '2026-02-05 10:05:27', '2026-02-06 09:59:58'),
(47, 12, 'FILDIAN S. SINGH', 'IRIGA CITY', 'F_12.jpg', '2026-02-05 10:05:44', '2026-02-06 10:00:06'),
(48, 1, 'GILMAR SABERON', 'SIPOCOT', 'M_1.jpg', '2026-02-05 10:08:08', '2026-02-05 14:28:08'),
(49, 2, 'KARL VINCENT C. SUAYAN', 'SAN FERNANDO', 'M_2.jpg', '2026-02-05 10:08:56', '2026-02-06 11:23:17'),
(50, 3, 'SEANDON UNO ELLIS P. TORIBIO', 'BULA', 'M_3.jpg', '2026-02-05 10:09:19', '2026-02-06 11:23:32'),
(51, 4, 'GASPER O. MORTEL', 'NAGA CITY', 'M_4.jpg', '2026-02-05 10:09:48', '2026-02-06 11:23:40'),
(52, 5, 'ANGELO KYLE A. SANTOS', 'NAGA CITY', 'M_5.jpg', '2026-02-05 10:10:03', '2026-02-06 11:23:47'),
(53, 6, 'MARK GLENCEL N. AMPARADO', 'BAAO', 'M_6.jpg', '2026-02-05 10:10:18', '2026-02-06 11:23:56'),
(54, 7, 'ELIJAH LEIGH V. LABORDO', 'BUHI', 'M_7.jpg', '2026-02-05 10:10:38', '2026-02-06 11:24:02'),
(55, 8, 'JOHN JOSHUA P. PENAOJAS', 'BALATAN', 'M_8.jpg', '2026-02-05 10:10:57', '2026-02-06 11:24:10'),
(56, 9, 'VINCENT JHON FRANCISCO', 'LIBMANAN', 'M_9.jpg', '2026-02-05 10:11:15', '2026-02-06 11:24:17'),
(57, 10, 'JANRY BON L. MEDIADO', 'IRIGA CITY', 'M_10.jpg', '2026-02-05 10:11:37', '2026-02-06 11:24:26'),
(58, 11, 'KHARLOU JAE V. EYO', 'NAGA CITY', 'M_11.jpg', '2026-02-05 10:11:58', '2026-02-06 11:24:33'),
(59, 12, 'JERRY C. GIBSON', 'PILI', 'M_12.jpg', '2026-02-05 10:12:18', '2026-02-06 11:24:40');

-- --------------------------------------------------------

--
-- Table structure for table `technicals`
--

CREATE TABLE `technicals` (
  `id` tinyint(3) UNSIGNED NOT NULL,
  `number` tinyint(3) UNSIGNED NOT NULL,
  `name` varchar(255) NOT NULL,
  `avatar` varchar(255) DEFAULT NULL,
  `username` varchar(255) NOT NULL,
  `password` varchar(255) NOT NULL,
  `active_portion` varchar(255) DEFAULT NULL,
  `called_at` timestamp NULL DEFAULT NULL,
  `pinged_at` timestamp NULL DEFAULT NULL,
  `created_at` timestamp NOT NULL DEFAULT current_timestamp(),
  `updated_at` timestamp NOT NULL DEFAULT current_timestamp() ON UPDATE current_timestamp()
) ENGINE=InnoDB DEFAULT CHARSET=utf8mb4 COLLATE=utf8mb4_general_ci;

--
-- Dumping data for table `technicals`
--

INSERT INTO `technicals` (`id`, `number`, `name`, `avatar`, `username`, `password`, `active_portion`, `called_at`, `pinged_at`, `created_at`, `updated_at`) VALUES
(1, 1, 'Technical 01', 'no-avatar.jpg', 'technical01', 'technical01', NULL, NULL, NULL, '2023-02-19 08:58:58', '2023-04-06 14:00:12');

-- --------------------------------------------------------

--
-- Table structure for table `technical_event`
--

CREATE TABLE `technical_event` (
  `id` tinyint(3) UNSIGNED NOT NULL,
  `technical_id` tinyint(3) UNSIGNED NOT NULL,
  `event_id` smallint(5) UNSIGNED NOT NULL,
  `active_team_id` tinyint(3) UNSIGNED NOT NULL,
  `has_active_team` tinyint(1) NOT NULL DEFAULT 0,
  `created_at` timestamp NOT NULL DEFAULT current_timestamp(),
  `updated_at` timestamp NOT NULL DEFAULT current_timestamp() ON UPDATE current_timestamp()
) ENGINE=InnoDB DEFAULT CHARSET=utf8mb4 COLLATE=utf8mb4_general_ci;

-- --------------------------------------------------------

--
-- Table structure for table `titles`
--

CREATE TABLE `titles` (
  `id` smallint(5) UNSIGNED NOT NULL,
  `event_id` smallint(5) UNSIGNED NOT NULL,
  `rank` tinyint(3) UNSIGNED NOT NULL DEFAULT 1,
  `title` varchar(255) NOT NULL,
  `created_at` timestamp NOT NULL DEFAULT current_timestamp(),
  `updated_at` timestamp NOT NULL DEFAULT current_timestamp() ON UPDATE current_timestamp()
) ENGINE=InnoDB DEFAULT CHARSET=utf8mb4 COLLATE=utf8mb4_general_ci;

--
-- Dumping data for table `titles`
--

INSERT INTO `titles` (`id`, `event_id`, `rank`, `title`, `created_at`, `updated_at`) VALUES
(185, 13, 1, '', '2026-02-05 09:58:53', '2026-02-05 09:58:53'),
(186, 13, 2, '', '2026-02-05 09:58:53', '2026-02-05 09:58:53'),
(187, 13, 3, '', '2026-02-05 09:58:53', '2026-02-05 09:58:53'),
(188, 13, 4, '', '2026-02-05 09:58:53', '2026-02-05 09:58:53'),
(189, 13, 5, '', '2026-02-05 09:58:53', '2026-02-05 09:58:53'),
(190, 13, 6, '', '2026-02-05 10:06:03', '2026-02-05 10:06:03'),
(191, 13, 7, '', '2026-02-05 10:06:03', '2026-02-05 10:06:03'),
(192, 13, 8, '', '2026-02-05 10:06:03', '2026-02-05 10:06:03'),
(193, 13, 9, '', '2026-02-05 10:06:03', '2026-02-05 10:06:03'),
(194, 13, 10, '', '2026-02-05 10:06:03', '2026-02-05 10:06:03'),
(195, 13, 11, '', '2026-02-05 10:06:03', '2026-02-05 10:06:03'),
(196, 13, 12, '', '2026-02-05 10:06:03', '2026-02-05 10:06:03'),
(197, 13, 13, '', '2026-02-05 10:17:12', '2026-02-05 10:17:12'),
(198, 13, 14, '', '2026-02-05 10:17:12', '2026-02-05 10:17:12'),
(199, 13, 15, '', '2026-02-05 10:17:12', '2026-02-05 10:17:12'),
(200, 13, 16, '', '2026-02-05 10:17:12', '2026-02-05 10:17:12'),
(201, 13, 17, '', '2026-02-05 10:17:12', '2026-02-05 10:17:12'),
(202, 13, 18, '', '2026-02-05 10:17:12', '2026-02-05 10:17:12'),
(203, 13, 19, '', '2026-02-05 10:17:12', '2026-02-05 10:17:12'),
(204, 13, 20, '', '2026-02-05 10:17:12', '2026-02-05 10:17:12'),
(205, 13, 21, '', '2026-02-05 10:17:12', '2026-02-05 10:17:12'),
(206, 13, 22, '', '2026-02-05 10:17:12', '2026-02-05 10:17:12'),
(207, 13, 23, '', '2026-02-05 10:17:12', '2026-02-05 10:17:12'),
(208, 13, 24, '', '2026-02-05 10:17:12', '2026-02-05 10:17:12'),
(209, 14, 1, '', '2026-02-05 10:17:52', '2026-02-05 10:17:52'),
(210, 14, 2, '', '2026-02-05 10:17:52', '2026-02-05 10:17:52'),
(211, 14, 3, '', '2026-02-05 10:17:52', '2026-02-05 10:17:52'),
(212, 14, 4, '', '2026-02-05 10:17:52', '2026-02-05 10:17:52'),
(213, 14, 5, '', '2026-02-05 10:17:52', '2026-02-05 10:17:52'),
(214, 14, 6, '', '2026-02-05 10:17:52', '2026-02-05 10:17:52'),
(215, 14, 7, '', '2026-02-05 10:17:52', '2026-02-05 10:17:52'),
(216, 14, 8, '', '2026-02-05 10:17:52', '2026-02-05 10:17:52'),
(217, 14, 9, '', '2026-02-05 10:17:52', '2026-02-05 10:17:52'),
(218, 14, 10, '', '2026-02-05 10:17:52', '2026-02-05 10:17:52'),
(219, 14, 11, '', '2026-02-05 10:17:52', '2026-02-05 10:17:52'),
(220, 14, 12, '', '2026-02-05 10:17:52', '2026-02-05 10:17:52'),
(221, 14, 13, '', '2026-02-05 10:17:52', '2026-02-05 10:17:52'),
(222, 14, 14, '', '2026-02-05 10:17:52', '2026-02-05 10:17:52'),
(223, 14, 15, '', '2026-02-05 10:17:52', '2026-02-05 10:17:52'),
(224, 14, 16, '', '2026-02-05 10:17:52', '2026-02-05 10:17:52'),
(225, 14, 17, '', '2026-02-05 10:17:52', '2026-02-05 10:17:52'),
(226, 14, 18, '', '2026-02-05 10:17:52', '2026-02-05 10:17:52'),
(227, 14, 19, '', '2026-02-05 10:17:52', '2026-02-05 10:17:52'),
(228, 14, 20, '', '2026-02-05 10:17:52', '2026-02-05 10:17:52'),
(229, 14, 21, '', '2026-02-05 10:17:52', '2026-02-05 10:17:52'),
(230, 14, 22, '', '2026-02-05 10:17:52', '2026-02-05 10:17:52'),
(231, 14, 23, '', '2026-02-05 10:17:52', '2026-02-05 10:17:52'),
(232, 14, 24, '', '2026-02-05 10:17:52', '2026-02-05 10:17:52'),
(233, 15, 1, '', '2026-02-05 10:29:26', '2026-02-05 10:29:26'),
(234, 15, 2, '', '2026-02-05 10:29:26', '2026-02-05 10:29:26'),
(235, 15, 3, '', '2026-02-05 10:29:26', '2026-02-05 10:29:26'),
(236, 15, 4, '', '2026-02-05 10:29:26', '2026-02-05 10:29:26'),
(237, 15, 5, '', '2026-02-05 10:29:26', '2026-02-05 10:29:26'),
(238, 15, 6, '', '2026-02-05 10:29:26', '2026-02-05 10:29:26'),
(239, 15, 7, '', '2026-02-05 10:29:26', '2026-02-05 10:29:26'),
(240, 15, 8, '', '2026-02-05 10:29:26', '2026-02-05 10:29:26'),
(241, 15, 9, '', '2026-02-05 10:29:26', '2026-02-05 10:29:26'),
(242, 15, 10, '', '2026-02-05 10:29:26', '2026-02-05 10:29:26'),
(243, 15, 11, '', '2026-02-05 10:29:26', '2026-02-05 10:29:26'),
(244, 15, 12, '', '2026-02-05 10:29:26', '2026-02-05 10:29:26'),
(245, 15, 13, '', '2026-02-05 10:29:26', '2026-02-05 10:29:26'),
(246, 15, 14, '', '2026-02-05 10:29:26', '2026-02-05 10:29:26'),
(247, 15, 15, '', '2026-02-05 10:29:26', '2026-02-05 10:29:26'),
(248, 15, 16, '', '2026-02-05 10:29:26', '2026-02-05 10:29:26'),
(249, 15, 17, '', '2026-02-05 10:29:26', '2026-02-05 10:29:26'),
(250, 15, 18, '', '2026-02-05 10:29:26', '2026-02-05 10:29:26'),
(251, 15, 19, '', '2026-02-05 10:29:26', '2026-02-05 10:29:26'),
(252, 15, 20, '', '2026-02-05 10:29:26', '2026-02-05 10:29:26'),
(253, 15, 21, '', '2026-02-05 10:29:26', '2026-02-05 10:29:26'),
(254, 15, 22, '', '2026-02-05 10:29:26', '2026-02-05 10:29:26'),
(255, 15, 23, '', '2026-02-05 10:29:26', '2026-02-05 10:29:26'),
(256, 15, 24, '', '2026-02-05 10:29:26', '2026-02-05 10:29:26'),
(425, 23, 1, '', '2026-02-05 11:26:31', '2026-02-05 11:26:31'),
(426, 23, 2, '', '2026-02-05 11:26:31', '2026-02-05 11:26:31'),
(427, 23, 3, '', '2026-02-05 11:26:31', '2026-02-05 11:26:31'),
(428, 23, 4, '', '2026-02-05 11:26:31', '2026-02-05 11:26:31'),
(429, 23, 5, '', '2026-02-05 11:26:31', '2026-02-05 11:26:31'),
(430, 23, 6, '', '2026-02-05 11:26:31', '2026-02-05 11:26:31'),
(431, 23, 7, '', '2026-02-05 11:26:31', '2026-02-05 11:26:31'),
(432, 23, 8, '', '2026-02-05 11:26:31', '2026-02-05 11:26:31'),
(433, 23, 9, '', '2026-02-05 11:26:31', '2026-02-05 11:26:31'),
(434, 23, 10, '', '2026-02-05 11:26:31', '2026-02-05 11:26:31'),
(435, 23, 11, '', '2026-02-05 11:26:31', '2026-02-05 11:26:31'),
(436, 23, 12, '', '2026-02-05 11:26:31', '2026-02-05 11:26:31'),
(437, 23, 13, '', '2026-02-05 11:26:31', '2026-02-05 11:26:31'),
(438, 23, 14, '', '2026-02-05 11:26:31', '2026-02-05 11:26:31'),
(439, 23, 15, '', '2026-02-05 11:26:31', '2026-02-05 11:26:31'),
(440, 23, 16, '', '2026-02-05 11:26:31', '2026-02-05 11:26:31'),
(441, 23, 17, '', '2026-02-05 11:26:31', '2026-02-05 11:26:31'),
(442, 23, 18, '', '2026-02-05 11:26:31', '2026-02-05 11:26:31'),
(443, 23, 19, '', '2026-02-05 11:26:31', '2026-02-05 11:26:31'),
(444, 23, 20, '', '2026-02-05 11:26:31', '2026-02-05 11:26:31'),
(445, 23, 21, '', '2026-02-05 11:26:31', '2026-02-05 11:26:31'),
(446, 23, 22, '', '2026-02-05 11:26:31', '2026-02-05 11:26:31'),
(447, 23, 23, '', '2026-02-05 11:26:31', '2026-02-05 11:26:31'),
(448, 23, 24, '', '2026-02-05 11:26:31', '2026-02-05 11:26:31'),
(449, 24, 1, '', '2026-02-05 11:42:24', '2026-02-05 11:42:24'),
(450, 24, 2, '', '2026-02-05 11:42:24', '2026-02-05 11:42:24'),
(451, 24, 3, '', '2026-02-05 11:42:24', '2026-02-05 11:42:24'),
(452, 24, 4, '', '2026-02-05 11:42:24', '2026-02-05 11:42:24'),
(453, 24, 5, '', '2026-02-05 11:42:24', '2026-02-05 11:42:24'),
(454, 24, 6, '', '2026-02-05 11:42:24', '2026-02-05 11:42:24'),
(455, 24, 7, '', '2026-02-05 11:42:24', '2026-02-05 11:42:24'),
(456, 24, 8, '', '2026-02-05 11:42:24', '2026-02-05 11:42:24'),
(457, 24, 9, '', '2026-02-05 11:42:24', '2026-02-05 11:42:24'),
(458, 24, 10, '', '2026-02-05 11:42:24', '2026-02-05 11:42:24'),
(459, 24, 11, '', '2026-02-05 11:42:24', '2026-02-05 11:42:24'),
(460, 24, 12, '', '2026-02-05 11:42:24', '2026-02-05 11:42:24'),
(461, 24, 13, '', '2026-02-05 11:42:24', '2026-02-05 11:42:24'),
(462, 24, 14, '', '2026-02-05 11:42:24', '2026-02-05 11:42:24'),
(463, 24, 15, '', '2026-02-05 11:42:24', '2026-02-05 11:42:24'),
(464, 24, 16, '', '2026-02-05 11:42:24', '2026-02-05 11:42:24'),
(465, 24, 17, '', '2026-02-05 11:42:24', '2026-02-05 11:42:24'),
(466, 24, 18, '', '2026-02-05 11:42:24', '2026-02-05 11:42:24'),
(467, 24, 19, '', '2026-02-05 11:42:24', '2026-02-05 11:42:24'),
(468, 24, 20, '', '2026-02-05 11:42:24', '2026-02-05 11:42:24'),
(469, 24, 21, '', '2026-02-05 11:42:24', '2026-02-05 11:42:24'),
(470, 24, 22, '', '2026-02-05 11:42:24', '2026-02-05 11:42:24'),
(471, 24, 23, '', '2026-02-05 11:42:24', '2026-02-05 11:42:24'),
(472, 24, 24, '', '2026-02-05 11:42:24', '2026-02-05 11:42:24'),
(473, 25, 1, '', '2026-02-05 11:42:24', '2026-02-05 11:42:24'),
(474, 25, 2, '', '2026-02-05 11:42:24', '2026-02-05 11:42:24'),
(475, 25, 3, '', '2026-02-05 11:42:24', '2026-02-05 11:42:24'),
(476, 25, 4, '', '2026-02-05 11:42:24', '2026-02-05 11:42:24'),
(477, 25, 5, '', '2026-02-05 11:42:24', '2026-02-05 11:42:24'),
(478, 25, 6, '', '2026-02-05 11:42:24', '2026-02-05 11:42:24'),
(479, 25, 7, '', '2026-02-05 11:42:24', '2026-02-05 11:42:24'),
(480, 25, 8, '', '2026-02-05 11:42:24', '2026-02-05 11:42:24'),
(481, 25, 9, '', '2026-02-05 11:42:24', '2026-02-05 11:42:24'),
(482, 25, 10, '', '2026-02-05 11:42:24', '2026-02-05 11:42:24'),
(483, 25, 11, '', '2026-02-05 11:42:24', '2026-02-05 11:42:24'),
(484, 25, 12, '', '2026-02-05 11:42:24', '2026-02-05 11:42:24'),
(485, 25, 13, '', '2026-02-05 11:42:24', '2026-02-05 11:42:24'),
(486, 25, 14, '', '2026-02-05 11:42:24', '2026-02-05 11:42:24'),
(487, 25, 15, '', '2026-02-05 11:42:24', '2026-02-05 11:42:24'),
(488, 25, 16, '', '2026-02-05 11:42:24', '2026-02-05 11:42:24'),
(489, 25, 17, '', '2026-02-05 11:42:24', '2026-02-05 11:42:24'),
(490, 25, 18, '', '2026-02-05 11:42:24', '2026-02-05 11:42:24'),
(491, 25, 19, '', '2026-02-05 11:42:24', '2026-02-05 11:42:24'),
(492, 25, 20, '', '2026-02-05 11:42:24', '2026-02-05 11:42:24'),
(493, 25, 21, '', '2026-02-05 11:42:24', '2026-02-05 11:42:24'),
(494, 25, 22, '', '2026-02-05 11:42:24', '2026-02-05 11:42:24'),
(495, 25, 23, '', '2026-02-05 11:42:24', '2026-02-05 11:42:24'),
(496, 25, 24, '', '2026-02-05 11:42:24', '2026-02-05 11:42:24'),
(497, 26, 1, '', '2026-02-05 11:42:40', '2026-02-05 11:42:40'),
(498, 26, 2, '', '2026-02-05 11:42:40', '2026-02-05 11:42:40'),
(499, 26, 3, '', '2026-02-05 11:42:40', '2026-02-05 11:42:40'),
(500, 26, 4, '', '2026-02-05 11:42:40', '2026-02-05 11:42:40'),
(501, 26, 5, '', '2026-02-05 11:42:40', '2026-02-05 11:42:40'),
(502, 26, 6, '', '2026-02-05 11:42:40', '2026-02-05 11:42:40'),
(503, 26, 7, '', '2026-02-05 11:42:40', '2026-02-05 11:42:40'),
(504, 26, 8, '', '2026-02-05 11:42:40', '2026-02-05 11:42:40'),
(505, 26, 9, '', '2026-02-05 11:42:40', '2026-02-05 11:42:40'),
(506, 26, 10, '', '2026-02-05 11:42:40', '2026-02-05 11:42:40'),
(507, 26, 11, '', '2026-02-05 11:42:40', '2026-02-05 11:42:40'),
(508, 26, 12, '', '2026-02-05 11:42:40', '2026-02-05 11:42:40'),
(509, 26, 13, '', '2026-02-05 11:42:40', '2026-02-05 11:42:40'),
(510, 26, 14, '', '2026-02-05 11:42:40', '2026-02-05 11:42:40'),
(511, 26, 15, '', '2026-02-05 11:42:40', '2026-02-05 11:42:40'),
(512, 26, 16, '', '2026-02-05 11:42:40', '2026-02-05 11:42:40'),
(513, 26, 17, '', '2026-02-05 11:42:40', '2026-02-05 11:42:40'),
(514, 26, 18, '', '2026-02-05 11:42:40', '2026-02-05 11:42:40'),
(515, 26, 19, '', '2026-02-05 11:42:40', '2026-02-05 11:42:40'),
(516, 26, 20, '', '2026-02-05 11:42:40', '2026-02-05 11:42:40'),
(517, 26, 21, '', '2026-02-05 11:42:40', '2026-02-05 11:42:40'),
(518, 26, 22, '', '2026-02-05 11:42:40', '2026-02-05 11:42:40'),
(519, 26, 23, '', '2026-02-05 11:42:40', '2026-02-05 11:42:40'),
(520, 26, 24, '', '2026-02-05 11:42:40', '2026-02-05 11:42:40'),
(521, 27, 1, '', '2026-02-05 11:45:47', '2026-02-05 11:45:47'),
(522, 27, 2, '', '2026-02-05 11:45:47', '2026-02-05 11:45:47'),
(523, 27, 3, '', '2026-02-05 11:45:47', '2026-02-05 11:45:47'),
(524, 27, 4, '', '2026-02-05 11:45:47', '2026-02-05 11:45:47'),
(525, 27, 5, '', '2026-02-05 11:45:47', '2026-02-05 11:45:47'),
(526, 27, 6, '', '2026-02-05 11:45:47', '2026-02-05 11:45:47'),
(527, 27, 7, '', '2026-02-05 11:45:47', '2026-02-05 11:45:47'),
(528, 27, 8, '', '2026-02-05 11:45:47', '2026-02-05 11:45:47'),
(529, 27, 9, '', '2026-02-05 11:45:47', '2026-02-05 11:45:47'),
(530, 27, 10, '', '2026-02-05 11:45:47', '2026-02-05 11:45:47'),
(531, 27, 11, '', '2026-02-05 11:45:47', '2026-02-05 11:45:47'),
(532, 27, 12, '', '2026-02-05 11:45:47', '2026-02-05 11:45:47'),
(533, 27, 13, '', '2026-02-05 11:45:47', '2026-02-05 11:45:47'),
(534, 27, 14, '', '2026-02-05 11:45:47', '2026-02-05 11:45:47'),
(535, 27, 15, '', '2026-02-05 11:45:47', '2026-02-05 11:45:47'),
(536, 27, 16, '', '2026-02-05 11:45:47', '2026-02-05 11:45:47'),
(537, 27, 17, '', '2026-02-05 11:45:47', '2026-02-05 11:45:47'),
(538, 27, 18, '', '2026-02-05 11:45:47', '2026-02-05 11:45:47'),
(539, 27, 19, '', '2026-02-05 11:45:47', '2026-02-05 11:45:47'),
(540, 27, 20, '', '2026-02-05 11:45:47', '2026-02-05 11:45:47'),
(541, 27, 21, '', '2026-02-05 11:45:47', '2026-02-05 11:45:47'),
(542, 27, 22, '', '2026-02-05 11:45:47', '2026-02-05 11:45:47'),
(543, 27, 23, '', '2026-02-05 11:45:47', '2026-02-05 11:45:47'),
(544, 27, 24, '', '2026-02-05 11:45:47', '2026-02-05 11:45:47'),
(545, 28, 1, '', '2026-02-05 11:47:15', '2026-02-05 11:47:15'),
(546, 28, 2, '', '2026-02-05 11:47:15', '2026-02-05 11:47:15'),
(547, 28, 3, '', '2026-02-05 11:47:15', '2026-02-05 11:47:15'),
(548, 28, 4, '', '2026-02-05 11:47:15', '2026-02-05 11:47:15'),
(549, 28, 5, '', '2026-02-05 11:47:15', '2026-02-05 11:47:15'),
(550, 28, 6, '', '2026-02-05 11:47:15', '2026-02-05 11:47:15'),
(551, 28, 7, '', '2026-02-05 11:47:15', '2026-02-05 11:47:15'),
(552, 28, 8, '', '2026-02-05 11:47:15', '2026-02-05 11:47:15'),
(553, 28, 9, '', '2026-02-05 11:47:15', '2026-02-05 11:47:15'),
(554, 28, 10, '', '2026-02-05 11:47:15', '2026-02-05 11:47:15'),
(555, 28, 11, '', '2026-02-05 11:47:15', '2026-02-05 11:47:15'),
(556, 28, 12, '', '2026-02-05 11:47:15', '2026-02-05 11:47:15'),
(557, 28, 13, '', '2026-02-05 11:47:15', '2026-02-05 11:47:15'),
(558, 28, 14, '', '2026-02-05 11:47:15', '2026-02-05 11:47:15'),
(559, 28, 15, '', '2026-02-05 11:47:15', '2026-02-05 11:47:15'),
(560, 28, 16, '', '2026-02-05 11:47:15', '2026-02-05 11:47:15'),
(561, 28, 17, '', '2026-02-05 11:47:15', '2026-02-05 11:47:15'),
(562, 28, 18, '', '2026-02-05 11:47:15', '2026-02-05 11:47:15'),
(563, 28, 19, '', '2026-02-05 11:47:15', '2026-02-05 11:47:15'),
(564, 28, 20, '', '2026-02-05 11:47:15', '2026-02-05 11:47:15'),
(565, 28, 21, '', '2026-02-05 11:47:15', '2026-02-05 11:47:15'),
(566, 28, 22, '', '2026-02-05 11:47:15', '2026-02-05 11:47:15'),
(567, 28, 23, '', '2026-02-05 11:47:16', '2026-02-05 11:47:16'),
(568, 28, 24, '', '2026-02-05 11:47:16', '2026-02-05 11:47:16'),
(569, 29, 1, '', '2026-02-05 11:47:16', '2026-02-05 11:47:16'),
(570, 29, 2, '', '2026-02-05 11:47:16', '2026-02-05 11:47:16'),
(571, 29, 3, '', '2026-02-05 11:47:16', '2026-02-05 11:47:16'),
(572, 29, 4, '', '2026-02-05 11:47:16', '2026-02-05 11:47:16'),
(573, 29, 5, '', '2026-02-05 11:47:16', '2026-02-05 11:47:16'),
(574, 29, 6, '', '2026-02-05 11:47:16', '2026-02-05 11:47:16'),
(575, 29, 7, '', '2026-02-05 11:47:16', '2026-02-05 11:47:16'),
(576, 29, 8, '', '2026-02-05 11:47:16', '2026-02-05 11:47:16'),
(577, 29, 9, '', '2026-02-05 11:47:16', '2026-02-05 11:47:16'),
(578, 29, 10, '', '2026-02-05 11:47:16', '2026-02-05 11:47:16'),
(579, 29, 11, '', '2026-02-05 11:47:16', '2026-02-05 11:47:16'),
(580, 29, 12, '', '2026-02-05 11:47:16', '2026-02-05 11:47:16'),
(581, 29, 13, '', '2026-02-05 11:47:16', '2026-02-05 11:47:16'),
(582, 29, 14, '', '2026-02-05 11:47:16', '2026-02-05 11:47:16'),
(583, 29, 15, '', '2026-02-05 11:47:16', '2026-02-05 11:47:16'),
(584, 29, 16, '', '2026-02-05 11:47:16', '2026-02-05 11:47:16'),
(585, 29, 17, '', '2026-02-05 11:47:16', '2026-02-05 11:47:16'),
(586, 29, 18, '', '2026-02-05 11:47:16', '2026-02-05 11:47:16'),
(587, 29, 19, '', '2026-02-05 11:47:16', '2026-02-05 11:47:16'),
(588, 29, 20, '', '2026-02-05 11:47:16', '2026-02-05 11:47:16'),
(589, 29, 21, '', '2026-02-05 11:47:16', '2026-02-05 11:47:16'),
(590, 29, 22, '', '2026-02-05 11:47:16', '2026-02-05 11:47:16'),
(591, 29, 23, '', '2026-02-05 11:47:16', '2026-02-05 11:47:16'),
(592, 29, 24, '', '2026-02-05 11:47:16', '2026-02-05 11:47:16'),
(593, 30, 1, '', '2026-02-05 11:58:41', '2026-02-05 11:58:41'),
(594, 30, 2, '', '2026-02-05 11:58:41', '2026-02-05 11:58:41'),
(595, 30, 3, '', '2026-02-05 11:58:41', '2026-02-05 11:58:41'),
(596, 30, 4, '', '2026-02-05 11:58:41', '2026-02-05 11:58:41'),
(597, 30, 5, '', '2026-02-05 11:58:41', '2026-02-05 11:58:41'),
(598, 30, 6, '', '2026-02-05 11:58:41', '2026-02-05 11:58:41'),
(599, 30, 7, '', '2026-02-05 11:58:41', '2026-02-05 11:58:41'),
(600, 30, 8, '', '2026-02-05 11:58:41', '2026-02-05 11:58:41'),
(601, 30, 9, '', '2026-02-05 11:58:41', '2026-02-05 11:58:41'),
(602, 30, 10, '', '2026-02-05 11:58:41', '2026-02-05 11:58:41'),
(603, 30, 11, '', '2026-02-05 11:58:41', '2026-02-05 11:58:41'),
(604, 30, 12, '', '2026-02-05 11:58:41', '2026-02-05 11:58:41'),
(605, 30, 13, '', '2026-02-05 11:58:41', '2026-02-05 11:58:41'),
(606, 30, 14, '', '2026-02-05 11:58:41', '2026-02-05 11:58:41'),
(607, 30, 15, '', '2026-02-05 11:58:41', '2026-02-05 11:58:41'),
(608, 30, 16, '', '2026-02-05 11:58:41', '2026-02-05 11:58:41'),
(609, 30, 17, '', '2026-02-05 11:58:41', '2026-02-05 11:58:41'),
(610, 30, 18, '', '2026-02-05 11:58:41', '2026-02-05 11:58:41'),
(611, 30, 19, '', '2026-02-05 11:58:41', '2026-02-05 11:58:41'),
(612, 30, 20, '', '2026-02-05 11:58:41', '2026-02-05 11:58:41'),
(613, 30, 21, '', '2026-02-05 11:58:41', '2026-02-05 11:58:41'),
(614, 30, 22, '', '2026-02-05 11:58:41', '2026-02-05 11:58:41'),
(615, 30, 23, '', '2026-02-05 11:58:41', '2026-02-05 11:58:41'),
(616, 30, 24, '', '2026-02-05 11:58:41', '2026-02-05 11:58:41'),
(617, 31, 1, '', '2026-02-05 11:59:17', '2026-02-05 11:59:17'),
(618, 31, 2, '', '2026-02-05 11:59:17', '2026-02-05 11:59:17'),
(619, 31, 3, '', '2026-02-05 11:59:17', '2026-02-05 11:59:17'),
(620, 31, 4, '', '2026-02-05 11:59:17', '2026-02-05 11:59:17'),
(621, 31, 5, '', '2026-02-05 11:59:17', '2026-02-05 11:59:17'),
(622, 31, 6, '', '2026-02-05 11:59:17', '2026-02-05 11:59:17'),
(623, 31, 7, '', '2026-02-05 11:59:17', '2026-02-05 11:59:17'),
(624, 31, 8, '', '2026-02-05 11:59:17', '2026-02-05 11:59:17'),
(625, 31, 9, '', '2026-02-05 11:59:17', '2026-02-05 11:59:17'),
(626, 31, 10, '', '2026-02-05 11:59:17', '2026-02-05 11:59:17'),
(627, 31, 11, '', '2026-02-05 11:59:17', '2026-02-05 11:59:17'),
(628, 31, 12, '', '2026-02-05 11:59:17', '2026-02-05 11:59:17'),
(629, 31, 13, '', '2026-02-05 11:59:17', '2026-02-05 11:59:17'),
(630, 31, 14, '', '2026-02-05 11:59:17', '2026-02-05 11:59:17'),
(631, 31, 15, '', '2026-02-05 11:59:17', '2026-02-05 11:59:17'),
(632, 31, 16, '', '2026-02-05 11:59:17', '2026-02-05 11:59:17'),
(633, 31, 17, '', '2026-02-05 11:59:17', '2026-02-05 11:59:17'),
(634, 31, 18, '', '2026-02-05 11:59:17', '2026-02-05 11:59:17'),
(635, 31, 19, '', '2026-02-05 11:59:17', '2026-02-05 11:59:17'),
(636, 31, 20, '', '2026-02-05 11:59:17', '2026-02-05 11:59:17'),
(637, 31, 21, '', '2026-02-05 11:59:17', '2026-02-05 11:59:17'),
(638, 31, 22, '', '2026-02-05 11:59:17', '2026-02-05 11:59:17'),
(639, 31, 23, '', '2026-02-05 11:59:17', '2026-02-05 11:59:17'),
(640, 31, 24, '', '2026-02-05 11:59:17', '2026-02-05 11:59:17');

--
-- Indexes for dumped tables
--

--
-- Indexes for table `admins`
--
ALTER TABLE `admins`
  ADD PRIMARY KEY (`id`);

--
-- Indexes for table `arrangements`
--
ALTER TABLE `arrangements`
  ADD PRIMARY KEY (`id`),
  ADD KEY `event_id` (`event_id`),
  ADD KEY `team_id` (`team_id`);

--
-- Indexes for table `categories`
--
ALTER TABLE `categories`
  ADD PRIMARY KEY (`id`),
  ADD KEY `competition_id` (`competition_id`);

--
-- Indexes for table `competitions`
--
ALTER TABLE `competitions`
  ADD PRIMARY KEY (`id`);

--
-- Indexes for table `criteria`
--
ALTER TABLE `criteria`
  ADD PRIMARY KEY (`id`),
  ADD KEY `event_id` (`event_id`);

--
-- Indexes for table `deductions`
--
ALTER TABLE `deductions`
  ADD PRIMARY KEY (`id`),
  ADD KEY `judge_id` (`technical_id`),
  ADD KEY `team_id` (`team_id`),
  ADD KEY `event_id` (`event_id`);

--
-- Indexes for table `eliminations`
--
ALTER TABLE `eliminations`
  ADD PRIMARY KEY (`id`),
  ADD KEY `event_id` (`event_id`),
  ADD KEY `team_id` (`team_id`);

--
-- Indexes for table `events`
--
ALTER TABLE `events`
  ADD PRIMARY KEY (`id`),
  ADD KEY `area_id` (`category_id`);

--
-- Indexes for table `judges`
--
ALTER TABLE `judges`
  ADD PRIMARY KEY (`id`);

--
-- Indexes for table `judge_event`
--
ALTER TABLE `judge_event`
  ADD PRIMARY KEY (`id`),
  ADD KEY `judge_id` (`judge_id`),
  ADD KEY `event_id` (`event_id`),
  ADD KEY `active_team_id` (`active_team_id`);

--
-- Indexes for table `noshows`
--
ALTER TABLE `noshows`
  ADD PRIMARY KEY (`id`),
  ADD KEY `event_id` (`event_id`),
  ADD KEY `team_id` (`team_id`);

--
-- Indexes for table `participants`
--
ALTER TABLE `participants`
  ADD PRIMARY KEY (`id`),
  ADD KEY `team_id` (`team_id`),
  ADD KEY `event_id` (`event_id`);

--
-- Indexes for table `points`
--
ALTER TABLE `points`
  ADD PRIMARY KEY (`id`),
  ADD KEY `event_id` (`event_id`);

--
-- Indexes for table `ratings`
--
ALTER TABLE `ratings`
  ADD PRIMARY KEY (`id`),
  ADD KEY `judge_id` (`judge_id`),
  ADD KEY `team_id` (`team_id`),
  ADD KEY `criteria_id` (`criteria_id`);

--
-- Indexes for table `teams`
--
ALTER TABLE `teams`
  ADD PRIMARY KEY (`id`);

--
-- Indexes for table `technicals`
--
ALTER TABLE `technicals`
  ADD PRIMARY KEY (`id`);

--
-- Indexes for table `technical_event`
--
ALTER TABLE `technical_event`
  ADD PRIMARY KEY (`id`),
  ADD KEY `judge_id` (`technical_id`),
  ADD KEY `event_id` (`event_id`),
  ADD KEY `active_team_id` (`active_team_id`);

--
-- Indexes for table `titles`
--
ALTER TABLE `titles`
  ADD PRIMARY KEY (`id`),
  ADD KEY `event_id` (`event_id`);

--
-- AUTO_INCREMENT for dumped tables
--

--
-- AUTO_INCREMENT for table `admins`
--
ALTER TABLE `admins`
  MODIFY `id` tinyint(3) UNSIGNED NOT NULL AUTO_INCREMENT, AUTO_INCREMENT=2;

--
-- AUTO_INCREMENT for table `arrangements`
--
ALTER TABLE `arrangements`
  MODIFY `id` smallint(5) UNSIGNED NOT NULL AUTO_INCREMENT;

--
-- AUTO_INCREMENT for table `categories`
--
ALTER TABLE `categories`
  MODIFY `id` tinyint(3) UNSIGNED NOT NULL AUTO_INCREMENT, AUTO_INCREMENT=3;

--
-- AUTO_INCREMENT for table `competitions`
--
ALTER TABLE `competitions`
  MODIFY `id` tinyint(3) UNSIGNED NOT NULL AUTO_INCREMENT, AUTO_INCREMENT=2;

--
-- AUTO_INCREMENT for table `criteria`
--
ALTER TABLE `criteria`
  MODIFY `id` smallint(5) UNSIGNED NOT NULL AUTO_INCREMENT, AUTO_INCREMENT=87;

--
-- AUTO_INCREMENT for table `deductions`
--
ALTER TABLE `deductions`
  MODIFY `id` mediumint(8) UNSIGNED NOT NULL AUTO_INCREMENT;

--
-- AUTO_INCREMENT for table `eliminations`
--
ALTER TABLE `eliminations`
  MODIFY `id` mediumint(9) NOT NULL AUTO_INCREMENT, AUTO_INCREMENT=357;

--
-- AUTO_INCREMENT for table `events`
--
ALTER TABLE `events`
  MODIFY `id` smallint(5) UNSIGNED NOT NULL AUTO_INCREMENT, AUTO_INCREMENT=32;

--
-- AUTO_INCREMENT for table `judges`
--
ALTER TABLE `judges`
  MODIFY `id` tinyint(3) UNSIGNED NOT NULL AUTO_INCREMENT, AUTO_INCREMENT=13;

--
-- AUTO_INCREMENT for table `judge_event`
--
ALTER TABLE `judge_event`
  MODIFY `id` tinyint(3) UNSIGNED NOT NULL AUTO_INCREMENT, AUTO_INCREMENT=104;

--
-- AUTO_INCREMENT for table `noshows`
--
ALTER TABLE `noshows`
  MODIFY `id` smallint(5) UNSIGNED NOT NULL AUTO_INCREMENT;

--
-- AUTO_INCREMENT for table `participants`
--
ALTER TABLE `participants`
  MODIFY `id` smallint(5) UNSIGNED NOT NULL AUTO_INCREMENT;

--
-- AUTO_INCREMENT for table `points`
--
ALTER TABLE `points`
  MODIFY `id` smallint(5) UNSIGNED NOT NULL AUTO_INCREMENT;

--
-- AUTO_INCREMENT for table `ratings`
--
ALTER TABLE `ratings`
  MODIFY `id` mediumint(8) UNSIGNED NOT NULL AUTO_INCREMENT, AUTO_INCREMENT=4225;

--
-- AUTO_INCREMENT for table `teams`
--
ALTER TABLE `teams`
  MODIFY `id` tinyint(3) UNSIGNED NOT NULL AUTO_INCREMENT, AUTO_INCREMENT=60;

--
-- AUTO_INCREMENT for table `technicals`
--
ALTER TABLE `technicals`
  MODIFY `id` tinyint(3) UNSIGNED NOT NULL AUTO_INCREMENT, AUTO_INCREMENT=2;

--
-- AUTO_INCREMENT for table `technical_event`
--
ALTER TABLE `technical_event`
  MODIFY `id` tinyint(3) UNSIGNED NOT NULL AUTO_INCREMENT;

--
-- AUTO_INCREMENT for table `titles`
--
ALTER TABLE `titles`
  MODIFY `id` smallint(5) UNSIGNED NOT NULL AUTO_INCREMENT, AUTO_INCREMENT=641;

--
-- Constraints for dumped tables
--

--
-- Constraints for table `arrangements`
--
ALTER TABLE `arrangements`
  ADD CONSTRAINT `arrangements_ibfk_1` FOREIGN KEY (`team_id`) REFERENCES `teams` (`id`) ON DELETE CASCADE ON UPDATE CASCADE,
  ADD CONSTRAINT `arrangements_ibfk_2` FOREIGN KEY (`event_id`) REFERENCES `events` (`id`) ON DELETE CASCADE ON UPDATE CASCADE;

--
-- Constraints for table `categories`
--
ALTER TABLE `categories`
  ADD CONSTRAINT `categories_ibfk_1` FOREIGN KEY (`competition_id`) REFERENCES `competitions` (`id`) ON UPDATE CASCADE;

--
-- Constraints for table `criteria`
--
ALTER TABLE `criteria`
  ADD CONSTRAINT `criteria_ibfk_1` FOREIGN KEY (`event_id`) REFERENCES `events` (`id`) ON UPDATE CASCADE;

--
-- Constraints for table `deductions`
--
ALTER TABLE `deductions`
  ADD CONSTRAINT `deductions_ibfk_1` FOREIGN KEY (`event_id`) REFERENCES `events` (`id`) ON DELETE CASCADE ON UPDATE CASCADE,
  ADD CONSTRAINT `deductions_ibfk_2` FOREIGN KEY (`team_id`) REFERENCES `teams` (`id`) ON DELETE CASCADE ON UPDATE CASCADE,
  ADD CONSTRAINT `deductions_ibfk_3` FOREIGN KEY (`technical_id`) REFERENCES `technicals` (`id`) ON DELETE CASCADE ON UPDATE CASCADE;

--
-- Constraints for table `eliminations`
--
ALTER TABLE `eliminations`
  ADD CONSTRAINT `eliminations_ibfk_1` FOREIGN KEY (`event_id`) REFERENCES `events` (`id`) ON DELETE CASCADE ON UPDATE CASCADE,
  ADD CONSTRAINT `eliminations_ibfk_2` FOREIGN KEY (`team_id`) REFERENCES `teams` (`id`) ON DELETE CASCADE ON UPDATE CASCADE;

--
-- Constraints for table `events`
--
ALTER TABLE `events`
  ADD CONSTRAINT `events_ibfk_1` FOREIGN KEY (`category_id`) REFERENCES `categories` (`id`) ON UPDATE CASCADE;

--
-- Constraints for table `judge_event`
--
ALTER TABLE `judge_event`
  ADD CONSTRAINT `judge_event_ibfk_1` FOREIGN KEY (`judge_id`) REFERENCES `judges` (`id`) ON DELETE CASCADE ON UPDATE CASCADE,
  ADD CONSTRAINT `judge_event_ibfk_2` FOREIGN KEY (`event_id`) REFERENCES `events` (`id`) ON DELETE CASCADE ON UPDATE CASCADE,
  ADD CONSTRAINT `judge_event_ibfk_3` FOREIGN KEY (`active_team_id`) REFERENCES `teams` (`id`) ON DELETE NO ACTION ON UPDATE CASCADE;

--
-- Constraints for table `noshows`
--
ALTER TABLE `noshows`
  ADD CONSTRAINT `noshows_ibfk_1` FOREIGN KEY (`event_id`) REFERENCES `events` (`id`) ON DELETE CASCADE ON UPDATE CASCADE,
  ADD CONSTRAINT `noshows_ibfk_2` FOREIGN KEY (`team_id`) REFERENCES `teams` (`id`) ON DELETE CASCADE ON UPDATE CASCADE;

--
-- Constraints for table `participants`
--
ALTER TABLE `participants`
  ADD CONSTRAINT `participants_ibfk_1` FOREIGN KEY (`team_id`) REFERENCES `teams` (`id`) ON DELETE CASCADE ON UPDATE CASCADE,
  ADD CONSTRAINT `participants_ibfk_2` FOREIGN KEY (`event_id`) REFERENCES `events` (`id`) ON DELETE CASCADE ON UPDATE CASCADE;

--
-- Constraints for table `points`
--
ALTER TABLE `points`
  ADD CONSTRAINT `points_ibfk_1` FOREIGN KEY (`event_id`) REFERENCES `events` (`id`) ON DELETE CASCADE ON UPDATE CASCADE;

--
-- Constraints for table `ratings`
--
ALTER TABLE `ratings`
  ADD CONSTRAINT `ratings_ibfk_1` FOREIGN KEY (`criteria_id`) REFERENCES `criteria` (`id`) ON DELETE CASCADE ON UPDATE CASCADE,
  ADD CONSTRAINT `ratings_ibfk_2` FOREIGN KEY (`team_id`) REFERENCES `teams` (`id`) ON DELETE CASCADE ON UPDATE CASCADE,
  ADD CONSTRAINT `ratings_ibfk_3` FOREIGN KEY (`judge_id`) REFERENCES `judges` (`id`) ON DELETE CASCADE ON UPDATE CASCADE;

--
-- Constraints for table `technical_event`
--
ALTER TABLE `technical_event`
  ADD CONSTRAINT `technical_event_ibfk_2` FOREIGN KEY (`technical_id`) REFERENCES `technicals` (`id`) ON DELETE CASCADE ON UPDATE CASCADE,
  ADD CONSTRAINT `technical_event_ibfk_3` FOREIGN KEY (`event_id`) REFERENCES `events` (`id`) ON DELETE CASCADE ON UPDATE CASCADE,
  ADD CONSTRAINT `technical_event_ibfk_4` FOREIGN KEY (`active_team_id`) REFERENCES `teams` (`id`) ON DELETE NO ACTION ON UPDATE CASCADE;

--
-- Constraints for table `titles`
--
ALTER TABLE `titles`
  ADD CONSTRAINT `titles_ibfk_1` FOREIGN KEY (`event_id`) REFERENCES `events` (`id`) ON DELETE CASCADE ON UPDATE CASCADE;
COMMIT;

/*!40101 SET CHARACTER_SET_CLIENT=@OLD_CHARACTER_SET_CLIENT */;
/*!40101 SET CHARACTER_SET_RESULTS=@OLD_CHARACTER_SET_RESULTS */;
/*!40101 SET COLLATION_CONNECTION=@OLD_COLLATION_CONNECTION */;
